station_id,day_of_week,hour,actual_bikes
1,0,0,10.76923076923077
1,0,1,10.76923076923077
1,0,2,10.76923076923077
1,0,3,10.76923076923077
1,0,4,10.564407814407815
1,0,5,12.803113553113555
1,0,6,15.461754911754912
1,0,7,18.16479353979354
1,0,8,21.15326617826618
1,0,9,23.56941391941392
1,0,10,24.292857142857144
1,0,11,24.16941391941392
1,0,12,21.594078144078143
1,0,13,17.531213231213233
1,0,14,16.45
1,0,15,14.765201465201464
1,0,16,12.357034632034631
1,0,17,10.052508602508603
1,0,18,9.048351648351648
1,0,19,8.12087912087912
1,0,20,7.708333333333334
1,0,21,6.960470085470086
1,0,22,6.395604395604395
1,0,23,6.384615384615385
1,1,0,6.384615384615385
1,1,1,6.384615384615385
1,1,2,6.384615384615385
1,1,3,6.384615384615385
1,1,4,6.203754578754579
1,1,5,8.492948717948718
1,1,6,11.6243894993895
1,1,7,14.302000777000776
1,1,8,22.436896436896436
1,1,9,25.454975579975578
1,1,10,23.191422466422466
1,1,11,20.4248445998446
1,1,12,14.909892884892885
1,1,13,13.284038184038184
1,1,14,11.716075591075592
1,1,15,11.313134088134088
1,1,16,8.890656565656565
1,1,17,4.931440781440783
1,1,18,4.093201243201244
1,1,19,4.066697191697192
1,1,20,3.4345238095238093
1,1,21,2.272283272283272
1,1,22,1.5402930402930404
1,1,23,1.3956043956043955
1,2,0,1.3846153846153846
1,2,1,1.3846153846153846
1,2,2,1.3846153846153846
1,2,3,1.3846153846153846
1,2,4,1.7507631257631258
1,2,5,6.369200244200244
1,2,6,9.85873015873016
1,2,7,13.598387723387724
1,2,8,19.146087246087248
1,2,9,20.069555444555444
1,2,10,20.010378510378512
1,2,11,19.476523476523475
1,2,12,17.43212898212898
1,2,13,15.421001221001221
1,2,14,12.460927960927961
1,2,15,8.545604395604396
1,2,16,6.570920745920746
1,2,17,4.977985902985903
1,2,18,4.3112637362637365
1,2,19,2.6245421245421245
1,2,20,1.9766483516483517
1,2,21,1.200091575091575
1,2,22,0.8888888888888888
1,2,23,0.6153846153846154
1,3,0,0.6153846153846154
1,3,1,0.6153846153846154
1,3,2,0.6666666666666666
1,3,3,0.6666666666666666
1,3,4,0.9305555555555555
1,3,5,4.730856180856181
1,3,6,9.581117724867726
1,3,7,11.258164983164983
1,3,8,14.64077380952381
1,3,9,17.11329365079365
1,3,10,16.44221611721612
1,3,11,17.989221889221888
1,3,12,16.28842823842824
1,3,13,15.238247863247864
1,3,14,12.094200244200245
1,3,15,9.603632478632479
1,3,16,10.32789432789433
1,3,17,10.457314907314908
1,3,18,9.806526806526806
1,3,19,7.059015984015984
1,3,20,4.8803946053946055
1,3,21,3.7155067155067156
1,3,22,2.2002442002442
1,3,23,1.7837301587301586
1,4,0,1.6923076923076923
1,4,1,1.6923076923076923
1,4,2,1.6923076923076923
1,4,3,1.6923076923076923
1,4,4,1.936813186813187
1,4,5,5.989713064713064
1,4,6,10.094505494505494
1,4,7,13.10467032967033
1,4,8,18.390689865689865
1,4,9,21.88739316239316
1,4,10,23.418290043290042
1,4,11,22.9998778998779
1,4,12,21.93226495726496
1,4,13,19.107264957264956
1,4,14,16.345726495726495
1,4,15,15.54574592074592
1,4,16,16.59040404040404
1,4,17,16.591045066045066
1,4,18,16.349048174048175
1,4,19,16.519627594627593
1,4,20,16.23046398046398
1,4,21,14.805522255522256
1,4,22,11.939529914529913
1,4,23,10.6256105006105
1,5,0,10.384615384615385
1,5,1,10.384615384615385
1,5,2,10.384615384615385
1,5,3,10.384615384615385
1,5,4,10.566391941391942
1,5,5,12.541514041514041
1,5,6,15.818956043956044
1,5,7,17.536477411477414
1,5,8,20.502228327228327
1,5,9,22.596367521367522
1,5,10,21.94419746919747
1,5,11,22.041172716172717
1,5,12,21.760914085914084
1,5,13,19.840129315129314
1,5,14,19.2212814962815
1,5,15,18.84801587301587
1,5,16,19.958100233100232
1,5,17,17.782944832944832
1,5,18,16.084881784881784
1,5,19,15.78434065934066
1,5,20,17.133394383394382
1,5,21,17.919871794871796
1,5,22,16.246031746031747
1,5,23,14.763583638583638
1,6,0,14.692307692307692
1,6,1,14.692307692307692
1,6,2,14.692307692307692
1,6,3,14.692307692307692
1,6,4,14.75091575091575
1,6,5,15.821886446886445
1,6,6,18.534432234432234
1,6,7,20.577991452991455
1,6,8,22.41880341880342
1,6,9,24.46657509157509
1,6,10,25.045895770895772
1,6,11,25.00304417804418
1,6,12,24.50716228216228
1,6,13,22.392343767343768
1,6,14,22.40970140970141
1,6,15,21.254659229659232
1,6,16,20.119749694749697
1,6,17,18.743678543678545
1,6,18,16.838369963369964
1,6,19,16.271978021978022
1,6,20,15.781135531135531
1,6,21,13.746184371184372
1,6,22,12.396825396825395
1,6,23,10.961630036630037
10,0,0,12.307692307692308
10,0,1,12.307692307692308
10,0,2,12.307692307692308
10,0,3,12.307692307692308
10,0,4,12.57051282051282
10,0,5,11.527014652014653
10,0,6,11.733699633699633
10,0,7,12.716575091575093
10,0,8,13.932967032967033
10,0,9,13.803540903540902
10,0,10,12.483391608391608
10,0,11,11.946764346764347
10,0,12,12.911477411477412
10,0,13,12.007753357753359
10,0,14,12.967551892551892
10,0,15,13.55103785103785
10,0,16,11.475444000444002
10,0,17,12.742535242535242
10,0,18,13.34447496947497
10,0,19,13.367673992673993
10,0,20,13.094993894993895
10,0,21,12.538308913308914
10,0,22,11.329365079365079
10,0,23,10.296978021978022
10,1,0,10.307692307692308
10,1,1,10.307692307692308
10,1,2,10.307692307692308
10,1,3,10.307692307692308
10,1,4,10.812728937728936
10,1,5,11.569139194139193
10,1,6,11.457692307692307
10,1,7,10.213425463425464
10,1,8,11.168803418803419
10,1,9,11.255189255189256
10,1,10,11.510592185592184
10,1,11,11.038511488511489
10,1,12,10.839377289377289
10,1,13,11.178785103785104
10,1,14,10.405860805860804
10,1,15,9.031460206460206
10,1,16,5.6211205461205465
10,1,17,7.395004995004995
10,1,18,9.462315462315463
10,1,19,9.940903540903541
10,1,20,8.687576312576313
10,1,21,7.372419247419247
10,1,22,5.64514652014652
10,1,23,4.925824175824175
10,2,0,5.0
10,2,1,5.0
10,2,2,5.0
10,2,3,5.0
10,2,4,5.541666666666666
10,2,5,5.892246642246642
10,2,6,6.308150183150183
10,2,7,7.635034410034409
10,2,8,10.273504273504273
10,2,9,12.141514041514041
10,2,10,11.927991452991453
10,2,11,11.253091353091353
10,2,12,12.107029082029081
10,2,13,11.772435897435896
10,2,14,10.426282051282051
10,2,15,9.527333777333778
10,2,16,8.969250194250195
10,2,17,10.477466977466976
10,2,18,11.855128205128207
10,2,19,12.392338217338217
10,2,20,12.461538461538462
10,2,21,11.23489010989011
10,2,22,9.408760683760683
10,2,23,7.720695970695971
10,3,0,7.615384615384615
10,3,1,7.615384615384615
10,3,2,8.375
10,3,3,8.5
10,3,4,8.85218253968254
10,3,5,8.47800925925926
10,3,6,8.832175925925926
10,3,7,8.325462962962963
10,3,8,10.206914381914382
10,3,9,9.433394383394383
10,3,10,8.862240537240536
10,3,11,8.676587301587302
10,3,12,8.510286935286935
10,3,13,8.510286935286935
10,3,14,9.681987456987457
10,3,15,9.412301587301588
10,3,16,9.408780108780109
10,3,17,10.62841047841048
10,3,18,12.558316683316683
10,3,19,13.015123765123764
10,3,20,12.49541292041292
10,3,21,11.976800976800977
10,3,22,9.685897435897436
10,3,23,7.9004884004884
10,4,0,7.923076923076923
10,4,1,7.923076923076923
10,4,2,7.923076923076923
10,4,3,7.923076923076923
10,4,4,8.158424908424909
10,4,5,7.628205128205129
10,4,6,6.9984737484737485
10,4,7,5.5307054057054055
10,4,8,7.888361638361639
10,4,9,11.171092796092797
10,4,10,12.543956043956046
10,4,11,12.118376068376069
10,4,12,11.68482905982906
10,4,13,11.573631923631924
10,4,14,11.94072594072594
10,4,15,12.394327894327894
10,4,16,13.422749472749473
10,4,17,14.421092796092797
10,4,18,14.596184371184371
10,4,19,14.761877011877012
10,4,20,14.911782661782663
10,4,21,14.198931623931625
10,4,22,13.689491064491063
10,4,23,12.555860805860807
10,5,0,12.461538461538462
10,5,1,12.461538461538462
10,5,2,12.461538461538462
10,5,3,12.461538461538462
10,5,4,12.534798534798536
10,5,5,13.076923076923077
10,5,6,13.156288156288156
10,5,7,13.29945054945055
10,5,8,12.574175824175825
10,5,9,12.87057387057387
10,5,10,13.24847374847375
10,5,11,13.452655677655677
10,5,12,13.531410256410256
10,5,13,13.87652625152625
10,5,14,14.397435897435896
10,5,15,14.480311355311356
10,5,16,14.208638583638585
10,5,17,14.921794871794873
10,5,18,15.143009768009769
10,5,19,15.307997557997558
10,5,20,15.321886446886445
10,5,21,14.982936507936508
10,5,22,14.3240231990232
10,5,23,13.205860805860805
10,6,0,13.0
10,6,1,13.0
10,6,2,13.0
10,6,3,13.0
10,6,4,13.093406593406595
10,6,5,13.52930402930403
10,6,6,13.692612942612943
10,6,7,14.107142857142858
10,6,8,14.663003663003662
10,6,9,15.42445054945055
10,6,10,15.205433455433454
10,6,11,15.069688644688645
10,6,12,14.680097680097681
10,6,13,14.661172161172162
10,6,14,14.5740231990232
10,6,15,15.143192918192918
10,6,16,14.326159951159951
10,6,17,14.187484737484738
10,6,18,14.533455433455433
10,6,19,15.145909645909645
10,6,20,14.735500610500612
10,6,21,14.000152625152625
10,6,22,13.110042735042734
10,6,23,12.332417582417584
100,0,0,11.846153846153847
100,0,1,11.846153846153847
100,0,2,11.846153846153847
100,0,3,11.846153846153847
100,0,4,12.240384615384615
100,0,5,16.032722832722833
100,0,6,12.202874902874903
100,0,7,8.450069375069374
100,0,8,8.543437118437119
100,0,9,6.08519536019536
100,0,10,5.956715506715507
100,0,11,7.476470751470751
100,0,12,8.317582417582418
100,0,13,9.338034188034188
100,0,14,12.893928293928294
100,0,15,18.163869463869464
100,0,16,21.083333333333332
100,0,17,21.06210456210456
100,0,18,20.712179487179487
100,0,19,20.425152625152627
100,0,20,19.29532967032967
100,0,21,19.20283882783883
100,0,22,18.68360805860806
100,0,23,18.384615384615383
100,1,0,18.384615384615383
100,1,1,18.384615384615383
100,1,2,18.384615384615383
100,1,3,18.384615384615383
100,1,4,18.732142857142858
100,1,5,17.070054945054945
100,1,6,10.42130092130092
100,1,7,3.0879176379176383
100,1,8,3.6345321345321344
100,1,9,3.3707264957264957
100,1,10,1.945360195360195
100,1,11,2.9610195360195357
100,1,12,4.467124542124542
100,1,13,6.948576423576423
100,1,14,15.272999222999223
100,1,15,20.86346153846154
100,1,16,24.72020757020757
100,1,17,23.71166056166056
100,1,18,23.631105006105006
100,1,19,24.294261294261293
100,1,20,24.43223443223443
100,1,21,23.625
100,1,22,23.451923076923077
100,1,23,23.38186813186813
100,2,0,23.46153846153846
100,2,1,23.46153846153846
100,2,2,23.46153846153846
100,2,3,23.46153846153846
100,2,4,23.62912087912088
100,2,5,19.614163614163616
100,2,6,10.455749805749806
100,2,7,4.432808857808857
100,2,8,3.5266067266067265
100,2,9,3.8465506715506717
100,2,10,3.781288156288156
100,2,11,4.8616855366855365
100,2,12,6.661413586413587
100,2,13,9.496844821844821
100,2,14,15.79590132090132
100,2,15,20.79207459207459
100,2,16,23.567279942279942
100,2,17,24.404029304029304
100,2,18,24.666208791208792
100,2,19,24.57051282051282
100,2,20,24.01694139194139
100,2,21,24.170787545787544
100,2,22,24.016483516483518
100,2,23,24.153846153846153
100,3,0,24.153846153846153
100,3,1,24.153846153846153
100,3,2,24.083333333333332
100,3,3,24.083333333333332
100,3,4,24.166666666666668
100,3,5,21.322585978835978
100,3,6,12.77544191919192
100,3,7,3.742361111111111
100,3,8,4.970496632996633
100,3,9,3.813034188034188
100,3,10,3.358730158730159
100,3,11,5.234157509157509
100,3,12,6.637945387945388
100,3,13,7.78452380952381
100,3,14,13.118570318570317
100,3,15,19.63119658119658
100,3,16,23.705361305361308
100,3,17,23.958236208236208
100,3,18,23.228021978021978
100,3,19,23.851739926739928
100,3,20,24.05485347985348
100,3,21,24.041208791208792
100,3,22,24.284035409035408
100,3,23,23.692307692307693
100,4,0,23.692307692307693
100,4,1,23.692307692307693
100,4,2,23.692307692307693
100,4,3,23.692307692307693
100,4,4,23.92445054945055
100,4,5,21.31394993894994
100,4,6,13.585178710178711
100,4,7,3.144949494949495
100,4,8,2.757062382062382
100,4,9,3.202472527472527
100,4,10,3.4285714285714284
100,4,11,7.45570818070818
100,4,12,14.93455155955156
100,4,13,18.510164835164836
100,4,14,17.241064491064492
100,4,15,17.679390054390055
100,4,16,22.459770784770782
100,4,17,23.76953601953602
100,4,18,23.92784992784993
100,4,19,23.739926739926737
100,4,20,23.67979242979243
100,4,21,23.303113553113555
100,4,22,23.28800366300366
100,4,23,23.45054945054945
100,5,0,23.46153846153846
100,5,1,23.46153846153846
100,5,2,23.46153846153846
100,5,3,23.46153846153846
100,5,4,23.487637362637365
100,5,5,23.852564102564102
100,5,6,24.30860805860806
100,5,7,23.29514652014652
100,5,8,21.911843711843712
100,5,9,22.3022089022089
100,5,10,22.223168498168498
100,5,11,22.280830280830283
100,5,12,22.276221001221
100,5,13,21.909548784548786
100,5,14,21.187878787878788
100,5,15,20.608485958485957
100,5,16,20.505494505494504
100,5,17,20.95412087912088
100,5,18,21.309218559218557
100,5,19,21.829456654456653
100,5,20,21.66376678876679
100,5,21,21.304945054945055
100,5,22,20.85958485958486
100,5,23,20.64423076923077
100,6,0,20.76923076923077
100,6,1,20.76923076923077
100,6,2,20.76923076923077
100,6,3,20.76923076923077
100,6,4,20.76923076923077
100,6,5,20.842032967032967
100,6,6,21.2239010989011
100,6,7,22.095238095238095
100,6,8,22.76694139194139
100,6,9,23.013278388278387
100,6,10,21.69004884004884
100,6,11,20.70042735042735
100,6,12,20.613075813075813
100,6,13,20.24847374847375
100,6,14,20.27869352869353
100,6,15,19.51170496170496
100,6,16,19.088675213675213
100,6,17,19.032234432234432
100,6,18,18.33921078921079
100,6,19,16.888461538461538
100,6,20,13.648351648351648
100,6,21,12.449175824175825
100,6,22,11.914835164835164
100,6,23,11.829670329670328
101,0,0,14.153846153846153
101,0,1,14.153846153846153
101,0,2,14.3003663003663
101,0,3,14.384615384615385
101,0,4,14.146825396825395
101,0,5,13.142429792429793
101,0,6,10.794760794760794
101,0,7,7.698931623931624
101,0,8,5.137973137973138
101,0,9,4.095695970695971
101,0,10,3.99496336996337
101,0,11,4.413614163614164
101,0,12,4.730616605616605
101,0,13,5.027014652014652
101,0,14,4.751221001221001
101,0,15,5.198107448107448
101,0,16,5.667002442002442
101,0,17,6.308455433455434
101,0,18,7.410839160839161
101,0,19,8.716575091575091
101,0,20,8.918956043956044
101,0,21,9.597985347985349
101,0,22,10.970390720390721
101,0,23,11.62087912087912
101,1,0,11.692307692307692
101,1,1,11.692307692307692
101,1,2,11.692307692307692
101,1,3,11.692307692307692
101,1,4,11.137210012210012
101,1,5,10.142307692307693
101,1,6,8.269108669108668
101,1,7,5.262129537129537
101,1,8,3.4880674880674882
101,1,9,2.1533882783882783
101,1,10,2.163919413919414
101,1,11,2.1304945054945055
101,1,12,2.6284188034188034
101,1,13,4.133852258852259
101,1,14,4.202075702075702
101,1,15,4.584310134310134
101,1,16,6.2768759018759015
101,1,17,7.602436452436452
101,1,18,6.791652791652792
101,1,19,7.207570207570208
101,1,20,8.18543956043956
101,1,21,10.072802197802197
101,1,22,11.54945054945055
101,1,23,11.97069597069597
101,2,0,12.307692307692308
101,2,1,12.307692307692308
101,2,2,12.307692307692308
101,2,3,12.307692307692308
101,2,4,12.358516483516484
101,2,5,11.297771672771672
101,2,6,8.67469474969475
101,2,7,4.878010878010878
101,2,8,3.4124847374847374
101,2,9,2.7884615384615383
101,2,10,2.6703296703296706
101,2,11,2.6315628815628815
101,2,12,3.1369658119658115
101,2,13,4.21978021978022
101,2,14,4.94563492063492
101,2,15,5.179212454212455
101,2,16,6.807356532356533
101,2,17,7.912606837606838
101,2,18,7.927655677655678
101,2,19,9.152106227106227
101,2,20,10.768925518925519
101,2,21,11.802228327228327
101,2,22,13.726190476190478
101,2,23,14.295787545787546
101,3,0,14.538461538461538
101,3,1,14.538461538461538
101,3,2,14.538461538461538
101,3,3,14.583333333333334
101,3,4,13.936111111111112
101,3,5,13.400958994708995
101,3,6,11.481646825396824
101,3,7,6.969513588263588
101,3,8,3.5231481481481484
101,3,9,3.1547619047619047
101,3,10,4.394230769230769
101,3,11,4.282203907203907
101,3,12,4.798076923076923
101,3,13,5.36996336996337
101,3,14,4.832936507936508
101,3,15,5.3835470085470085
101,3,16,6.829426129426129
101,3,17,6.807387057387057
101,3,18,7.930708180708181
101,3,19,10.041239316239317
101,3,20,11.77335164835165
101,3,21,13.07493894993895
101,3,22,13.750457875457876
101,3,23,14.29120879120879
101,4,0,14.384615384615385
101,4,1,14.384615384615385
101,4,2,14.384615384615385
101,4,3,14.384615384615385
101,4,4,13.767032967032966
101,4,5,13.086080586080586
101,4,6,10.74484126984127
101,4,7,6.277869352869353
101,4,8,4.337881562881563
101,4,9,3.7005494505494507
101,4,10,3.5576923076923075
101,4,11,3.676739926739927
101,4,12,3.859737484737485
101,4,13,4.575854700854701
101,4,14,5.321672771672771
101,4,15,5.237789987789987
101,4,16,6.484207459207459
101,4,17,6.7946275946275945
101,4,18,7.1234737484737485
101,4,19,7.8791208791208796
101,4,20,8.392246642246644
101,4,21,9.492979242979242
101,4,22,10.46978021978022
101,4,23,10.610653235653235
101,5,0,10.857142857142858
101,5,1,10.978021978021978
101,5,2,11.0
101,5,3,11.0
101,5,4,11.298992673992673
101,5,5,11.147283272283271
101,5,6,10.04120879120879
101,5,7,7.669658119658119
101,5,8,5.554029304029304
101,5,9,5.458150183150183
101,5,10,5.065934065934067
101,5,11,5.051739926739927
101,5,12,5.061355311355312
101,5,13,4.622252747252747
101,5,14,4.928113553113553
101,5,15,5.633791208791209
101,5,16,7.113095238095239
101,5,17,7.469627594627595
101,5,18,7.83470695970696
101,5,19,8.763583638583638
101,5,20,9.115018315018315
101,5,21,9.546550671550673
101,5,22,10.1996336996337
101,5,23,10.853144078144076
101,6,0,11.21978021978022
101,6,1,11.23076923076923
101,6,2,11.307692307692308
101,6,3,11.307692307692308
101,6,4,11.712912087912088
101,6,5,12.228479853479854
101,6,6,11.217490842490843
101,6,7,9.370726495726496
101,6,8,8.814010989010988
101,6,9,7.971001221001221
101,6,10,6.783333333333333
101,6,11,5.977106227106227
101,6,12,5.782509157509158
101,6,13,5.84920634920635
101,6,14,5.97506105006105
101,6,15,7.696947496947497
101,6,16,8.691697191697191
101,6,17,9.399481074481075
101,6,18,9.569444444444445
101,6,19,10.292429792429791
101,6,20,11.766178266178267
101,6,21,12.456959706959708
101,6,22,13.095238095238095
101,6,23,13.931623931623932
102,0,0,5.461538461538462
102,0,1,5.461538461538462
102,0,2,5.461538461538462
102,0,3,5.461538461538462
102,0,4,5.296703296703297
102,0,5,4.190628815628815
102,0,6,3.2435897435897436
102,0,7,2.7025335775335773
102,0,8,1.8315018315018317
102,0,9,2.313186813186813
102,0,10,3.1423992673992673
102,0,11,3.4542124542124544
102,0,12,3.7962454212454215
102,0,13,3.8270757020757022
102,0,14,3.978021978021978
102,0,15,3.3414224664224665
102,0,16,2.8008241758241756
102,0,17,2.2596153846153846
102,0,18,2.03525641025641
102,0,19,2.5
102,0,20,2.5576923076923075
102,0,21,2.7967032967032965
102,0,22,2.787545787545788
102,0,23,2.8365384615384617
102,1,0,2.8461538461538463
102,1,1,2.8461538461538463
102,1,2,2.8461538461538463
102,1,3,2.8461538461538463
102,1,4,2.89010989010989
102,1,5,5.93531191031191
102,1,6,7.917582417582418
102,1,7,6.0059523809523805
102,1,8,4.525030525030525
102,1,9,4.5558608058608066
102,1,10,4.977106227106227
102,1,11,5.118284493284493
102,1,12,5.201007326007327
102,1,13,5.716117216117216
102,1,14,6.012362637362638
102,1,15,5.934493284493285
102,1,16,6.284340659340659
102,1,17,6.8173076923076925
102,1,18,6.511446886446886
102,1,19,6.636446886446886
102,1,20,6.847069597069597
102,1,21,6.9542124542124535
102,1,22,6.815384615384615
102,1,23,6.923076923076923
102,2,0,7.6923076923076925
102,2,1,7.6923076923076925
102,2,2,7.6923076923076925
102,2,3,7.6923076923076925
102,2,4,7.395604395604395
102,2,5,8.086538461538462
102,2,6,7.959096459096458
102,2,7,6.447108447108447
102,2,8,4.135989010989011
102,2,9,4.243131868131868
102,2,10,3.6978021978021975
102,2,11,3.7434371184371185
102,2,12,4.502747252747253
102,2,13,4.7866300366300365
102,2,14,7.142765567765569
102,2,15,6.347069597069597
102,2,16,5.3042429792429795
102,2,17,6.169413919413919
102,2,18,7.060897435897436
102,2,19,7.305402930402931
102,2,20,7.769230769230769
102,2,21,7.545787545787546
102,2,22,7.4207875457875465
102,2,23,7.439560439560439
102,3,0,7.384615384615385
102,3,1,7.384615384615385
102,3,2,7.333333333333333
102,3,3,7.333333333333333
102,3,4,7.063492063492063
102,3,5,11.537698412698413
102,3,6,12.254464285714285
102,3,7,8.715277777777777
102,3,8,5.2936507936507935
102,3,9,4.705586080586081
102,3,10,4.198107448107448
102,3,11,4.676282051282052
102,3,12,7.107753357753357
102,3,13,8.797161172161172
102,3,14,9.831196581196581
102,3,15,9.538156288156289
102,3,16,8.637973137973137
102,3,17,8.320970695970697
102,3,18,9.223443223443224
102,3,19,9.2014652014652
102,3,20,8.913919413919414
102,3,21,8.833333333333332
102,3,22,8.782051282051283
102,3,23,8.891483516483516
102,4,0,9.0
102,4,1,9.0
102,4,2,9.0
102,4,3,9.0
102,4,4,8.717490842490843
102,4,5,10.299175824175823
102,4,6,11.331501831501832
102,4,7,9.056227106227105
102,4,8,6.571581196581197
102,4,9,6.1651404151404146
102,4,10,5.921703296703297
102,4,11,6.874542124542125
102,4,12,7.719322344322345
102,4,13,10.026556776556777
102,4,14,11.475579975579974
102,4,15,11.75976800976801
102,4,16,11.455616605616605
102,4,17,10.53525641025641
102,4,18,9.784798534798535
102,4,19,9.417124542124542
102,4,20,8.978479853479852
102,4,21,8.809523809523808
102,4,22,8.79029304029304
102,4,23,8.615384615384615
102,5,0,8.615384615384615
102,5,1,8.615384615384615
102,5,2,8.615384615384615
102,5,3,8.615384615384615
102,5,4,8.615384615384615
102,5,5,8.103479853479852
102,5,6,7.002747252747252
102,5,7,6.5322039072039075
102,5,8,6.923992673992673
102,5,9,5.945512820512821
102,5,10,4.287393162393163
102,5,11,4.719932844932845
102,5,12,5.1291208791208796
102,5,13,5.753205128205129
102,5,14,5.679487179487179
102,5,15,5.165750915750916
102,5,16,4.354090354090354
102,5,17,3.603937728937729
102,5,18,3.2545787545787546
102,5,19,2.578754578754579
102,5,20,2.19459706959707
102,5,21,2.336996336996337
102,5,22,2.527472527472528
102,5,23,2.623626373626373
102,6,0,2.769230769230769
102,6,1,2.769230769230769
102,6,2,2.769230769230769
102,6,3,2.769230769230769
102,6,4,2.5934065934065935
102,6,5,2.0732600732600734
102,6,6,1.5782967032967032
102,6,7,1.1923076923076923
102,6,8,0.7289377289377289
102,6,9,0.8406593406593407
102,6,10,2.6428571428571432
102,6,11,2.7632783882783887
102,6,12,3.246794871794872
102,6,13,3.496336996336996
102,6,14,6.550824175824175
102,6,15,6.422161172161172
102,6,16,5.920879120879121
102,6,17,5.736721611721611
102,6,18,5.228937728937729
102,6,19,4.934981684981685
102,6,20,5.171886446886447
102,6,21,5.429487179487179
102,6,22,5.58974358974359
102,6,23,5.472527472527473
103,0,0,5.230769230769231
103,0,1,5.230769230769231
103,0,2,5.230769230769231
103,0,3,5.230769230769231
103,0,4,5.205128205128205
103,0,5,5.195054945054945
103,0,6,5.814621489621489
103,0,7,6.078693528693529
103,0,8,5.288156288156288
103,0,9,5.262210012210011
103,0,10,4.979700854700855
103,0,11,4.305860805860806
103,0,12,3.301282051282051
103,0,13,3.4563492063492065
103,0,14,2.7492368742368742
103,0,15,2.0283272283272282
103,0,16,1.9384920634920635
103,0,17,2.291666666666667
103,0,18,2.100732600732601
103,0,19,1.3882783882783882
103,0,20,1.2326007326007327
103,0,21,1.3070818070818073
103,0,22,1.4065934065934065
103,0,23,1.4615384615384615
103,1,0,1.4615384615384615
103,1,1,1.4615384615384615
103,1,2,1.4615384615384615
103,1,3,1.4615384615384615
103,1,4,1.4615384615384615
103,1,5,1.6355311355311355
103,1,6,1.9146825396825398
103,1,7,2.802655677655678
103,1,8,3.1314713064713064
103,1,9,3.0673076923076925
103,1,10,3.441819291819292
103,1,11,3.5224358974358974
103,1,12,3.75503663003663
103,1,13,4.435897435897436
103,1,14,4.048992673992673
103,1,15,2.573606948606949
103,1,16,2.31013431013431
103,1,17,1.6845238095238098
103,1,18,1.7206959706959708
103,1,19,1.2496947496947497
103,1,20,1.0865384615384615
103,1,21,1.1538461538461537
103,1,22,1.2179487179487178
103,1,23,1.25
103,2,0,1.5384615384615385
103,2,1,1.5384615384615385
103,2,2,1.5384615384615385
103,2,3,1.5384615384615385
103,2,4,1.5494505494505495
103,2,5,1.76007326007326
103,2,6,2.529151404151404
103,2,7,3.541971916971917
103,2,8,5.744810744810745
103,2,9,5.483058608058608
103,2,10,5.370115995115995
103,2,11,5.2690781440781445
103,2,12,4.376831501831502
103,2,13,4.41025641025641
103,2,14,3.929945054945055
103,2,15,3.621836496836497
103,2,16,4.540445665445666
103,2,17,5.943481518481519
103,2,18,5.9945054945054945
103,2,19,5.581043956043956
103,2,20,5.351648351648351
103,2,21,5.001831501831502
103,2,22,5.273809523809524
103,2,23,5.456043956043956
103,3,0,5.538461538461538
103,3,1,5.538461538461538
103,3,2,5.916666666666667
103,3,3,5.916666666666667
103,3,4,5.916666666666667
103,3,5,5.920634920634921
103,3,6,6.522697210197211
103,3,7,7.895701058201058
103,3,8,10.087896825396825
103,3,9,11.25843253968254
103,3,10,10.665048840048838
103,3,11,9.585897435897435
103,3,12,7.651709401709402
103,3,13,7.009615384615385
103,3,14,7.592765567765568
103,3,15,7.409035409035409
103,3,16,7.098412698412698
103,3,17,7.547924297924298
103,3,18,7.597527472527473
103,3,19,6.886904761904761
103,3,20,6.783882783882784
103,3,21,6.792124542124542
103,3,22,7.316849816849817
103,3,23,7.480769230769231
103,4,0,7.538461538461538
103,4,1,7.538461538461538
103,4,2,7.538461538461538
103,4,3,7.538461538461538
103,4,4,7.538461538461538
103,4,5,7.681318681318682
103,4,6,7.58501221001221
103,4,7,7.2068070818070815
103,4,8,9.33888888888889
103,4,9,10.682875457875458
103,4,10,10.691941391941393
103,4,11,10.038461538461538
103,4,12,9.66117216117216
103,4,13,9.559981684981684
103,4,14,8.802503052503052
103,4,15,8.670115995115996
103,4,16,8.67002442002442
103,4,17,8.528846153846153
103,4,18,7.644413919413919
103,4,19,7.669413919413919
103,4,20,7.128205128205129
103,4,21,7.216575091575091
103,4,22,7.664835164835164
103,4,23,7.908424908424909
103,5,0,7.923076923076923
103,5,1,7.923076923076923
103,5,2,7.923076923076923
103,5,3,7.923076923076923
103,5,4,7.923076923076923
103,5,5,8.034798534798535
103,5,6,7.980311355311356
103,5,7,8.554945054945055
103,5,8,11.01953601953602
103,5,9,10.034798534798536
103,5,10,8.8998778998779
103,5,11,8.126221001221001
103,5,12,7.690934065934067
103,5,13,7.181776556776557
103,5,14,7.010531135531135
103,5,15,6.9322344322344325
103,5,16,6.721611721611722
103,5,17,7.049450549450549
103,5,18,7.184065934065933
103,5,19,7.254578754578755
103,5,20,6.990842490842491
103,5,21,6.60989010989011
103,5,22,6.498168498168498
103,5,23,6.615384615384615
103,6,0,6.615384615384615
103,6,1,6.615384615384615
103,6,2,6.615384615384615
103,6,3,6.615384615384615
103,6,4,6.615384615384615
103,6,5,6.628205128205129
103,6,6,6.861263736263736
103,6,7,7.4523809523809526
103,6,8,7.228937728937728
103,6,9,6.996336996336996
103,6,10,6.816849816849817
103,6,11,6.7042124542124535
103,6,12,6.575091575091576
103,6,13,6.408424908424909
103,6,14,6.274725274725275
103,6,15,6.416971916971917
103,6,16,6.467032967032967
103,6,17,6.163461538461538
103,6,18,5.446428571428571
103,6,19,4.787545787545787
103,6,20,4.9523809523809526
103,6,21,5.197802197802198
103,6,22,5.179487179487179
103,6,23,5.230769230769231
104,0,0,3.5384615384615383
104,0,1,3.5384615384615383
104,0,2,3.5384615384615383
104,0,3,3.5384615384615383
104,0,4,3.5384615384615383
104,0,5,3.451923076923077
104,0,6,3.34981684981685
104,0,7,3.0444139194139193
104,0,8,2.956043956043956
104,0,9,2.644230769230769
104,0,10,2.6634615384615383
104,0,11,2.490842490842491
104,0,12,2.275641025641026
104,0,13,2.146062271062271
104,0,14,2.043040293040293
104,0,15,2.568681318681319
104,0,16,3.5288461538461537
104,0,17,3.3058608058608057
104,0,18,3.2994505494505493
104,0,19,3.076923076923077
104,0,20,3.076923076923077
104,0,21,2.978021978021978
104,0,22,3.1153846153846154
104,0,23,3.1538461538461537
104,1,0,3.1538461538461537
104,1,1,3.1538461538461537
104,1,2,3.1538461538461537
104,1,3,3.1538461538461537
104,1,4,3.1538461538461537
104,1,5,3.0494505494505493
104,1,6,2.86996336996337
104,1,7,2.6703296703296706
104,1,8,2.266025641025641
104,1,9,1.945054945054945
104,1,10,1.8223443223443223
104,1,11,2.191849816849817
104,1,12,2.5934065934065935
104,1,13,2.3956043956043955
104,1,14,2.208791208791209
104,1,15,2.356532356532356
104,1,16,4.086080586080586
104,1,17,3.749084249084249
104,1,18,3.5366300366300365
104,1,19,3.3846153846153846
104,1,20,3.145604395604395
104,1,21,2.972527472527472
104,1,22,3.0
104,1,23,3.230769230769231
104,2,0,4.230769230769231
104,2,1,4.230769230769231
104,2,2,4.230769230769231
104,2,3,4.230769230769231
104,2,4,4.230769230769231
104,2,5,4.230769230769231
104,2,6,4.10989010989011
104,2,7,3.746794871794872
104,2,8,3.5384615384615383
104,2,9,3.4244505494505493
104,2,10,3.292582417582418
104,2,11,3.576923076923077
104,2,12,3.9455128205128203
104,2,13,3.8864468864468864
104,2,14,3.826007326007326
104,2,15,6.68543956043956
104,2,16,7.5792124542124535
104,2,17,7.75030525030525
104,2,18,7.9423076923076925
104,2,19,7.576923076923077
104,2,20,7.562271062271062
104,2,21,7.615384615384615
104,2,22,7.527472527472527
104,2,23,7.602564102564103
104,3,0,7.615384615384615
104,3,1,7.615384615384615
104,3,2,7.615384615384615
104,3,3,7.333333333333333
104,3,4,7.333333333333333
104,3,5,7.285714285714286
104,3,6,7.0605158730158735
104,3,7,6.575892857142858
104,3,8,5.8809523809523805
104,3,9,6.53125
104,3,10,7.408424908424909
104,3,11,7.2857142857142865
104,3,12,7.333333333333333
104,3,13,7.258241758241758
104,3,14,7.737637362637363
104,3,15,9.288461538461538
104,3,16,9.180250305250306
104,3,17,9.149975024975024
104,3,18,9.446886446886447
104,3,19,9.256410256410257
104,3,20,9.197802197802197
104,3,21,9.14102564102564
104,3,22,9.395604395604396
104,3,23,9.538461538461538
104,4,0,9.538461538461538
104,4,1,9.538461538461538
104,4,2,9.538461538461538
104,4,3,9.538461538461538
104,4,4,9.538461538461538
104,4,5,10.186813186813188
104,4,6,10.847985347985347
104,4,7,9.93040293040293
104,4,8,9.10897435897436
104,4,9,8.435897435897436
104,4,10,8.087912087912088
104,4,11,7.884615384615385
104,4,12,7.738095238095239
104,4,13,7.5
104,4,14,8.672619047619047
104,4,15,11.301129426129425
104,4,16,11.349816849816849
104,4,17,11.338217338217337
104,4,18,10.706959706959706
104,4,19,10.223443223443223
104,4,20,9.990384615384615
104,4,21,9.703296703296703
104,4,22,9.642857142857142
104,4,23,9.626373626373626
104,5,0,9.692307692307692
104,5,1,9.692307692307692
104,5,2,9.692307692307692
104,5,3,9.692307692307692
104,5,4,9.692307692307692
104,5,5,9.626373626373626
104,5,6,9.41025641025641
104,5,7,9.062271062271062
104,5,8,8.765567765567765
104,5,9,8.085622710622712
104,5,10,7.788003663003663
104,5,11,7.235347985347985
104,5,12,6.81043956043956
104,5,13,6.43543956043956
104,5,14,6.285714285714286
104,5,15,5.8589743589743595
104,5,16,5.6611721611721615
104,5,17,5.527472527472527
104,5,18,5.538461538461538
104,5,19,5.6007326007326
104,5,20,5.457875457875458
104,5,21,5.340659340659341
104,5,22,5.373626373626374
104,5,23,5.461538461538462
104,6,0,5.461538461538462
104,6,1,5.461538461538462
104,6,2,5.461538461538462
104,6,3,5.461538461538462
104,6,4,5.461538461538462
104,6,5,5.461538461538462
104,6,6,5.435897435897436
104,6,7,5.238095238095239
104,6,8,4.910256410256411
104,6,9,4.615384615384615
104,6,10,4.697802197802198
104,6,11,5.054945054945055
104,6,12,4.429945054945055
104,6,13,3.8612637362637363
104,6,14,3.4871794871794872
104,6,15,3.373626373626374
104,6,16,3.4102564102564106
104,6,17,3.4065934065934065
104,6,18,3.3076923076923075
104,6,19,3.186813186813187
104,6,20,3.3058608058608057
104,6,21,3.423076923076923
104,6,22,3.5054945054945055
104,6,23,3.5384615384615383
105,0,0,3.076923076923077
105,0,1,3.076923076923077
105,0,2,3.076923076923077
105,0,3,3.076923076923077
105,0,4,3.0
105,0,5,2.9670329670329667
105,0,6,2.8864468864468864
105,0,7,1.9897741147741146
105,0,8,0.684981684981685
105,0,9,0.683150183150183
105,0,10,0.6428571428571429
105,0,11,0.8626373626373627
105,0,12,2.2403846153846154
105,0,13,2.6607142857142856
105,0,14,3.2893772893772892
105,0,15,2.8000610500610503
105,0,16,3.137820512820513
105,0,17,3.315018315018315
105,0,18,3.347985347985348
105,0,19,3.8975885225885225
105,0,20,4.43956043956044
105,0,21,4.664835164835164
105,0,22,4.627747252747253
105,0,23,4.846153846153846
105,1,0,4.846153846153846
105,1,1,4.846153846153846
105,1,2,4.846153846153846
105,1,3,4.846153846153846
105,1,4,4.769230769230769
105,1,5,4.772893772893773
105,1,6,4.265842490842491
105,1,7,2.923595848595849
105,1,8,1.010989010989011
105,1,9,0.868131868131868
105,1,10,1.2307692307692308
105,1,11,2.1382783882783882
105,1,12,2.679945054945055
105,1,13,2.633241758241758
105,1,14,2.588827838827839
105,1,15,4.039529914529914
105,1,16,5.0673076923076925
105,1,17,5.108058608058608
105,1,18,5.062728937728938
105,1,19,4.6576617826617825
105,1,20,4.904761904761904
105,1,21,5.427655677655678
105,1,22,5.891941391941392
105,1,23,6.043956043956044
105,2,0,6.923076923076923
105,2,1,6.923076923076923
105,2,2,6.923076923076923
105,2,3,6.923076923076923
105,2,4,6.9010989010989015
105,2,5,6.723443223443223
105,2,6,6.298534798534798
105,2,7,5.4296398046398044
105,2,8,4.23489010989011
105,2,9,3.626373626373626
105,2,10,3.264957264957265
105,2,11,3.5187728937728937
105,2,12,4.889652014652015
105,2,13,5.061813186813187
105,2,14,4.852869352869353
105,2,15,4.836080586080586
105,2,16,5.159340659340659
105,2,17,4.832417582417582
105,2,18,4.543956043956044
105,2,19,4.443223443223443
105,2,20,4.5787545787545785
105,2,21,5.137820512820513
105,2,22,5.335164835164836
105,2,23,5.479395604395605
105,3,0,5.461538461538462
105,3,1,5.461538461538462
105,3,2,5.666666666666667
105,3,3,5.666666666666667
105,3,4,5.607142857142858
105,3,5,5.109126984126984
105,3,6,4.7271825396825395
105,3,7,3.7705026455026456
105,3,8,2.074074074074074
105,3,9,1.5575396825396826
105,3,10,1.5476190476190477
105,3,11,1.411172161172161
105,3,12,4.080128205128205
105,3,13,4.202838827838828
105,3,14,4.610347985347985
105,3,15,4.6908119658119665
105,3,16,4.49023199023199
105,3,17,4.410714285714286
105,3,18,4.056776556776557
105,3,19,3.7326007326007327
105,3,20,3.836080586080586
105,3,21,4.31990231990232
105,3,22,4.931318681318682
105,3,23,5.269230769230769
105,4,0,5.3076923076923075
105,4,1,5.3076923076923075
105,4,2,5.3076923076923075
105,4,3,5.3076923076923075
105,4,4,5.3076923076923075
105,4,5,5.271062271062271
105,4,6,4.657967032967033
105,4,7,3.8173076923076925
105,4,8,2.292582417582418
105,4,9,1.697802197802198
105,4,10,1.4065934065934065
105,4,11,1.1904761904761902
105,4,12,2.3704212454212454
105,4,13,2.6978021978021975
105,4,14,2.315628815628816
105,4,15,2.2326007326007327
105,4,16,2.2065018315018317
105,4,17,1.9271978021978025
105,4,18,1.7326007326007327
105,4,19,1.5233516483516483
105,4,20,1.135989010989011
105,4,21,1.3424908424908426
105,4,22,1.943265068265068
105,4,23,2.3173076923076925
105,5,0,2.5384615384615383
105,5,1,2.5384615384615383
105,5,2,2.5384615384615383
105,5,3,2.5384615384615383
105,5,4,2.474358974358974
105,5,5,2.3369963369963367
105,5,6,1.8223443223443223
105,5,7,1.4377289377289377
105,5,8,1.326007326007326
105,5,9,1.0114468864468864
105,5,10,1.0201465201465203
105,5,11,1.3124542124542127
105,5,12,1.2545787545787543
105,5,13,1.5434981684981683
105,5,14,1.8681318681318682
105,5,15,3.354395604395604
105,5,16,4.054945054945055
105,5,17,3.9890109890109895
105,5,18,3.843864468864469
105,5,19,3.6373626373626373
105,5,20,3.5641025641025643
105,5,21,3.722985347985348
105,5,22,3.926739926739927
105,5,23,4.299450549450549
105,6,0,4.538461538461538
105,6,1,4.538461538461538
105,6,2,4.538461538461538
105,6,3,4.538461538461538
105,6,4,4.538461538461538
105,6,5,4.56043956043956
105,6,6,4.461538461538462
105,6,7,4.121336996336996
105,6,8,3.5329670329670333
105,6,9,2.894230769230769
105,6,10,2.342948717948718
105,6,11,2.296245421245421
105,6,12,2.1236263736263736
105,6,13,2.7710622710622705
105,6,14,3.326007326007326
105,6,15,3.336080586080586
105,6,16,3.0805860805860807
105,6,17,3.1405677655677655
105,6,18,3.1387362637362637
105,6,19,2.9839743589743586
105,6,20,2.6579670329670333
105,6,21,2.6538461538461537
105,6,22,2.860805860805861
105,6,23,3.076923076923077
106,0,0,4.461538461538462
106,0,1,4.461538461538462
106,0,2,4.461538461538462
106,0,3,4.461538461538462
106,0,4,4.472527472527473
106,0,5,6.718772893772893
106,0,6,5.998199023199023
106,0,7,3.4866605616605617
106,0,8,4.690567765567765
106,0,9,6.71001221001221
106,0,10,7.087454212454213
106,0,11,8.65412087912088
106,0,12,10.795787545787546
106,0,13,11.371794871794872
106,0,14,12.2730463980464
106,0,15,11.835775335775336
106,0,16,11.53434065934066
106,0,17,11.966422466422465
106,0,18,11.857905982905983
106,0,19,11.39423076923077
106,0,20,11.02014652014652
106,0,21,11.28525641025641
106,0,22,11.818681318681318
106,0,23,11.987179487179487
106,1,0,12.0
106,1,1,12.0
106,1,2,12.0
106,1,3,12.0
106,1,4,11.887820512820513
106,1,5,13.699236874236874
106,1,6,13.425999000999001
106,1,7,7.4010989010989015
106,1,8,4.902686202686203
106,1,9,7.712301587301587
106,1,10,9.764194139194139
106,1,11,10.624847374847375
106,1,12,12.318223443223443
106,1,13,12.58058608058608
106,1,14,12.260198135198134
106,1,15,12.920634920634921
106,1,16,13.095604395604395
106,1,17,12.87979242979243
106,1,18,12.175824175824175
106,1,19,11.262362637362637
106,1,20,10.364010989010989
106,1,21,10.81196581196581
106,1,22,11.917124542124542
106,1,23,12.20879120879121
106,2,0,12.307692307692308
106,2,1,12.307692307692308
106,2,2,12.307692307692308
106,2,3,12.307692307692308
106,2,4,12.395604395604396
106,2,5,15.06892551892552
106,2,6,15.906776556776556
106,2,7,11.523717948717948
106,2,8,4.939713064713065
106,2,9,4.294505494505494
106,2,10,7.02551615051615
106,2,11,10.217948717948719
106,2,12,13.328113553113553
106,2,13,14.005494505494504
106,2,14,13.892765567765567
106,2,15,16.04587912087912
106,2,16,16.554517704517703
106,2,17,15.623626373626374
106,2,18,15.581043956043958
106,2,19,15.797619047619047
106,2,20,15.581043956043954
106,2,21,16.13980463980464
106,2,22,17.19169719169719
106,2,23,17.626373626373628
106,3,0,17.692307692307693
106,3,1,17.692307692307693
106,3,2,17.238095238095237
106,3,3,17.25
106,3,4,17.154761904761905
106,3,5,18.69769721019721
106,3,6,19.7744708994709
106,3,7,15.439099326599326
106,3,8,10.262433862433863
106,3,9,9.224420024420025
106,3,10,9.991758241758241
106,3,11,12.00442612942613
106,3,12,14.498351648351647
106,3,13,15.337912087912088
106,3,14,15.748931623931623
106,3,15,15.71947496947497
106,3,16,15.203296703296703
106,3,17,15.161782661782663
106,3,18,15.131105006105006
106,3,19,15.195665445665444
106,3,20,14.71978021978022
106,3,21,15.043040293040294
106,3,22,15.860805860805861
106,3,23,16.192307692307693
106,4,0,16.23076923076923
106,4,1,16.23076923076923
106,4,2,16.23076923076923
106,4,3,16.23076923076923
106,4,4,16.221153846153847
106,4,5,16.64163614163614
106,4,6,16.081293706293707
106,4,7,13.795848595848595
106,4,8,11.129273504273502
106,4,9,11.143833943833943
106,4,10,10.98137973137973
106,4,11,11.759035409035409
106,4,12,15.808180708180707
106,4,13,14.650183150183151
106,4,14,14.72106227106227
106,4,15,15.567710067710069
106,4,16,15.241758241758241
106,4,17,14.57051282051282
106,4,18,13.657051282051281
106,4,19,12.784340659340659
106,4,20,12.63415750915751
106,4,21,12.283882783882785
106,4,22,12.488095238095239
106,4,23,12.842490842490843
106,5,0,12.846153846153847
106,5,1,12.846153846153847
106,5,2,12.846153846153847
106,5,3,12.846153846153847
106,5,4,12.846153846153847
106,5,5,12.615384615384615
106,5,6,12.295329670329672
106,5,7,12.60989010989011
106,5,8,10.922802197802197
106,5,9,9.626373626373626
106,5,10,9.307600732600733
106,5,11,10.194078144078144
106,5,12,9.468711843711844
106,5,13,8.743437118437118
106,5,14,8.431623931623932
106,5,15,7.4067460317460325
106,5,16,7.973290598290598
106,5,17,7.467490842490842
106,5,18,6.601648351648351
106,5,19,6.014041514041514
106,5,20,5.891483516483517
106,5,21,5.895604395604395
106,5,22,6.003663003663003
106,5,23,6.491758241758242
106,6,0,6.6923076923076925
106,6,1,6.6923076923076925
106,6,2,6.6923076923076925
106,6,3,6.6923076923076925
106,6,4,6.6923076923076925
106,6,5,6.413919413919414
106,6,6,5.761446886446886
106,6,7,4.950549450549451
106,6,8,3.972527472527472
106,6,9,3.7263736263736265
106,6,10,4.906684981684982
106,6,11,4.7971611721611715
106,6,12,5.632326007326008
106,6,13,5.5827838827838825
106,6,14,4.750610500610501
106,6,15,4.873870573870574
106,6,16,4.88034188034188
106,6,17,4.366300366300366
106,6,18,4.197802197802198
106,6,19,3.7179487179487176
106,6,20,3.8540903540903537
106,6,21,4.206043956043956
106,6,22,4.351648351648351
106,6,23,4.406593406593407
107,0,0,8.23076923076923
107,0,1,8.23076923076923
107,0,2,8.23076923076923
107,0,3,8.23076923076923
107,0,4,7.47985347985348
107,0,5,7.3302503052503045
107,0,6,4.876068376068376
107,0,7,3.185989010989011
107,0,8,4.413919413919414
107,0,9,7.078754578754579
107,0,10,10.836263736263735
107,0,11,13.464285714285714
107,0,12,13.947344322344323
107,0,13,12.5
107,0,14,11.863553113553113
107,0,15,12.355158730158731
107,0,16,11.705944055944057
107,0,17,13.19520757020757
107,0,18,14.087454212454212
107,0,19,14.514957264957266
107,0,20,14.538461538461538
107,0,21,15.048229548229548
107,0,22,15.520604395604396
107,0,23,15.953296703296703
107,1,0,16.076923076923077
107,1,1,16.076923076923077
107,1,2,16.076923076923077
107,1,3,16.076923076923077
107,1,4,15.351648351648352
107,1,5,14.784188034188036
107,1,6,10.134188034188034
107,1,7,5.0005494505494505
107,1,8,1.9872710622710623
107,1,9,3.3970695970695965
107,1,10,4.897893772893773
107,1,11,10.022741147741147
107,1,12,13.086080586080586
107,1,13,12.418040293040292
107,1,14,13.225274725274726
107,1,15,14.999186924186924
107,1,16,15.28083028083028
107,1,17,17.34453601953602
107,1,18,19.849358974358974
107,1,19,19.802960927960928
107,1,20,19.537087912087912
107,1,21,19.966269841269842
107,1,22,20.950091575091577
107,1,23,21.26923076923077
107,2,0,21.373626373626376
107,2,1,21.384615384615383
107,2,2,21.384615384615383
107,2,3,21.384615384615383
107,2,4,20.401556776556774
107,2,5,18.36633089133089
107,2,6,15.64612332112332
107,2,7,9.746620046620047
107,2,8,4.1732600732600735
107,2,9,3.6140109890109895
107,2,10,4.08058608058608
107,2,11,7.970177045177045
107,2,12,12.587148962148962
107,2,13,14.526556776556777
107,2,14,14.749725274725275
107,2,15,18.051587301587304
107,2,16,18.780555555555555
107,2,17,20.219169719169717
107,2,18,20.641178266178265
107,2,19,21.269383394383397
107,2,20,21.8992673992674
107,2,21,22.046336996336997
107,2,22,22.44139194139194
107,2,23,22.68131868131868
107,3,0,22.76923076923077
107,3,1,22.76923076923077
107,3,2,23.0
107,3,3,23.0
107,3,4,22.335416666666664
107,3,5,19.85710978835979
107,3,6,15.692757936507936
107,3,7,10.24101430976431
107,3,8,5.3622023809523816
107,3,9,6.928876678876678
107,3,10,9.290584415584416
107,3,11,11.771825396825395
107,3,12,11.675213675213675
107,3,13,12.881410256410257
107,3,14,13.48137973137973
107,3,15,15.298076923076923
107,3,16,14.255533355533355
107,3,17,13.474023199023199
107,3,18,13.868040293040293
107,3,19,14.00915750915751
107,3,20,14.326312576312576
107,3,21,15.167765567765569
107,3,22,16.070970695970693
107,3,23,16.365384615384617
107,4,0,16.384615384615383
107,4,1,16.42857142857143
107,4,2,16.46153846153846
107,4,3,16.46153846153846
107,4,4,15.722069597069597
107,4,5,13.352197802197802
107,4,6,10.699309024309024
107,4,7,9.611169386169387
107,4,8,7.600122100122101
107,4,9,8.133241758241759
107,4,10,10.169719169719171
107,4,11,11.357905982905983
107,4,12,12.870421245421246
107,4,13,13.115934065934066
107,4,14,13.266025641025642
107,4,15,13.47087912087912
107,4,16,14.046245421245422
107,4,17,12.957081807081806
107,4,18,12.237484737484738
107,4,19,11.397893772893772
107,4,20,11.23580586080586
107,4,21,11.479395604395604
107,4,22,11.914377289377288
107,4,23,12.51923076923077
107,5,0,12.692307692307692
107,5,1,12.692307692307692
107,5,2,12.692307692307692
107,5,3,12.692307692307692
107,5,4,12.504578754578754
107,5,5,11.443223443223443
107,5,6,9.893467643467643
107,5,7,10.002747252747252
107,5,8,10.997405372405373
107,5,9,10.041666666666668
107,5,10,10.393772893772894
107,5,11,9.517490842490842
107,5,12,9.585103785103785
107,5,13,9.91996336996337
107,5,14,9.253510378510379
107,5,15,8.546978021978022
107,5,16,7.677197802197802
107,5,17,6.688644688644688
107,5,18,5.622985347985348
107,5,19,5.266483516483517
107,5,20,4.983211233211232
107,5,21,5.354700854700855
107,5,22,5.373168498168498
107,5,23,5.777014652014652
107,6,0,5.769230769230769
107,6,1,5.857142857142857
107,6,2,5.923076923076923
107,6,3,5.923076923076923
107,6,4,5.923076923076923
107,6,5,5.428571428571429
107,6,6,4.451159951159951
107,6,7,3.4151404151404154
107,6,8,2.897435897435898
107,6,9,3.9735958485958487
107,6,10,4.615384615384615
107,6,11,5.896214896214897
107,6,12,6.3212759462759465
107,6,13,6.092735042735042
107,6,14,5.839590964590965
107,6,15,5.350976800976801
107,6,16,5.617826617826618
107,6,17,5.744200244200244
107,6,18,5.693986568986569
107,6,19,5.786782661782662
107,6,20,5.8388278388278385
107,6,21,6.239010989010989
107,6,22,7.063644688644688
107,6,23,7.9441391941391934
108,0,0,4.128205128205128
108,0,1,4.153846153846154
108,0,2,4.153846153846154
108,0,3,4.153846153846154
108,0,4,4.156898656898656
108,0,5,3.2577478077478075
108,0,6,5.6691086691086685
108,0,7,5.846611721611722
108,0,8,4.8287545787545785
108,0,9,5.315476190476191
108,0,10,4.653998778998779
108,0,11,5.42628205128205
108,0,12,8.291111666111666
108,0,13,9.607753357753358
108,0,14,10.471237096237095
108,0,15,9.64606227106227
108,0,16,9.1253663003663
108,0,17,8.90903540903541
108,0,18,8.639652014652015
108,0,19,9.935286935286936
108,0,20,10.524725274725276
108,0,21,10.178571428571429
108,0,22,10.20879120879121
108,0,23,10.388736263736265
108,1,0,10.615384615384615
108,1,1,10.615384615384615
108,1,2,10.615384615384615
108,1,3,10.615384615384615
108,1,4,10.305860805860807
108,1,5,8.186507936507937
108,1,6,7.491727716727717
108,1,7,5.836416361416361
108,1,8,2.7675518925518925
108,1,9,4.940476190476191
108,1,10,10.922924297924299
108,1,11,10.336080586080586
108,1,12,10.637515262515262
108,1,13,10.813186813186814
108,1,14,10.612026862026863
108,1,15,10.559188034188034
108,1,16,10.18931623931624
108,1,17,9.71111111111111
108,1,18,9.741208791208791
108,1,19,10.343253968253968
108,1,20,11.350579975579974
108,1,21,12.093406593406595
108,1,22,12.531746031746032
108,1,23,12.907509157509157
108,2,0,12.846153846153847
108,2,1,12.846153846153847
108,2,2,12.846153846153847
108,2,3,12.846153846153847
108,2,4,12.430860805860807
108,2,5,12.085042735042736
108,2,6,12.342796092796094
108,2,7,7.529007104007103
108,2,8,1.9733599733599734
108,2,9,4.637148962148962
108,2,10,7.988705738705739
108,2,11,12.628815628815628
108,2,12,15.105616605616605
108,2,13,14.072710622710623
108,2,14,13.171245421245422
108,2,15,12.835775335775336
108,2,16,13.38925518925519
108,2,17,14.198870573870575
108,2,18,13.945027195027196
108,2,19,14.318223443223443
108,2,20,15.160561660561662
108,2,21,15.375457875457876
108,2,22,15.89010989010989
108,2,23,16.56181318681319
108,3,0,16.9010989010989
108,3,1,16.923076923076923
108,3,2,16.912087912087912
108,3,3,16.923076923076923
108,3,4,16.625915750915752
108,3,5,14.307925407925408
108,3,6,11.945054945054945
108,3,7,7.301456876456877
108,3,8,2.770421245421246
108,3,9,4.847222222222222
108,3,10,8.780494505494506
108,3,11,10.388431013431015
108,3,12,12.281746031746032
108,3,13,11.774267399267398
108,3,14,11.55982905982906
108,3,15,11.356105006105006
108,3,16,11.486263736263737
108,3,17,11.000457875457876
108,3,18,11.422710622710623
108,3,19,11.660714285714286
108,3,20,12.295329670329672
108,3,21,12.6996336996337
108,3,22,12.43956043956044
108,3,23,12.87942612942613
108,4,0,13.0
108,4,1,13.0
108,4,2,13.0
108,4,3,13.0
108,4,4,12.582875457875458
108,4,5,11.874544899544901
108,4,6,11.958485958485959
108,4,7,11.107020757020756
108,4,8,9.006654456654456
108,4,9,10.6765873015873
108,4,10,9.632326007326007
108,4,11,9.854700854700855
108,4,12,8.750457875457876
108,4,13,7.6269841269841265
108,4,14,8.836580086580087
108,4,15,8.79029304029304
108,4,16,7.668040293040293
108,4,17,8.262454212454212
108,4,18,8.538980463980463
108,4,19,8.151862026862027
108,4,20,8.103021978021978
108,4,21,7.746336996336996
108,4,22,7.452991452991453
108,4,23,8.05526418026418
108,5,0,8.43956043956044
108,5,1,8.516483516483516
108,5,2,8.538461538461538
108,5,3,8.538461538461538
108,5,4,8.11996336996337
108,5,5,7.537851037851038
108,5,6,6.699633699633699
108,5,7,7.893009768009768
108,5,8,9.57567155067155
108,5,9,9.218864468864469
108,5,10,9.704945054945055
108,5,11,10.319902319902319
108,5,12,8.858516483516484
108,5,13,7.984401709401709
108,5,14,6.552350427350428
108,5,15,5.947008547008546
108,5,16,5.771617271617272
108,5,17,4.762362637362638
108,5,18,4.1892551892551895
108,5,19,4.238095238095238
108,5,20,3.995879120879121
108,5,21,4.019230769230769
108,5,22,3.7490842490842486
108,5,23,4.101648351648351
108,6,0,4.384615384615385
108,6,1,4.384615384615385
108,6,2,4.384615384615385
108,6,3,4.384615384615385
108,6,4,4.388278388278389
108,6,5,4.180402930402931
108,6,6,3.7225274725274726
108,6,7,3.3772893772893773
108,6,8,2.6865079365079367
108,6,9,2.2646520146520146
108,6,10,3.0056471306471306
108,6,11,5.279578754578754
108,6,12,4.917094017094017
108,6,13,4.645757020757021
108,6,14,5.283882783882784
108,6,15,4.917582417582418
108,6,16,3.9079670329670333
108,6,17,3.526098901098901
108,6,18,3.683760683760684
108,6,19,4.047008547008547
108,6,20,4.368131868131868
108,6,21,4.1691086691086685
108,6,22,3.938339438339438
108,6,23,3.8594322344322345
109,0,0,18.692307692307693
109,0,1,18.692307692307693
109,0,2,18.625
109,0,3,18.683760683760685
109,0,4,18.709249084249084
109,0,5,17.31486568986569
109,0,6,16.08470695970696
109,0,7,14.681623931623932
109,0,8,12.862773337773337
109,0,9,10.242582417582419
109,0,10,8.200335775335775
109,0,11,7.593020868020868
109,0,12,6.558913308913309
109,0,13,7.230067155067156
109,0,14,7.9282661782661785
109,0,15,8.38507326007326
109,0,16,9.87912087912088
109,0,17,10.396520146520146
109,0,18,10.47008547008547
109,0,19,11.943833943833944
109,0,20,13.915750915750916
109,0,21,15.928113553113551
109,0,22,16.978021978021978
109,0,23,17.221153846153847
109,1,0,17.23076923076923
109,1,1,17.23076923076923
109,1,2,17.28846153846154
109,1,3,17.307692307692307
109,1,4,17.205128205128204
109,1,5,14.13476800976801
109,1,6,12.213369963369964
109,1,7,10.401340326340327
109,1,8,11.580738705738705
109,1,9,10.109401709401709
109,1,10,8.881868131868133
109,1,11,7.443223443223443
109,1,12,6.5752997002997
109,1,13,6.631868131868132
109,1,14,6.9004884004884
109,1,15,8.18543956043956
109,1,16,10.476187701187701
109,1,17,11.698076923076922
109,1,18,12.028846153846153
109,1,19,13.600579975579977
109,1,20,15.381715506715507
109,1,21,16.74349816849817
109,1,22,18.18653846153846
109,1,23,19.018772893772894
109,2,0,18.076923076923077
109,2,1,18.076923076923077
109,2,2,18.076923076923077
109,2,3,18.076923076923077
109,2,4,18.039835164835164
109,2,5,15.102133977133978
109,2,6,13.66172161172161
109,2,7,12.450274725274726
109,2,8,13.05079365079365
109,2,9,10.542216117216118
109,2,10,9.098901098901099
109,2,11,7.947039072039072
109,2,12,7.675000000000001
109,2,13,7.863858363858364
109,2,14,8.751984126984127
109,2,15,10.176731601731602
109,2,16,11.497791097791097
109,2,17,11.935714285714285
109,2,18,12.516178266178267
109,2,19,14.401617826617827
109,2,20,16.52777777777778
109,2,21,18.359737484737483
109,2,22,19.45467032967033
109,2,23,19.814102564102562
109,3,0,19.923076923076923
109,3,1,19.923076923076923
109,3,2,20.833333333333332
109,3,3,20.833333333333332
109,3,4,20.81746031746032
109,3,5,18.16061507936508
109,3,6,16.745205026455025
109,3,7,14.580191798941799
109,3,8,15.367923280423282
109,3,9,14.783895502645501
109,3,10,13.120421245421246
109,3,11,11.25067155067155
109,3,12,10.756227106227108
109,3,13,11.356990231990231
109,3,14,12.883516483516484
109,3,15,13.84624542124542
109,3,16,15.717307692307692
109,3,17,17.372252747252745
109,3,18,17.341422466422465
109,3,19,17.744963369963372
109,3,20,18.423076923076923
109,3,21,20.233211233211232
109,3,22,20.508699633699635
109,3,23,21.092032967032967
109,4,0,21.384615384615383
109,4,1,21.384615384615383
109,4,2,21.384615384615383
109,4,3,21.384615384615383
109,4,4,21.35775335775336
109,4,5,18.216941391941393
109,4,6,16.27567155067155
109,4,7,14.772832722832723
109,4,8,17.385470085470086
109,4,9,17.03205128205128
109,4,10,16.413614163614163
109,4,11,15.386416361416362
109,4,12,14.266758241758243
109,4,13,15.348260073260073
109,4,14,15.988553113553113
109,4,15,17.44534632034632
109,4,16,18.32371794871795
109,4,17,19.070054945054945
109,4,18,19.363553113553113
109,4,19,19.707570207570207
109,4,20,20.192765567765566
109,4,21,20.548992673992675
109,4,22,21.177045177045176
109,4,23,21.48489010989011
109,5,0,21.615384615384617
109,5,1,21.615384615384617
109,5,2,21.615384615384617
109,5,3,21.615384615384617
109,5,4,21.710164835164832
109,5,5,21.227564102564102
109,5,6,19.85241147741148
109,5,7,19.04258241758242
109,5,8,18.53937728937729
109,5,9,18.150030525030523
109,5,10,18.43452380952381
109,5,11,18.93275335775336
109,5,12,19.052655677655675
109,5,13,19.09981684981685
109,5,14,19.298076923076923
109,5,15,19.78818681318681
109,5,16,20.469932844932845
109,5,17,20.531593406593405
109,5,18,20.44322344322344
109,5,19,20.840384615384615
109,5,20,20.965811965811966
109,5,21,21.293498168498168
109,5,22,21.38366910866911
109,5,23,21.754884004884005
109,6,0,21.923076923076923
109,6,1,21.923076923076923
109,6,2,21.923076923076923
109,6,3,21.923076923076923
109,6,4,21.89010989010989
109,6,5,21.460164835164832
109,6,6,20.697344322344325
109,6,7,19.285225885225888
109,6,8,17.846825396825395
109,6,9,18.117673992673993
109,6,10,18.52045177045177
109,6,11,18.19047619047619
109,6,12,18.103174603174605
109,6,13,18.06639194139194
109,6,14,18.501373626373628
109,6,15,18.56425518925519
109,6,16,19.146825396825395
109,6,17,19.224358974358974
109,6,18,18.961996336996336
109,6,19,18.48366910866911
109,6,20,18.425518925518926
109,6,21,17.93360805860806
109,6,22,18.291208791208792
109,6,23,18.586080586080588
11,0,0,4.076923076923077
11,0,1,4.076923076923077
11,0,2,4.076923076923077
11,0,3,4.076923076923077
11,0,4,4.089743589743589
11,0,5,4.558150183150183
11,0,6,5.626373626373626
11,0,7,9.061383061383061
11,0,8,15.045482295482296
11,0,9,16.10607448107448
11,0,10,15.442002442002442
11,0,11,15.019078144078144
11,0,12,13.79404761904762
11,0,13,13.543040293040294
11,0,14,12.987423687423687
11,0,15,10.82857142857143
11,0,16,6.151157176157176
11,0,17,2.704761904761905
11,0,18,1.9633699633699635
11,0,19,1.6277472527472527
11,0,20,1.2545787545787546
11,0,21,1.336996336996337
11,0,22,1.3846153846153846
11,0,23,1.3846153846153846
11,1,0,1.3846153846153846
11,1,1,1.3846153846153846
11,1,2,1.3846153846153846
11,1,3,1.3846153846153846
11,1,4,1.3846153846153846
11,1,5,2.310897435897436
11,1,6,3.9308608058608057
11,1,7,9.253943278943279
11,1,8,20.248543123543126
11,1,9,22.307234432234434
11,1,10,22.263736263736266
11,1,11,21.521916971916973
11,1,12,20.170726495726495
11,1,13,20.12167277167277
11,1,14,18.465201465201464
11,1,15,15.063616938616939
11,1,16,5.54087024087024
11,1,17,0.9682539682539683
11,1,18,1.0022893772893773
11,1,19,0.9505494505494506
11,1,20,0.7692307692307693
11,1,21,0.6007326007326007
11,1,22,0.4807692307692308
11,1,23,0.46153846153846156
11,2,0,0.5384615384615384
11,2,1,0.5384615384615384
11,2,2,0.5384615384615384
11,2,3,0.5384615384615384
11,2,4,0.5384615384615384
11,2,5,1.5146520146520146
11,2,6,2.8365384615384617
11,2,7,8.146658896658897
11,2,8,18.410897435897436
11,2,9,20.108516483516482
11,2,10,19.834249084249084
11,2,11,18.63568376068376
11,2,12,16.612637362637365
11,2,13,15.59416971916972
11,2,14,15.236568986568987
11,2,15,12.218162393162393
11,2,16,3.831024531024531
11,2,17,0.4436813186813187
11,2,18,0.35286935286935284
11,2,19,0.5141941391941391
11,2,20,0.4743589743589744
11,2,21,0.4519230769230769
11,2,22,0.3736263736263737
11,2,23,0.3076923076923077
11,3,0,0.3076923076923077
11,3,1,0.3076923076923077
11,3,2,0.3333333333333333
11,3,3,0.3333333333333333
11,3,4,0.3333333333333333
11,3,5,1.1011904761904763
11,3,6,2.78125
11,3,7,8.196696127946128
11,3,8,19.714920033670033
11,3,9,22.38624338624339
11,3,10,20.407967032967033
11,3,11,19.628815628815627
11,3,12,16.07518315018315
11,3,13,16.23183760683761
11,3,14,16.044871794871792
11,3,15,13.215645465645467
11,3,16,4.70966810966811
11,3,17,0.4525946275946276
11,3,18,0.5051892551892552
11,3,19,0.6025641025641026
11,3,20,0.37912087912087916
11,3,21,0.18315018315018314
11,3,22,0.16483516483516483
11,3,23,0.15384615384615385
11,4,0,0.15384615384615385
11,4,1,0.15384615384615385
11,4,2,0.15384615384615385
11,4,3,0.15384615384615385
11,4,4,0.15384615384615385
11,4,5,0.6666666666666666
11,4,6,1.146978021978022
11,4,7,3.8110139860139864
11,4,8,9.020054945054945
11,4,9,10.107448107448107
11,4,10,9.912393162393162
11,4,11,9.60393772893773
11,4,12,8.746031746031745
11,4,13,8.433455433455434
11,4,14,7.73427960927961
11,4,15,5.953601953601953
11,4,16,2.9528527028527027
11,4,17,1.532203907203907
11,4,18,2.4345238095238098
11,4,19,3.125
11,4,20,2.7252747252747254
11,4,21,2.032051282051282
11,4,22,1.998168498168498
11,4,23,1.902930402930403
11,5,0,1.9230769230769231
11,5,1,1.9230769230769231
11,5,2,1.9230769230769231
11,5,3,1.9230769230769231
11,5,4,1.9230769230769231
11,5,5,2.554945054945055
11,5,6,2.8021978021978025
11,5,7,2.769230769230769
11,5,8,2.8278388278388276
11,5,9,3.7326007326007327
11,5,10,4.363553113553113
11,5,11,4.45970695970696
11,5,12,4.357142857142857
11,5,13,4.084249084249084
11,5,14,4.172161172161172
11,5,15,4.413461538461538
11,5,16,4.542124542124542
11,5,17,4.633699633699634
11,5,18,4.576007326007327
11,5,19,4.873626373626374
11,5,20,4.587912087912088
11,5,21,4.318681318681318
11,5,22,4.247252747252747
11,5,23,4.175824175824176
11,6,0,4.153846153846154
11,6,1,4.153846153846154
11,6,2,4.153846153846154
11,6,3,4.153846153846154
11,6,4,4.153846153846154
11,6,5,4.396062271062271
11,6,6,4.430402930402931
11,6,7,4.397435897435897
11,6,8,4.883699633699634
11,6,9,5.070970695970696
11,6,10,4.664835164835164
11,6,11,4.785714285714286
11,6,12,4.462148962148962
11,6,13,4.210622710622711
11,6,14,4.166666666666666
11,6,15,4.771978021978022
11,6,16,4.850427350427351
11,6,17,4.5054945054945055
11,6,18,4.545787545787546
11,6,19,4.653846153846154
11,6,20,4.543956043956044
11,6,21,4.472527472527473
11,6,22,4.336996336996337
11,6,23,4.076923076923077
110,0,0,6.153846153846154
110,0,1,6.153846153846154
110,0,2,6.153846153846154
110,0,3,6.153846153846154
110,0,4,5.867673992673992
110,0,5,5.1996336996337
110,0,6,4.676739926739926
110,0,7,3.8731712731712733
110,0,8,1.9848901098901097
110,0,9,3.563949938949939
110,0,10,5.476648351648351
110,0,11,6.541514041514042
110,0,12,9.003663003663004
110,0,13,10.610347985347984
110,0,14,10.734432234432234
110,0,15,10.804945054945055
110,0,16,11.496489621489623
110,0,17,12.45589133089133
110,0,18,12.677655677655677
110,0,19,12.23076923076923
110,0,20,12.10485347985348
110,0,21,12.106227106227106
110,0,22,11.853479853479854
110,0,23,12.156593406593405
110,1,0,12.23076923076923
110,1,1,12.23076923076923
110,1,2,12.23076923076923
110,1,3,12.23076923076923
110,1,4,12.12087912087912
110,1,5,11.703235653235653
110,1,6,10.497710622710624
110,1,7,8.186324786324786
110,1,8,4.855311355311356
110,1,9,4.122252747252747
110,1,10,3.7161172161172162
110,1,11,4.360347985347985
110,1,12,8.130677655677657
110,1,13,8.365384615384615
110,1,14,8.394078144078144
110,1,15,8.652167277167278
110,1,16,9.193070818070819
110,1,17,9.771978021978022
110,1,18,10.365384615384615
110,1,19,10.899267399267398
110,1,20,10.794871794871796
110,1,21,10.62124542124542
110,1,22,10.472710622710622
110,1,23,10.491758241758241
110,2,0,10.483516483516484
110,2,1,10.538461538461538
110,2,2,10.538461538461538
110,2,3,10.538461538461538
110,2,4,10.141941391941392
110,2,5,8.900641025641026
110,2,6,7.920482295482296
110,2,7,6.433469308469308
110,2,8,4.208791208791209
110,2,9,3.257173382173382
110,2,10,3.8351648351648353
110,2,11,7.332417582417582
110,2,12,10.30418192918193
110,2,13,11.818986568986569
110,2,14,11.6735347985348
110,2,15,11.787545787545788
110,2,16,12.301587301587302
110,2,17,12.509615384615385
110,2,18,13.126831501831502
110,2,19,13.315476190476192
110,2,20,14.603354978354979
110,2,21,15.270604395604396
110,2,22,15.268315018315018
110,2,23,14.75030525030525
110,3,0,14.846153846153847
110,3,1,14.846153846153847
110,3,2,14.5
110,3,3,14.5
110,3,4,14.199404761904761
110,3,5,13.947751322751323
110,3,6,14.077876984126986
110,3,7,11.460723304473305
110,3,8,7.405092592592593
110,3,9,7.509157509157509
110,3,10,7.36492673992674
110,3,11,7.573107448107448
110,3,12,10.320054945054945
110,3,13,12.83531746031746
110,3,14,12.615384615384615
110,3,15,12.418040293040292
110,3,16,12.897893772893772
110,3,17,12.519993894993895
110,3,18,12.409798534798536
110,3,19,12.888736263736265
110,3,20,13.18864468864469
110,3,21,12.892857142857142
110,3,22,13.225274725274726
110,3,23,13.21474358974359
110,4,0,13.384615384615385
110,4,1,13.384615384615385
110,4,2,13.384615384615385
110,4,3,13.384615384615385
110,4,4,13.180860805860807
110,4,5,14.774114774114775
110,4,6,14.850274725274724
110,4,7,12.85838050838051
110,4,8,9.512973137973137
110,4,9,9.606684981684982
110,4,10,9.387362637362637
110,4,11,9.257631257631258
110,4,12,10.303724053724055
110,4,13,10.413003663003662
110,4,14,10.206654456654459
110,4,15,9.936202686202686
110,4,16,9.07961482961483
110,4,17,9.171578421578422
110,4,18,9.795482295482296
110,4,19,10.065018315018316
110,4,20,10.653846153846153
110,4,21,10.214743589743591
110,4,22,10.306318681318682
110,4,23,10.25412087912088
110,5,0,10.307692307692308
110,5,1,10.307692307692308
110,5,2,10.307692307692308
110,5,3,10.307692307692308
110,5,4,10.26007326007326
110,5,5,10.272893772893772
110,5,6,10.061813186813188
110,5,7,9.665445665445667
110,5,8,8.657967032967033
110,5,9,9.213217338217337
110,5,10,7.611721611721611
110,5,11,6.94993894993895
110,5,12,8.332417582417582
110,5,13,8.175824175824177
110,5,14,8.025641025641026
110,5,15,8.252899877899878
110,5,16,8.146336996336997
110,5,17,8.188020313020314
110,5,18,7.94047619047619
110,5,19,8.0746336996337
110,5,20,8.504273504273504
110,5,21,9.065934065934066
110,5,22,8.489774114774114
110,5,23,8.402930402930403
110,6,0,8.461538461538462
110,6,1,8.461538461538462
110,6,2,8.461538461538462
110,6,3,8.461538461538462
110,6,4,8.505952380952381
110,6,5,8.435897435897436
110,6,6,8.428571428571429
110,6,7,7.923382173382174
110,6,8,7.231990231990232
110,6,9,5.886141636141636
110,6,10,5.8905677655677655
110,6,11,5.5602869352869355
110,6,12,6.112179487179488
110,6,13,7.27518315018315
110,6,14,6.9673382173382175
110,6,15,6.586721611721611
110,6,16,5.741758241758242
110,6,17,5.531593406593406
110,6,18,5.361263736263736
110,6,19,5.652472527472527
110,6,20,5.74496336996337
110,6,21,5.886446886446886
110,6,22,5.943223443223443
110,6,23,6.079975579975581
111,0,0,4.615384615384615
111,0,1,4.637362637362637
111,0,2,4.6923076923076925
111,0,3,4.6923076923076925
111,0,4,3.4455433455433453
111,0,5,1.6329365079365077
111,0,6,0.8081501831501832
111,0,7,0.5082417582417582
111,0,8,0.5992979242979243
111,0,9,0.44246031746031744
111,0,10,0.7209706959706959
111,0,11,1.3925518925518925
111,0,12,2.2036019536019533
111,0,13,1.980921855921856
111,0,14,1.987942612942613
111,0,15,2.7298534798534795
111,0,16,4.021828171828171
111,0,17,4.377380952380952
111,0,18,4.54435286935287
111,0,19,4.835470085470086
111,0,20,5.52518315018315
111,0,21,5.418803418803419
111,0,22,5.993742368742369
111,0,23,7.1291208791208796
111,1,0,7.230769230769231
111,1,1,7.230769230769231
111,1,2,7.230769230769231
111,1,3,7.230769230769231
111,1,4,6.008699633699634
111,1,5,4.297161172161172
111,1,6,2.470695970695971
111,1,7,2.5681318681318683
111,1,8,3.7153540903540905
111,1,9,3.963827838827839
111,1,10,3.537545787545788
111,1,11,2.587820512820513
111,1,12,1.978021978021978
111,1,13,1.715811965811966
111,1,14,2.06959706959707
111,1,15,2.4794871794871796
111,1,16,3.3725052725052724
111,1,17,3.9682900432900436
111,1,18,4.233669108669108
111,1,19,5.7257326007326
111,1,20,6.545482295482295
111,1,21,5.814407814407814
111,1,22,6.377976190476191
111,1,23,7.539847883597884
111,2,0,7.583333333333333
111,2,1,7.583333333333333
111,2,2,7.3076923076923075
111,2,3,7.3076923076923075
111,2,4,5.919413919413919
111,2,5,4.401196026196026
111,2,6,2.68470695970696
111,2,7,1.1657509157509158
111,2,8,1.1966422466422466
111,2,9,0.9325702075702076
111,2,10,0.4627594627594628
111,2,11,0.6498778998778998
111,2,12,0.9624542124542124
111,2,13,1.0842490842490842
111,2,14,0.9908424908424909
111,2,15,1.982905982905983
111,2,16,3.4462814962814963
111,2,17,3.616300366300366
111,2,18,4.2248168498168495
111,2,19,5.061813186813187
111,2,20,6.112332112332112
111,2,21,6.8432539682539675
111,2,22,8.411752136752137
111,2,23,10.00091575091575
111,3,0,10.307692307692308
111,3,1,10.307692307692308
111,3,2,10.416666666666666
111,3,3,10.416666666666666
111,3,4,9.182705026455027
111,3,5,7.777645502645503
111,3,6,5.59864417989418
111,3,7,2.475141293891294
111,3,8,1.4799933862433863
111,3,9,1.6803571428571429
111,3,10,2.191849816849817
111,3,11,2.0713064713064715
111,3,12,2.2312271062271063
111,3,13,3.085897435897436
111,3,14,3.307997557997558
111,3,15,4.089224664224664
111,3,16,5.52412864912865
111,3,17,5.642857142857143
111,3,18,5.71001221001221
111,3,19,6.164224664224664
111,3,20,6.286477411477412
111,3,21,6.684676434676434
111,3,22,8.202686202686202
111,3,23,9.574633699633699
111,4,0,9.846153846153847
111,4,1,9.846153846153847
111,4,2,9.846153846153847
111,4,3,9.846153846153847
111,4,4,8.366239316239318
111,4,5,6.669871794871795
111,4,6,4.552045177045177
111,4,7,2.679029304029304
111,4,8,1.9376068376068376
111,4,9,2.146062271062271
111,4,10,3.5592046842046843
111,4,11,3.6262210012210008
111,4,12,3.0393772893772892
111,4,13,2.8795787545787546
111,4,14,2.838758463758464
111,4,15,4.021153846153846
111,4,16,4.974372849372849
111,4,17,4.976648351648351
111,4,18,4.938186813186813
111,4,19,5.6551892551892555
111,4,20,5.313431013431013
111,4,21,5.63507326007326
111,4,22,4.857295482295482
111,4,23,5.902930402930403
111,5,0,6.769230769230769
111,5,1,6.769230769230769
111,5,2,6.769230769230769
111,5,3,6.769230769230769
111,5,4,6.314102564102564
111,5,5,6.212454212454213
111,5,6,5.785714285714286
111,5,7,4.614468864468865
111,5,8,4.013583638583639
111,5,9,3.4198717948717947
111,5,10,2.6437118437118436
111,5,11,1.5
111,5,12,1.3565323565323566
111,5,13,3.239968364968365
111,5,14,4.157509157509158
111,5,15,4.4748168498168495
111,5,16,4.657509157509158
111,5,17,3.3931623931623935
111,5,18,2.956959706959707
111,5,19,3.0798229548229545
111,5,20,2.8252442002442004
111,5,21,2.5966117216117217
111,5,22,3.033272283272283
111,5,23,3.9974053724053724
111,6,0,4.644230769230769
111,6,1,4.6923076923076925
111,6,2,4.6923076923076925
111,6,3,4.6923076923076925
111,6,4,4.4945054945054945
111,6,5,3.6227106227106227
111,6,6,2.855769230769231
111,6,7,3.195054945054945
111,6,8,2.827228327228327
111,6,9,2.1775030525030528
111,6,10,2.0393772893772892
111,6,11,1.690934065934066
111,6,12,1.5924908424908426
111,6,13,1.7364163614163612
111,6,14,1.6043956043956045
111,6,15,2.645604395604396
111,6,16,2.4903846153846154
111,6,17,1.8461538461538463
111,6,18,2.467948717948718
111,6,19,2.7251221001221
111,6,20,3.0897435897435894
111,6,21,2.6436202686202686
111,6,22,3.128663003663004
111,6,23,4.505799755799756
112,0,0,17.692307692307693
112,0,1,17.692307692307693
112,0,2,17.692307692307693
112,0,3,17.692307692307693
112,0,4,16.09078144078144
112,0,5,13.022466422466424
112,0,6,8.451090576090577
112,0,7,5.342929292929293
112,0,8,4.390720390720391
112,0,9,3.7232905982905984
112,0,10,5.065628815628816
112,0,11,3.7226800976800978
112,0,12,3.801343101343101
112,0,13,4.179334554334554
112,0,14,5.056623931623932
112,0,15,5.86427183927184
112,0,16,6.956959706959707
112,0,17,7.982808857808858
112,0,18,10.492701742701742
112,0,19,13.543040293040292
112,0,20,16.64163614163614
112,0,21,18.839285714285715
112,0,22,21.26153846153846
112,0,23,22.6268315018315
112,1,0,22.76923076923077
112,1,1,22.76923076923077
112,1,2,22.846153846153847
112,1,3,22.846153846153847
112,1,4,20.876373626373624
112,1,5,16.838308913308914
112,1,6,12.883638583638584
112,1,7,8.466078366078365
112,1,8,4.991502941502942
112,1,9,4.80454822954823
112,1,10,3.7796703296703296
112,1,11,2.6625763125763124
112,1,12,2.3444139194139195
112,1,13,3.5629731379731377
112,1,14,4.663736263736263
112,1,15,6.164835164835164
112,1,16,8.511538461538462
112,1,17,11.227777777777778
112,1,18,13.983943833943833
112,1,19,15.810644910644909
112,1,20,20.066422466422466
112,1,21,24.00824175824176
112,1,22,26.270390720390722
112,1,23,27.397435897435898
112,2,0,28.35897435897436
112,2,1,28.384615384615383
112,2,2,28.384615384615383
112,2,3,28.384615384615383
112,2,4,26.847222222222225
112,2,5,23.441239316239315
112,2,6,18.44508547008547
112,2,7,9.698795648795649
112,2,8,2.2503690753690755
112,2,9,1.4373931623931624
112,2,10,2.3355921855921857
112,2,11,3.1985542235542237
112,2,12,3.653998778998779
112,2,13,6.286965811965812
112,2,14,6.827197802197802
112,2,15,6.855189255189255
112,2,16,9.289144189144189
112,2,17,13.248057498057497
112,2,18,15.773185148185147
112,2,19,18.307203907203906
112,2,20,22.800019425019425
112,2,21,25.888583638583636
112,2,22,27.287393162393162
112,2,23,27.95772283272283
112,3,0,28.076923076923077
112,3,1,28.076923076923077
112,3,2,28.076923076923077
112,3,3,28.333333333333332
112,3,4,26.69367484367484
112,3,5,21.35052008177008
112,3,6,16.122619047619047
112,3,7,8.99316378066378
112,3,8,9.953724053724054
112,3,9,7.966644466644467
112,3,10,6.137259962259962
112,3,11,5.297877122877123
112,3,12,5.0773809523809526
112,3,13,5.466086691086692
112,3,14,6.68543956043956
112,3,15,7.266755466755466
112,3,16,10.301023976023977
112,3,17,13.029212454212454
112,3,18,16.097011322011323
112,3,19,17.484249084249083
112,3,20,21.21221833721834
112,3,21,24.003998778998778
112,3,22,25.86047286047286
112,3,23,27.33165445665446
112,4,0,27.494505494505496
112,4,1,27.53846153846154
112,4,2,27.53846153846154
112,4,3,27.53846153846154
112,4,4,26.18537851037851
112,4,5,22.02258852258852
112,4,6,16.139468864468864
112,4,7,10.59644522144522
112,4,8,4.501862026862027
112,4,9,4.430708180708181
112,4,10,4.3495115995116
112,4,11,3.8844017094017094
112,4,12,4.76019536019536
112,4,13,5.328510378510378
112,4,14,5.30989010989011
112,4,15,6.042518592518592
112,4,16,7.888600288600289
112,4,17,10.23838383838384
112,4,18,12.408522033522035
112,4,19,14.068376068376068
112,4,20,15.434940059940061
112,4,21,17.42579365079365
112,4,22,19.384382284382284
112,4,23,20.947802197802197
112,5,0,21.46153846153846
112,5,1,21.46153846153846
112,5,2,21.46153846153846
112,5,3,21.46153846153846
112,5,4,20.613553113553113
112,5,5,17.303418803418804
112,5,6,13.895421245421245
112,5,7,10.53986568986569
112,5,8,8.463736263736264
112,5,9,7.697419247419248
112,5,10,6.914044289044289
112,5,11,7.8414224664224665
112,5,12,7.459371184371184
112,5,13,6.610561660561661
112,5,14,7.240537240537241
112,5,15,8.877075702075702
112,5,16,11.140628815628816
112,5,17,12.051526251526251
112,5,18,11.783943833943834
112,5,19,10.675213675213675
112,5,20,10.797771672771672
112,5,21,12.567490842490843
112,5,22,15.514041514041512
112,5,23,17.188034188034187
112,6,0,17.54029304029304
112,6,1,17.615384615384617
112,6,2,17.615384615384617
112,6,3,17.615384615384617
112,6,4,16.80830280830281
112,6,5,14.896978021978022
112,6,6,12.826037851037851
112,6,7,9.606684981684982
112,6,8,7.41529304029304
112,6,9,5.657967032967033
112,6,10,4.888949938949939
112,6,11,5.332875457875458
112,6,12,7.01058941058941
112,6,13,7.849009324009324
112,6,14,9.450885225885227
112,6,15,8.100335775335775
112,6,16,8.243881118881118
112,6,17,8.867796092796093
112,6,18,9.000030525030525
112,6,19,10.161477411477412
112,6,20,11.25960150960151
112,6,21,12.783363858363858
112,6,22,15.471153846153847
112,6,23,17.375
113,0,0,4.846153846153846
113,0,1,4.846153846153846
113,0,2,4.846153846153846
113,0,3,4.846153846153846
113,0,4,4.996336996336996
113,0,5,5.007326007326008
113,0,6,4.9945054945054945
113,0,7,6.338522588522589
113,0,8,12.070454545454545
113,0,9,14.575091575091575
113,0,10,15.155372405372406
113,0,11,15.505494505494504
113,0,12,15.650183150183151
113,0,13,15.755036630036631
113,0,14,15.622710622710624
113,0,15,14.811660561660561
113,0,16,13.067765567765568
113,0,17,10.301739926739925
113,0,18,9.032967032967033
113,0,19,7.846611721611722
113,0,20,7.243589743589744
113,0,21,6.95970695970696
113,0,22,6.78021978021978
113,0,23,6.730769230769231
113,1,0,6.769230769230769
113,1,1,6.769230769230769
113,1,2,6.769230769230769
113,1,3,6.769230769230769
113,1,4,7.110347985347985
113,1,5,7.045787545787546
113,1,6,6.36492673992674
113,1,7,8.264346764346765
113,1,8,15.959690309690309
113,1,9,20.898443223443223
113,1,10,23.03724053724054
113,1,11,24.844627594627596
113,1,12,25.748626373626372
113,1,13,26.051129426129425
113,1,14,25.376678876678877
113,1,15,23.98998778998779
113,1,16,20.101984126984128
113,1,17,14.961288711288713
113,1,18,12.038003663003662
113,1,19,9.751373626373626
113,1,20,8.702380952380953
113,1,21,7.773656898656899
113,1,22,7.274725274725275
113,1,23,6.750915750915751
113,2,0,6.6923076923076925
113,2,1,6.6923076923076925
113,2,2,6.6923076923076925
113,2,3,6.6923076923076925
113,2,4,6.657509157509158
113,2,5,5.706043956043956
113,2,6,4.98427960927961
113,2,7,6.701678876678877
113,2,8,14.425885225885224
113,2,9,16.921703296703296
113,2,10,18.211163836163834
113,2,11,18.68833943833944
113,2,12,18.65613553113553
113,2,13,18.33287545787546
113,2,14,17.247252747252748
113,2,15,14.97832722832723
113,2,16,11.275152625152625
113,2,17,5.773076923076923
113,2,18,3.65964590964591
113,2,19,3.0677655677655675
113,2,20,2.506868131868132
113,2,21,2.03021978021978
113,2,22,1.9236874236874235
113,2,23,1.5714285714285716
113,3,0,1.5384615384615385
113,3,1,1.5384615384615385
113,3,2,1.6666666666666667
113,3,3,1.6666666666666667
113,3,4,1.9965277777777777
113,3,5,2.0114087301587302
113,3,6,2.3273809523809526
113,3,7,4.392691798941799
113,3,8,10.168948412698413
113,3,9,13.004960317460316
113,3,10,13.303418803418804
113,3,11,13.726190476190478
113,3,12,15.061965811965813
113,3,13,15.802838827838828
113,3,14,14.69017094017094
113,3,15,12.706807081807082
113,3,16,8.456721056721056
113,3,17,4.3513736263736265
113,3,18,3.166056166056166
113,3,19,2.167277167277167
113,3,20,1.4771062271062272
113,3,21,1.0315934065934067
113,3,22,0.8076923076923077
113,3,23,0.3021978021978022
113,4,0,0.23076923076923078
113,4,1,0.23076923076923078
113,4,2,0.23076923076923078
113,4,3,0.23076923076923078
113,4,4,0.575091575091575
113,4,5,0.6941391941391941
113,4,6,0.7985347985347986
113,4,7,1.5848595848595848
113,4,8,4.161904761904762
113,4,9,5.461080586080586
113,4,10,6.223443223443223
113,4,11,6.868437118437119
113,4,12,7.1941391941391934
113,4,13,7.382326007326008
113,4,14,7.186813186813187
113,4,15,6.257936507936508
113,4,16,4.751179376179376
113,4,17,2.9821428571428568
113,4,18,2.5329670329670333
113,4,19,2.24496336996337
113,4,20,1.9871794871794874
113,4,21,1.9597069597069596
113,4,22,1.8846153846153846
113,4,23,1.8461538461538463
113,5,0,1.8461538461538463
113,5,1,1.8461538461538463
113,5,2,1.8461538461538463
113,5,3,1.8461538461538463
113,5,4,1.8461538461538463
113,5,5,1.8461538461538463
113,5,6,1.858974358974359
113,5,7,2.0256410256410255
113,5,8,2.2326007326007327
113,5,9,2.269230769230769
113,5,10,2.120879120879121
113,5,11,1.791208791208791
113,5,12,1.8241758241758244
113,5,13,2.048076923076923
113,5,14,2.1785714285714284
113,5,15,2.3241758241758244
113,5,16,2.5146520146520146
113,5,17,2.379120879120879
113,5,18,2.2216117216117217
113,5,19,2.7014652014652016
113,5,20,3.0641025641025643
113,5,21,2.965659340659341
113,5,22,2.9029304029304033
113,5,23,2.956043956043956
113,6,0,2.923076923076923
113,6,1,2.923076923076923
113,6,2,2.923076923076923
113,6,3,2.923076923076923
113,6,4,2.923076923076923
113,6,5,2.923076923076923
113,6,6,2.923076923076923
113,6,7,2.923076923076923
113,6,8,2.835164835164835
113,6,9,2.543956043956044
113,6,10,2.6684981684981683
113,6,11,2.7829670329670333
113,6,12,3.1227106227106227
113,6,13,3.3864468864468864
113,6,14,3.769230769230769
113,6,15,3.8846153846153846
113,6,16,4.0256410256410255
113,6,17,4.016483516483516
113,6,18,4.364010989010989
113,6,19,4.476190476190476
113,6,20,4.512820512820513
113,6,21,4.602564102564103
113,6,22,4.82051282051282
113,6,23,4.846153846153846
114,0,0,3.6923076923076925
114,0,1,3.6923076923076925
114,0,2,3.6923076923076925
114,0,3,3.6923076923076925
114,0,4,4.146672771672772
114,0,5,7.150976800976801
114,0,6,13.877894327894328
114,0,7,24.07051282051282
114,0,8,26.445837495837495
114,0,9,28.8732905982906
114,0,10,30.20054945054945
114,0,11,30.762412587412584
114,0,12,29.9510989010989
114,0,13,28.363719613719617
114,0,14,22.57884615384615
114,0,15,12.794466644466645
114,0,16,3.171550671550672
114,0,17,1.9425158175158175
114,0,18,1.3956043956043955
114,0,19,1.388888888888889
114,0,20,1.4157509157509158
114,0,21,1.7426739926739927
114,0,22,1.9139194139194138
114,0,23,2.2211538461538463
114,1,0,2.230769230769231
114,1,1,2.230769230769231
114,1,2,2.230769230769231
114,1,3,2.230769230769231
114,1,4,2.5274725274725274
114,1,5,6.0412975912975915
114,1,6,14.285780885780886
114,1,7,26.544289044289044
114,1,8,30.549281274281274
114,1,9,33.50495892995893
114,1,10,35.053174603174604
114,1,11,34.61181041181041
114,1,12,31.637334887334887
114,1,13,29.498920523920525
114,1,14,23.099436674436674
114,1,15,9.992540792540792
114,1,16,0.8176046176046176
114,1,17,0.5268620268620269
114,1,18,1.4458874458874458
114,1,19,0.9030830280830281
114,1,20,0.6688034188034189
114,1,21,0.6483516483516484
114,1,22,0.9271978021978022
114,1,23,1.010989010989011
114,2,0,1.1538461538461537
114,2,1,1.1538461538461537
114,2,2,1.1538461538461537
114,2,3,1.1538461538461537
114,2,4,1.327838827838828
114,2,5,5.26560384060384
114,2,6,13.480594405594406
114,2,7,24.53613053613054
114,2,8,31.663403263403264
114,2,9,33.54823232323233
114,2,10,35.56077533577533
114,2,11,36.863045288045285
114,2,12,36.03900543900544
114,2,13,33.197707847707846
114,2,14,26.017726717726717
114,2,15,12.601670551670553
114,2,16,1.5561521811521812
114,2,17,0.6421855921855921
114,2,18,0.47569652569652565
114,2,19,0.39367576867576864
114,2,20,0.5341880341880342
114,2,21,0.7239316239316239
114,2,22,1.1492673992673992
114,2,23,1.3823260073260073
114,3,0,1.4615384615384615
114,3,1,1.4615384615384615
114,3,2,1.5
114,3,3,1.5
114,3,4,1.6808862433862435
114,3,5,5.577083333333333
114,3,6,13.097979797979798
114,3,7,24.518939393939394
114,3,8,29.329503367003365
114,3,9,30.91788766788767
114,3,10,31.50076312576313
114,3,11,32.17737262737263
114,3,12,31.313764013764015
114,3,13,29.08832556332556
114,3,14,21.8972138972139
114,3,15,11.052369852369852
114,3,16,2.1263680763680766
114,3,17,0.6457875457875458
114,3,18,0.35890498390498393
114,3,19,0.40766178266178266
114,3,20,0.8104395604395604
114,3,21,0.6474664224664225
114,3,22,0.5842490842490843
114,3,23,0.9299450549450549
114,4,0,0.9230769230769231
114,4,1,0.9230769230769231
114,4,2,0.9230769230769231
114,4,3,0.9230769230769231
114,4,4,1.2216117216117215
114,4,5,4.555283605283606
114,4,6,11.193589743589744
114,4,7,22.142424242424244
114,4,8,31.56955821955822
114,4,9,34.402905427905424
114,4,10,36.33739316239316
114,4,11,35.56105283605284
114,4,12,31.15297202797203
114,4,13,26.077719502719503
114,4,14,19.734382284382285
114,4,15,10.102758352758354
114,4,16,2.9613997113997117
114,4,17,0.8653846153846154
114,4,18,1.4615689865689867
114,4,19,1.1063381063381064
114,4,20,1.125976800976801
114,4,21,0.9784798534798534
114,4,22,1.1016483516483517
114,4,23,1.3846153846153846
114,5,0,1.3846153846153846
114,5,1,1.3846153846153846
114,5,2,1.3846153846153846
114,5,3,1.3846153846153846
114,5,4,1.3846153846153846
114,5,5,1.3406593406593406
114,5,6,1.7825091575091574
114,5,7,2.618131868131868
114,5,8,3.1965506715506717
114,5,9,3.807539682539683
114,5,10,3.2814407814407813
114,5,11,3.2935897435897434
114,5,12,3.7909340659340662
114,5,13,3.2943833943833947
114,5,14,2.3996642246642246
114,5,15,1.9984737484737485
114,5,16,2.082692307692308
114,5,17,2.1013431013431014
114,5,18,1.557234432234432
114,5,19,1.133089133089133
114,5,20,0.8864468864468864
114,5,21,0.9459706959706959
114,5,22,0.9001554001554002
114,5,23,1.043956043956044
114,6,0,1.0769230769230769
114,6,1,1.0769230769230769
114,6,2,1.0769230769230769
114,6,3,1.0769230769230769
114,6,4,1.0769230769230769
114,6,5,1.0879120879120878
114,6,6,1.0989010989010988
114,6,7,0.9212454212454213
114,6,8,1.2206959706959706
114,6,9,1.4137667887667886
114,6,10,1.0855311355311354
114,6,11,1.897069597069597
114,6,12,2.279456654456655
114,6,13,2.5381868131868135
114,6,14,2.5112942612942613
114,6,15,2.409035409035409
114,6,16,3.594932844932845
114,6,17,3.884157509157509
114,6,18,3.6227106227106227
114,6,19,3.6327838827838828
114,6,20,3.4097985347985347
114,6,21,3.3072344322344325
114,6,22,3.1031746031746033
114,6,23,3.6923076923076925
115,0,0,21.53846153846154
115,0,1,21.53846153846154
115,0,2,21.53846153846154
115,0,3,21.53846153846154
115,0,4,21.066849816849814
115,0,5,19.75546398046398
115,0,6,16.096858696858696
115,0,7,9.517393717393718
115,0,8,5.363858363858364
115,0,9,4.818181818181818
115,0,10,4.878663003663004
115,0,11,4.996836496836497
115,0,12,4.7796092796092795
115,0,13,4.93476800976801
115,0,14,6.362470862470863
115,0,15,8.575854700854702
115,0,16,12.95903540903541
115,0,17,17.191491841491843
115,0,18,21.538492063492065
115,0,19,23.610134310134306
115,0,20,24.93605006105006
115,0,21,25.897435897435898
115,0,22,26.531898656898655
115,0,23,26.586080586080584
115,1,0,26.692307692307693
115,1,1,26.692307692307693
115,1,2,26.692307692307693
115,1,3,26.692307692307693
115,1,4,26.148199023199023
115,1,5,24.95641303141303
115,1,6,20.84926184926185
115,1,7,10.004234654234654
115,1,8,1.722963147963148
115,1,9,1.0395299145299146
115,1,10,1.3133394383394383
115,1,11,1.0353174603174602
115,1,12,1.5694749694749697
115,1,13,2.8064713064713067
115,1,14,3.7312271062271063
115,1,15,6.661843711843711
115,1,16,12.016686091686093
115,1,17,18.5510101010101
115,1,18,23.55526418026418
115,1,19,25.782905982905984
115,1,20,27.415262515262516
115,1,21,28.56411643911644
115,1,22,29.187912087912085
115,1,23,29.413919413919416
115,2,0,29.846153846153847
115,2,1,29.846153846153847
115,2,2,29.846153846153847
115,2,3,29.846153846153847
115,2,4,29.238553113553113
115,2,5,28.305250305250304
115,2,6,24.94171384171384
115,2,7,14.486091686091687
115,2,8,3.3290598290598292
115,2,9,1.312973137973138
115,2,10,1.056013431013431
115,2,11,1.6404234654234655
115,2,12,2.404029304029304
115,2,13,4.6059829059829065
115,2,14,5.942612942612943
115,2,15,9.065567765567765
115,2,16,12.456818181818182
115,2,17,19.04350926850927
115,2,18,25.637121212121215
115,2,19,27.953249528249525
115,2,20,28.75534188034188
115,2,21,28.85897435897436
115,2,22,28.38901098901099
115,2,23,28.653846153846153
115,3,0,28.692307692307693
115,3,1,28.692307692307693
115,3,2,28.75
115,3,3,28.75
115,3,4,28.229166666666668
115,3,5,27.16084656084656
115,3,6,24.475496031746033
115,3,7,16.32895622895623
115,3,8,8.10003885003885
115,3,9,6.221642246642247
115,3,10,4.412900987900988
115,3,11,3.359332334332334
115,3,12,3.805278055278055
115,3,13,4.6557664557664555
115,3,14,4.572860472860473
115,3,15,6.203779553779554
115,3,16,9.902738927738929
115,3,17,14.543278943278942
115,3,18,18.682886557886558
115,3,19,21.394017094017094
115,3,20,25.267063492063492
115,3,21,28.05308302808303
115,3,22,28.443681318681318
115,3,23,28.753663003663004
115,4,0,28.923076923076923
115,4,1,28.923076923076923
115,4,2,28.923076923076923
115,4,3,28.923076923076923
115,4,4,28.175213675213676
115,4,5,27.064713064713064
115,4,6,24.36935286935287
115,4,7,17.82163947163947
115,4,8,9.757886557886557
115,4,9,7.016971916971917
115,4,10,5.917460317460317
115,4,11,4.644344544344544
115,4,12,4.194139194139194
115,4,13,5.294297369297369
115,4,14,6.760564435564435
115,4,15,9.294444444444444
115,4,16,10.89031524031524
115,4,17,14.526068376068377
115,4,18,16.522649572649573
115,4,19,18.120757020757022
115,4,20,20.806471306471305
115,4,21,22.963431013431013
115,4,22,25.02899877899878
115,4,23,25.994810744810746
115,5,0,26.23076923076923
115,5,1,26.23076923076923
115,5,2,26.23076923076923
115,5,3,26.23076923076923
115,5,4,26.225274725274726
115,5,5,25.86813186813187
115,5,6,24.706318681318685
115,5,7,23.886086136086135
115,5,8,22.66723554223554
115,5,9,19.874059274059274
115,5,10,17.427197802197803
115,5,11,15.036263736263736
115,5,12,14.868828393828393
115,5,13,14.392229992229991
115,5,14,13.22537185037185
115,5,15,13.99042069042069
115,5,16,13.98511211011211
115,5,17,15.019619269619271
115,5,18,16.085231435231435
115,5,19,15.413461538461538
115,5,20,16.883882783882783
115,5,21,18.737118437118436
115,5,22,20.290886890886892
115,5,23,21.156166056166057
115,6,0,21.46153846153846
115,6,1,21.46153846153846
115,6,2,21.46153846153846
115,6,3,21.46153846153846
115,6,4,21.474969474969477
115,6,5,21.35668498168498
115,6,6,20.151129426129426
115,6,7,19.011752136752136
115,6,8,18.660853035853034
115,6,9,17.36111111111111
115,6,10,15.71959706959707
115,6,11,14.201831501831503
115,6,12,14.322557997557997
115,6,13,14.514896214896215
115,6,14,13.978904428904428
115,6,15,13.526800976800976
115,6,16,14.41248473748474
115,6,17,16.411935286935286
115,6,18,17.58623321123321
115,6,19,17.74313186813187
115,6,20,18.45848595848596
115,6,21,19.817338217338218
115,6,22,20.42014652014652
115,6,23,21.14102564102564
116,0,0,2.769230769230769
116,0,1,2.769230769230769
116,0,2,2.769230769230769
116,0,3,2.769230769230769
116,0,4,2.7142857142857144
116,0,5,2.2333638583638584
116,0,6,1.4010989010989012
116,0,7,1.064935064935065
116,0,8,0.9194139194139195
116,0,9,1.1434676434676434
116,0,10,2.5077838827838828
116,0,11,3.0851648351648353
116,0,12,4.147435897435897
116,0,13,6.545329670329671
116,0,14,6.962912087912088
116,0,15,6.590659340659341
116,0,16,7.087912087912088
116,0,17,6.441086691086691
116,0,18,5.080280830280831
116,0,19,5.015567765567766
116,0,20,5.222527472527473
116,0,21,5.657509157509158
116,0,22,5.70879120879121
116,0,23,5.6923076923076925
116,1,0,5.6923076923076925
116,1,1,5.6923076923076925
116,1,2,5.6923076923076925
116,1,3,5.6923076923076925
116,1,4,5.768315018315018
116,1,5,4.934065934065933
116,1,6,4.10485347985348
116,1,7,2.796855921855922
116,1,8,2.0137362637362637
116,1,9,1.8205128205128203
116,1,10,3.5856227106227108
116,1,11,4.683150183150183
116,1,12,7.296703296703297
116,1,13,8.92918192918193
116,1,14,9.879120879120878
116,1,15,9.156898656898658
116,1,16,8.4001221001221
116,1,17,7.6651404151404146
116,1,18,7.035714285714286
116,1,19,6.576312576312576
116,1,20,6.741300366300366
116,1,21,6.608516483516484
116,1,22,6.487179487179487
116,1,23,6.461538461538462
116,2,0,6.461538461538462
116,2,1,6.461538461538462
116,2,2,6.461538461538462
116,2,3,6.461538461538462
116,2,4,6.501831501831502
116,2,5,6.957417582417582
116,2,6,5.983516483516484
116,2,7,4.522466422466422
116,2,8,3.537698412698413
116,2,9,2.9285714285714284
116,2,10,3.1117216117216113
116,2,11,7.210927960927961
116,2,12,8.649358974358973
116,2,13,8.716117216117215
116,2,14,9.79120879120879
116,2,15,9.3743894993895
116,2,16,8.614560439560439
116,2,17,7.8959706959706955
116,2,18,6.581501831501831
116,2,19,6.3910256410256405
116,2,20,6.485347985347985
116,2,21,6.815476190476191
116,2,22,6.98992673992674
116,2,23,7.167582417582418
116,3,0,7.153846153846154
116,3,1,7.153846153846154
116,3,2,6.416666666666667
116,3,3,6.416666666666667
116,3,4,6.501488095238095
116,3,5,5.913690476190475
116,3,6,4.245039682539683
116,3,7,3.2901785714285716
116,3,8,2.800099206349206
116,3,9,2.638392857142857
116,3,10,4.5879120879120885
116,3,11,6.477564102564103
116,3,12,10.13562271062271
116,3,13,10.29029304029304
116,3,14,10.115384615384615
116,3,15,9.63385225885226
116,3,16,9.373168498168498
116,3,17,8.191697191697191
116,3,18,7.69004884004884
116,3,19,7.678571428571429
116,3,20,7.502442002442003
116,3,21,7.538919413919414
116,3,22,7.79029304029304
116,3,23,7.906593406593407
116,4,0,7.923076923076923
116,4,1,7.923076923076923
116,4,2,7.923076923076923
116,4,3,7.923076923076923
116,4,4,7.82967032967033
116,4,5,7.013736263736264
116,4,6,6.471459096459096
116,4,7,5.709706959706959
116,4,8,4.899420024420024
116,4,9,4.382173382173383
116,4,10,4.23992673992674
116,4,11,5.408882783882784
116,4,12,8.078907203907203
116,4,13,10.635989010989011
116,4,14,9.942307692307692
116,4,15,8.97069597069597
116,4,16,8.989418914418914
116,4,17,8.130952380952381
116,4,18,7.885989010989011
116,4,19,7.763583638583639
116,4,20,7.387820512820512
116,4,21,7.464285714285714
116,4,22,7.824175824175825
116,4,23,7.775946275946277
116,5,0,7.769230769230769
116,5,1,7.769230769230769
116,5,2,7.769230769230769
116,5,3,7.769230769230769
116,5,4,7.753205128205129
116,5,5,7.635531135531135
116,5,6,7.460622710622711
116,5,7,6.877747252747252
116,5,8,5.885989010989011
116,5,9,5.027930402930403
116,5,10,4.228968253968254
116,5,11,3.796703296703297
116,5,12,3.146062271062271
116,5,13,2.215964590964591
116,5,14,3.146153846153846
116,5,15,2.7808302808302807
116,5,16,2.923382173382173
116,5,17,2.608058608058608
116,5,18,3.0815018315018317
116,5,19,3.2898351648351647
116,5,20,3.025641025641025
116,5,21,2.93040293040293
116,5,22,2.7687728937728937
116,5,23,2.769230769230769
116,6,0,2.769230769230769
116,6,1,2.769230769230769
116,6,2,2.769230769230769
116,6,3,2.769230769230769
116,6,4,2.8205128205128203
116,6,5,2.7032967032967035
116,6,6,2.6410256410256414
116,6,7,2.2706043956043955
116,6,8,1.5152625152625154
116,6,9,1.1153846153846154
116,6,10,0.8612637362637362
116,6,11,0.6570512820512822
116,6,12,1.809981684981685
116,6,13,3.0961538461538463
116,6,14,2.866758241758242
116,6,15,3.2454212454212454
116,6,16,3.6144688644688645
116,6,17,3.4244200244200247
116,6,18,2.825091575091575
116,6,19,3.3392857142857144
116,6,20,3.2211538461538463
116,6,21,2.8717948717948714
116,6,22,2.8937728937728937
116,6,23,2.791208791208791
117,0,0,4.3076923076923075
117,0,1,4.3076923076923075
117,0,2,4.3076923076923075
117,0,3,4.3076923076923075
117,0,4,4.3076923076923075
117,0,5,4.604395604395605
117,0,6,6.907478632478632
117,0,7,11.735217560217562
117,0,8,19.428052503052502
117,0,9,22.311172161172163
117,0,10,22.833028083028083
117,0,11,22.27675102675103
117,0,12,22.75320512820513
117,0,13,22.723748473748476
117,0,14,21.624278499278496
117,0,15,15.301237651237651
117,0,16,6.644308469308469
117,0,17,3.448870573870574
117,0,18,3.594322344322344
117,0,19,3.3516483516483513
117,0,20,2.982142857142857
117,0,21,2.9322344322344325
117,0,22,2.857142857142857
117,0,23,2.73489010989011
117,1,0,2.6923076923076925
117,1,1,2.6923076923076925
117,1,2,2.6923076923076925
117,1,3,2.6923076923076925
117,1,4,2.6923076923076925
117,1,5,3.282051282051282
117,1,6,6.85504773004773
117,1,7,19.707226107226106
117,1,8,35.16254578754579
117,1,9,35.995726495726494
117,1,10,35.23885836385836
117,1,11,34.513888888888886
117,1,12,34.48855311355312
117,1,13,34.78983516483516
117,1,14,33.73272283272283
117,1,15,25.955050505050504
117,1,16,5.972594072594073
117,1,17,0.7313797313797313
117,1,18,0.7779304029304028
117,1,19,1.1227106227106227
117,1,20,1.2005494505494505
117,1,21,0.8795787545787547
117,1,22,0.6923076923076923
117,1,23,0.641025641025641
117,2,0,0.38461538461538464
117,2,1,0.38461538461538464
117,2,2,0.38461538461538464
117,2,3,0.38461538461538464
117,2,4,0.38461538461538464
117,2,5,0.7316849816849816
117,2,6,3.8115634365634365
117,2,7,17.42797202797203
117,2,8,35.84368131868132
117,2,9,37.1478021978022
117,2,10,35.465811965811966
117,2,11,34.69871794871795
117,2,12,33.91346153846154
117,2,13,33.112637362637365
117,2,14,31.400824175824177
117,2,15,22.877544677544677
117,2,16,4.172813297813297
117,2,17,0.743131868131868
117,2,18,0.5132783882783882
117,2,19,0.7582417582417583
117,2,20,0.6813186813186813
117,2,21,0.7747252747252747
117,2,22,0.6666666666666667
117,2,23,0.5480769230769231
117,3,0,0.5384615384615384
117,3,1,0.5384615384615384
117,3,2,0.5833333333333334
117,3,3,0.5833333333333334
117,3,4,0.5833333333333334
117,3,5,0.9801587301587301
117,3,6,3.163095238095238
117,3,7,9.559998797498798
117,3,8,23.626376863876867
117,3,9,27.819444444444443
117,3,10,25.46474358974359
117,3,11,24.756501831501833
117,3,12,25.341422466422465
117,3,13,25.589285714285715
117,3,14,24.789682539682538
117,3,15,18.294560994560996
117,3,16,6.789726939726939
117,3,17,2.8313492063492065
117,3,18,2.2898351648351647
117,3,19,2.179945054945055
117,3,20,2.0737179487179485
117,3,21,1.7353479853479854
117,3,22,1.4230769230769231
117,3,23,1.195054945054945
117,4,0,1.1538461538461537
117,4,1,1.1538461538461537
117,4,2,1.1538461538461537
117,4,3,1.1538461538461537
117,4,4,1.1538461538461537
117,4,5,1.48992673992674
117,4,6,3.747058497058497
117,4,7,8.66060606060606
117,4,8,14.615934065934066
117,4,9,17.15549728049728
117,4,10,18.054945054945055
117,4,11,17.6478021978022
117,4,12,17.455891330891333
117,4,13,16.802197802197803
117,4,14,15.233974358974358
117,4,15,9.53997668997669
117,4,16,3.602156177156177
117,4,17,1.1726190476190477
117,4,18,0.990079365079365
117,4,19,1.4597069597069599
117,4,20,1.5897435897435899
117,4,21,1.3846153846153846
117,4,22,1.217948717948718
117,4,23,0.7692307692307693
117,5,0,0.6923076923076923
117,5,1,0.6923076923076923
117,5,2,0.6923076923076923
117,5,3,0.6923076923076923
117,5,4,0.6923076923076923
117,5,5,0.8502747252747253
117,5,6,1.2326007326007324
117,5,7,1.327838827838828
117,5,8,1.075091575091575
117,5,9,0.7307692307692307
117,5,10,0.7124542124542125
117,5,11,0.7184065934065933
117,5,12,0.8244810744810744
117,5,13,0.8635531135531136
117,5,14,0.8516483516483516
117,5,15,1.601190476190476
117,5,16,2.9972527472527473
117,5,17,3.8331807081807083
117,5,18,4.507326007326007
117,5,19,4.311355311355311
117,5,20,4.200549450549451
117,5,21,4.199175824175824
117,5,22,4.206959706959707
117,5,23,4.163461538461538
117,6,0,4.153846153846154
117,6,1,4.153846153846154
117,6,2,4.153846153846154
117,6,3,4.153846153846154
117,6,4,4.153846153846154
117,6,5,4.245421245421245
117,6,6,4.431318681318681
117,6,7,4.529304029304029
117,6,8,4.853021978021978
117,6,9,4.65018315018315
117,6,10,4.796703296703297
117,6,11,4.461080586080586
117,6,12,4.366300366300366
117,6,13,4.52014652014652
117,6,14,4.008241758241758
117,6,15,4.404304029304029
117,6,16,4.614774114774115
117,6,17,4.8778998778998774
117,6,18,5.300824175824175
117,6,19,5.4945054945054945
117,6,20,5.087912087912088
117,6,21,4.637362637362637
117,6,22,4.43956043956044
117,6,23,4.326923076923077
12,0,0,2.230769230769231
12,0,1,2.230769230769231
12,0,2,2.230769230769231
12,0,3,2.230769230769231
12,0,4,2.2161172161172162
12,0,5,1.7243589743589745
12,0,6,2.0128205128205128
12,0,7,1.1565628815628815
12,0,8,0.19230769230769232
12,0,9,0.4945054945054945
12,0,10,0.6743589743589744
12,0,11,0.4821428571428571
12,0,12,1.2283882783882782
12,0,13,1.2271062271062272
12,0,14,1.2619047619047619
12,0,15,1.395909645909646
12,0,16,1.4969252969252969
12,0,17,2.130189255189255
12,0,18,2.286630036630037
12,0,19,1.7197802197802199
12,0,20,1.380952380952381
12,0,21,1.6556776556776558
12,0,22,1.9624542124542126
12,0,23,2.72481684981685
12,1,0,2.8461538461538463
12,1,1,2.8461538461538463
12,1,2,2.8461538461538463
12,1,3,2.8461538461538463
12,1,4,2.7252747252747254
12,1,5,2.1184371184371185
12,1,6,2.3716422466422467
12,1,7,1.0906593406593408
12,1,8,0.06959706959706959
12,1,9,0.2692307692307692
12,1,10,1.206959706959707
12,1,11,1.3864468864468864
12,1,12,1.2820512820512822
12,1,13,1.385989010989011
12,1,14,1.7735042735042734
12,1,15,1.4036935286935288
12,1,16,1.8853923853923855
12,1,17,3.4975579975579976
12,1,18,3.707417582417582
12,1,19,3.2777777777777777
12,1,20,2.6410256410256414
12,1,21,3.244200244200244
12,1,22,4.177045177045177
12,1,23,4.585164835164835
12,2,0,4.846153846153846
12,2,1,4.846153846153846
12,2,2,4.846153846153846
12,2,3,4.846153846153846
12,2,4,4.673992673992673
12,2,5,4.84508547008547
12,2,6,6.1560439560439555
12,2,7,3.3053779553779554
12,2,8,1.0808302808302808
12,2,9,0.8768315018315018
12,2,10,1.6593406593406592
12,2,11,2.5911172161172162
12,2,12,1.637057387057387
12,2,13,1.092796092796093
12,2,14,1.8907203907203907
12,2,15,1.774023199023199
12,2,16,2.9649017649017653
12,2,17,4.394352869352869
12,2,18,4.608669108669108
12,2,19,4.477533577533578
12,2,20,4.302197802197802
12,2,21,4.500915750915751
12,2,22,5.258699633699634
12,2,23,5.827838827838828
12,3,0,6.076923076923077
12,3,1,6.076923076923077
12,3,2,6.083333333333333
12,3,3,6.083333333333333
12,3,4,5.871527777777778
12,3,5,5.540178571428572
12,3,6,6.182440476190476
12,3,7,4.290698653198653
12,3,8,0.8834325396825397
12,3,9,0.5873015873015873
12,3,10,1.0833333333333335
12,3,11,1.521978021978022
12,3,12,1.5686813186813187
12,3,13,1.7554945054945053
12,3,14,2.4611721611721613
12,3,15,2.326617826617827
12,3,16,2.8907509157509157
12,3,17,2.530250305250305
12,3,18,2.230921855921856
12,3,19,1.6817765567765568
12,3,20,2.1025641025641026
12,3,21,3.512820512820513
12,3,22,4.305860805860806
12,3,23,4.674908424908425
12,4,0,4.846153846153846
12,4,1,4.846153846153846
12,4,2,4.846153846153846
12,4,3,4.846153846153846
12,4,4,4.767399267399267
12,4,5,4.419413919413919
12,4,6,4.778330003330003
12,4,7,3.718864468864469
12,4,8,2.064010989010989
12,4,9,2.5366300366300365
12,4,10,2.3794261294261294
12,4,11,2.1506410256410255
12,4,12,3.0405982905982905
12,4,13,2.805982905982906
12,4,14,2.2855616605616604
12,4,15,2.9134615384615383
12,4,16,3.6204212454212454
12,4,17,4.161935286935287
12,4,18,3.8192918192918195
12,4,19,3.409340659340659
12,4,20,3.7423687423687424
12,4,21,3.543040293040293
12,4,22,3.8466117216117217
12,4,23,4.1195054945054945
12,5,0,4.3076923076923075
12,5,1,4.3076923076923075
12,5,2,4.3076923076923075
12,5,3,4.3076923076923075
12,5,4,4.3076923076923075
12,5,5,3.8589743589743595
12,5,6,2.9670329670329676
12,5,7,2.4786324786324787
12,5,8,2.4253663003663
12,5,9,2.2773199023199022
12,5,10,1.887973137973138
12,5,11,3.4862637362637363
12,5,12,3.7765567765567765
12,5,13,2.733058608058608
12,5,14,2.466391941391941
12,5,15,1.7756410256410255
12,5,16,1.196123321123321
12,5,17,1.6557997557997557
12,5,18,1.3795787545787546
12,5,19,1.5329670329670328
12,5,20,1.5586080586080586
12,5,21,1.3772893772893773
12,5,22,2.031135531135531
12,5,23,2.722527472527472
12,6,0,3.076923076923077
12,6,1,3.076923076923077
12,6,2,3.076923076923077
12,6,3,3.076923076923077
12,6,4,3.001831501831502
12,6,5,2.7582417582417587
12,6,6,2.147893772893773
12,6,7,1.8717948717948718
12,6,8,1.3553113553113554
12,6,9,1.3008241758241756
12,6,10,1.0677655677655677
12,6,11,1.6510989010989012
12,6,12,1.876831501831502
12,6,13,1.5494505494505495
12,6,14,1.4423076923076923
12,6,15,0.8841575091575091
12,6,16,0.9532967032967034
12,6,17,1.1112637362637363
12,6,18,0.9304029304029304
12,6,19,0.7344322344322344
12,6,20,0.7692307692307693
12,6,21,1.25
12,6,22,1.7435897435897436
12,6,23,2.163919413919414
13,0,0,5.153846153846154
13,0,1,5.153846153846154
13,0,2,5.153846153846154
13,0,3,5.153846153846154
13,0,4,5.153846153846154
13,0,5,4.8388278388278385
13,0,6,5.388888888888889
13,0,7,7.980555555555555
13,0,8,11.978021978021978
13,0,9,12.83974358974359
13,0,10,12.866466866466867
13,0,11,12.76007326007326
13,0,12,12.434065934065934
13,0,13,12.239102564102565
13,0,14,11.761141636141636
13,0,15,10.208333333333334
13,0,16,7.371583971583972
13,0,17,4.840354090354091
13,0,18,4.623168498168498
13,0,19,3.9157509157509156
13,0,20,3.889041514041514
13,0,21,3.879120879120879
13,0,22,3.6923076923076925
13,0,23,3.6923076923076925
13,1,0,3.6923076923076925
13,1,1,3.6923076923076925
13,1,2,3.6923076923076925
13,1,3,3.6923076923076925
13,1,4,3.6923076923076925
13,1,5,3.3562271062271063
13,1,6,3.8887362637362637
13,1,7,7.51965811965812
13,1,8,12.713736263736264
13,1,9,13.907509157509157
13,1,10,14.294871794871796
13,1,11,13.585622710622712
13,1,12,12.738403263403264
13,1,13,13.73730158730159
13,1,14,13.966727716727718
13,1,15,11.618528693528694
13,1,16,6.856365856365856
13,1,17,3.2213675213675215
13,1,18,2.4783882783882785
13,1,19,2.407967032967033
13,1,20,2.565018315018315
13,1,21,2.1648351648351647
13,1,22,2.032967032967033
13,1,23,2.0256410256410255
13,2,0,2.0
13,2,1,2.0
13,2,2,2.0
13,2,3,2.0
13,2,4,2.0
13,2,5,1.9395604395604396
13,2,6,2.585927960927961
13,2,7,5.951184926184927
13,2,8,11.564987789987791
13,2,9,12.661935286935288
13,2,10,13.521645021645021
13,2,11,12.997008547008546
13,2,12,12.972771672771673
13,2,13,13.346306471306471
13,2,14,11.9496336996337
13,2,15,10.398434898434898
13,2,16,5.35990120990121
13,2,17,1.921184371184371
13,2,18,1.4203296703296704
13,2,19,1.2870879120879122
13,2,20,1.487942612942613
13,2,21,0.8901098901098901
13,2,22,0.5963064713064713
13,2,23,0.5256410256410257
13,3,0,0.5384615384615384
13,3,1,0.5384615384615384
13,3,2,0.5833333333333334
13,3,3,0.5833333333333334
13,3,4,0.5833333333333334
13,3,5,0.6170634920634921
13,3,6,1.6334325396825395
13,3,7,5.236616161616161
13,3,8,10.29513888888889
13,3,9,11.339285714285715
13,3,10,11.375
13,3,11,10.760936285936285
13,3,12,10.904151404151404
13,3,13,11.58421855921856
13,3,14,10.762057387057386
13,3,15,8.867918192918193
13,3,16,4.599333999333999
13,3,17,2.1146214896214897
13,3,18,2.178113553113553
13,3,19,2.121794871794872
13,3,20,1.8960622710622712
13,3,21,1.4194139194139195
13,3,22,0.7142857142857142
13,3,23,0.673992673992674
13,4,0,0.7692307692307693
13,4,1,0.7692307692307693
13,4,2,0.7692307692307693
13,4,3,0.7692307692307693
13,4,4,0.7692307692307693
13,4,5,0.8205128205128205
13,4,6,1.3823260073260073
13,4,7,3.6523226773226773
13,4,8,6.340048840048841
13,4,9,6.6802808302808305
13,4,10,7.3173076923076925
13,4,11,7.169261294261294
13,4,12,6.491147741147741
13,4,13,6.108760683760684
13,4,14,5.739163614163615
13,4,15,5.397741147741148
13,4,16,4.669413919413919
13,4,17,3.587454212454212
13,4,18,4.09478021978022
13,4,19,4.120115995115995
13,4,20,3.6744505494505493
13,4,21,3.123626373626373
13,4,22,2.8315018315018317
13,4,23,2.7527472527472527
13,5,0,2.769230769230769
13,5,1,2.769230769230769
13,5,2,2.769230769230769
13,5,3,2.769230769230769
13,5,4,2.769230769230769
13,5,5,2.5714285714285716
13,5,6,2.668956043956044
13,5,7,3.695360195360195
13,5,8,4.375
13,5,9,4.043040293040293
13,5,10,4.181318681318682
13,5,11,4.864010989010989
13,5,12,5.1089743589743595
13,5,13,5.124084249084249
13,5,14,4.7344322344322345
13,5,15,4.616300366300366
13,5,16,3.891941391941392
13,5,17,3.7967032967032965
13,5,18,3.956043956043956
13,5,19,4.61492673992674
13,5,20,4.963369963369963
13,5,21,4.9322344322344325
13,5,22,4.830128205128205
13,5,23,4.564102564102564
13,6,0,4.538461538461538
13,6,1,4.538461538461538
13,6,2,4.538461538461538
13,6,3,4.538461538461538
13,6,4,4.5256410256410255
13,6,5,4.267399267399268
13,6,6,4.309523809523809
13,6,7,4.818223443223443
13,6,8,4.748626373626374
13,6,9,4.631868131868132
13,6,10,4.875457875457875
13,6,11,4.725274725274725
13,6,12,4.939407814407814
13,6,13,4.576923076923077
13,6,14,4.642857142857143
13,6,15,4.684981684981685
13,6,16,4.86996336996337
13,6,17,4.877289377289378
13,6,18,4.814102564102564
13,6,19,5.10989010989011
13,6,20,5.076923076923077
13,6,21,5.0
13,6,22,4.945054945054944
13,6,23,5.128205128205129
14,0,0,24.076923076923077
14,0,1,24.076923076923077
14,0,2,24.076923076923077
14,0,3,24.076923076923077
14,0,4,23.509432234432232
14,0,5,19.562271062271062
14,0,6,19.151373626373626
14,0,7,20.179639804639805
14,0,8,22.865564990564987
14,0,9,22.927503052503052
14,0,10,23.337745587745587
14,0,11,20.33871128871129
14,0,12,18.556224331224332
14,0,13,19.434307359307358
14,0,14,19.870695970695973
14,0,15,21.51512099012099
14,0,16,22.097047397047394
14,0,17,22.536019536019538
14,0,18,23.91510434010434
14,0,19,22.507464757464756
14,0,20,21.209093684093684
14,0,21,20.122771672771673
14,0,22,18.797771672771674
14,0,23,18.152014652014653
14,1,0,18.076923076923077
14,1,1,18.076923076923077
14,1,2,18.076923076923077
14,1,3,18.076923076923077
14,1,4,18.7737567987568
14,1,5,16.182539682539684
14,1,6,14.864468864468865
14,1,7,18.166899766899768
14,1,8,22.780572205572206
14,1,9,23.033638583638584
14,1,10,22.754723054723055
14,1,11,19.412887112887113
14,1,12,19.28346930846931
14,1,13,15.39507437007437
14,1,14,14.737087912087912
14,1,15,15.875990675990675
14,1,16,13.902564102564103
14,1,17,15.907847707847708
14,1,18,18.37504995004995
14,1,19,16.97752525252525
14,1,20,14.608669108669108
14,1,21,12.971320346320347
14,1,22,10.351739926739926
14,1,23,8.152777777777779
14,2,0,8.644688644688644
14,2,1,8.692307692307692
14,2,2,8.692307692307692
14,2,3,8.692307692307692
14,2,4,9.371916971916972
14,2,5,8.009615384615385
14,2,6,7.876465201465202
14,2,7,11.192812742812745
14,2,8,19.28787878787879
14,2,9,21.483333333333334
14,2,10,21.527125652125655
14,2,11,20.085761460761464
14,2,12,19.902097902097903
14,2,13,19.94972804972805
14,2,14,18.80595238095238
14,2,15,19.746309246309245
14,2,16,19.54044289044289
14,2,17,20.95975135975136
14,2,18,21.621309246309245
14,2,19,21.334512709512712
14,2,20,20.27000777000777
14,2,21,17.244677544677543
14,2,22,13.578876678876679
14,2,23,11.981562881562882
14,3,0,11.76923076923077
14,3,1,11.76923076923077
14,3,2,12.75
14,3,3,12.75
14,3,4,12.885747354497354
14,3,5,7.653472222222223
14,3,6,6.639351851851852
14,3,7,13.682575757575757
14,3,8,22.441738816738816
14,3,9,21.74893162393162
14,3,10,18.66971916971917
14,3,11,17.072125097125095
14,3,12,16.847047397047398
14,3,13,16.298809523809524
14,3,14,16.13996558996559
14,3,15,17.303194028194028
14,3,16,16.445904095904094
14,3,17,18.816239316239315
14,3,18,22.35850815850816
14,3,19,21.5758769008769
14,3,20,20.981471306471306
14,3,21,19.273171273171272
14,3,22,16.185864135864136
14,3,23,12.875
14,4,0,12.692307692307692
14,4,1,12.692307692307692
14,4,2,12.692307692307692
14,4,3,12.692307692307692
14,4,4,12.295146520146519
14,4,5,8.009798534798534
14,4,6,8.342490842490843
14,4,7,12.17426184926185
14,4,8,17.18033078033078
14,4,9,18.700882450882453
14,4,10,20.41217948717949
14,4,11,20.625854700854703
14,4,12,18.20982905982906
14,4,13,20.393376068376067
14,4,14,21.7996558996559
14,4,15,22.991142191142192
14,4,16,24.5527972027972
14,4,17,25.87964257964258
14,4,18,27.78226218226218
14,4,19,28.022191697191698
14,4,20,27.158993783993783
14,4,21,26.612487512487515
14,4,22,24.36456043956044
14,4,23,21.871245421245423
14,5,0,22.076923076923077
14,5,1,22.076923076923077
14,5,2,22.076923076923077
14,5,3,22.076923076923077
14,5,4,22.53366910866911
14,5,5,24.492673992673993
14,5,6,22.77551615051615
14,5,7,19.84056499056499
14,5,8,19.707234432234433
14,5,9,19.68913308913309
14,5,10,21.965598290598294
14,5,11,24.195765345765345
14,5,12,24.4741452991453
14,5,13,25.99291819291819
14,5,14,28.74795482295482
14,5,15,27.24723332223332
14,5,16,26.039058164058165
14,5,17,27.016544566544567
14,5,18,27.597147297147295
14,5,19,28.29416971916972
14,5,20,28.590034965034967
14,5,21,28.010336885336887
14,5,22,26.727930402930404
14,5,23,23.11111111111111
14,6,0,22.76923076923077
14,6,1,22.846153846153847
14,6,2,22.846153846153847
14,6,3,22.846153846153847
14,6,4,22.35347985347985
14,6,5,24.29746642246642
14,6,6,25.264652014652015
14,6,7,25.83501221001221
14,6,8,26.62887667887668
14,6,9,21.083394383394385
14,6,10,21.910209235209233
14,6,11,23.574572649572648
14,6,12,25.568484293484293
14,6,13,26.95680708180708
14,6,14,26.042560217560215
14,6,15,26.902428127428127
14,6,16,28.043681318681315
14,6,17,28.012728937728937
14,6,18,28.145787545787545
14,6,19,28.24969474969475
14,6,20,28.044536019536018
14,6,21,27.157509157509157
14,6,22,25.997932622932623
14,6,23,24.122252747252748
15,0,0,4.141025641025641
15,0,1,4.153846153846154
15,0,2,4.153846153846154
15,0,3,4.153846153846154
15,0,4,3.5453296703296706
15,0,5,2.4435286935286937
15,0,6,2.151068376068376
15,0,7,1.5631868131868134
15,0,8,0.4322344322344322
15,0,9,0.06410256410256411
15,0,10,0.20238095238095238
15,0,11,0.6836080586080585
15,0,12,0.592948717948718
15,0,13,0.7253663003663005
15,0,14,1.2356532356532357
15,0,15,1.5398351648351647
15,0,16,0.8053613053613053
15,0,17,1.6741452991452992
15,0,18,2.2387362637362638
15,0,19,3.0457875457875456
15,0,20,3.2788461538461537
15,0,21,3.468864468864469
15,0,22,3.892857142857143
15,0,23,4.242216117216118
15,1,0,4.3076923076923075
15,1,1,4.3076923076923075
15,1,2,4.3076923076923075
15,1,3,4.3076923076923075
15,1,4,3.5705128205128203
15,1,5,1.9795787545787544
15,1,6,1.5277777777777777
15,1,7,1.3314324564324567
15,1,8,0.7280219780219781
15,1,9,0.3241758241758242
15,1,10,0.14285714285714285
15,1,11,0.47985347985347987
15,1,12,0.6309523809523809
15,1,13,1.48992673992674
15,1,14,1.11492673992674
15,1,15,1.0647130647130647
15,1,16,0.7554945054945055
15,1,17,2.3792735042735043
15,1,18,2.807875457875458
15,1,19,3.474175824175824
15,1,20,4.608669108669108
15,1,21,5.1822344322344325
15,1,22,5.501068376068376
15,1,23,5.834249084249085
15,2,0,5.923076923076923
15,2,1,5.923076923076923
15,2,2,5.923076923076923
15,2,3,5.923076923076923
15,2,4,5.104395604395605
15,2,5,3.061660561660562
15,2,6,2.083083583083583
15,2,7,2.3235653235653233
15,2,8,2.125
15,2,9,1.683913308913309
15,2,10,1.1813186813186813
15,2,11,1.1114163614163615
15,2,12,1.8218864468864469
15,2,13,2.6758241758241756
15,2,14,2.816239316239316
15,2,15,1.5997252747252746
15,2,16,0.8690476190476191
15,2,17,1.4006410256410255
15,2,18,1.505952380952381
15,2,19,2.329822954822955
15,2,20,3.967490842490842
15,2,21,5.0
15,2,22,5.226648351648351
15,2,23,5.6024114774114775
15,3,0,5.923076923076923
15,3,1,5.923076923076923
15,3,2,5.833333333333333
15,3,3,5.833333333333333
15,3,4,4.986111111111112
15,3,5,3.2514880952380953
15,3,6,2.8116732804232805
15,3,7,2.5502645502645502
15,3,8,2.125429894179894
15,3,9,1.8363095238095237
15,3,10,1.5354090354090353
15,3,11,1.5618131868131866
15,3,12,1.8786630036630036
15,3,13,2.588461538461538
15,3,14,2.6530830280830284
15,3,15,2.2997557997557996
15,3,16,1.6931818181818181
15,3,17,2.7465506715506716
15,3,18,2.758699633699634
15,3,19,3.4166666666666665
15,3,20,4.450702075702076
15,3,21,5.367216117216117
15,3,22,5.663461538461538
15,3,23,6.079670329670329
15,4,0,6.3076923076923075
15,4,1,6.384615384615385
15,4,2,6.384615384615385
15,4,3,6.384615384615385
15,4,4,5.726648351648351
15,4,5,3.9945054945054945
15,4,6,3.6417582417582417
15,4,7,3.9904456654456655
15,4,8,4.262881562881563
15,4,9,3.754884004884005
15,4,10,2.832875457875458
15,4,11,2.672771672771673
15,4,12,2.7461843711843708
15,4,13,3.182142857142857
15,4,14,3.8205128205128203
15,4,15,2.365140415140415
15,4,16,1.913003663003663
15,4,17,2.9519730269730267
15,4,18,2.715659340659341
15,4,19,3.0625763125763124
15,4,20,4.006410256410256
15,4,21,4.795329670329671
15,4,22,5.283882783882784
15,4,23,5.785866910866911
15,5,0,5.802197802197802
15,5,1,5.846153846153846
15,5,2,5.846153846153846
15,5,3,5.846153846153846
15,5,4,5.846153846153846
15,5,5,5.697802197802198
15,5,6,5.185439560439561
15,5,7,3.8878205128205128
15,5,8,3.002899877899878
15,5,9,2.281135531135531
15,5,10,1.6080586080586081
15,5,11,1.469017094017094
15,5,12,1.8585470085470086
15,5,13,2.3722527472527473
15,5,14,1.6744200244200245
15,5,15,0.7478632478632478
15,5,16,1.1341575091575091
15,5,17,1.9859584859584858
15,5,18,2.337912087912088
15,5,19,2.7934981684981683
15,5,20,2.6895604395604398
15,5,21,2.6927655677655675
15,5,22,3.1597985347985347
15,5,23,3.684157509157509
15,6,0,3.923076923076923
15,6,1,4.0
15,6,2,4.0
15,6,3,4.0
15,6,4,3.9285714285714284
15,6,5,3.624084249084249
15,6,6,3.6437728937728937
15,6,7,2.9088827838827838
15,6,8,2.3292124542124544
15,6,9,1.4084249084249085
15,6,10,0.5961538461538461
15,6,11,0.6074481074481075
15,6,12,0.5445665445665445
15,6,13,0.6909340659340659
15,6,14,0.4395604395604395
15,6,15,0.5288461538461539
15,6,16,1.0497557997557998
15,6,17,1.0879120879120878
15,6,18,1.0665445665445665
15,6,19,1.4775641025641024
15,6,20,1.7747252747252749
15,6,21,2.525641025641026
15,6,22,3.5109890109890114
15,6,23,3.86996336996337
16,0,0,7.615384615384615
16,0,1,7.615384615384615
16,0,2,7.615384615384615
16,0,3,7.615384615384615
16,0,4,7.598901098901099
16,0,5,8.459981684981685
16,0,6,9.620421245421245
16,0,7,9.292979242979243
16,0,8,8.677852702852702
16,0,9,8.322496947496948
16,0,10,8.019688644688644
16,0,11,8.031959706959707
16,0,12,8.910836385836387
16,0,13,9.789590964590964
16,0,14,11.191544566544566
16,0,15,13.387376512376512
16,0,16,14.06985791985792
16,0,17,14.717418692418693
16,0,18,14.57063492063492
16,0,19,13.639438339438339
16,0,20,12.468894993894994
16,0,21,11.983516483516484
16,0,22,11.58470695970696
16,0,23,11.120879120879122
16,1,0,11.076923076923077
16,1,1,11.076923076923077
16,1,2,11.076923076923077
16,1,3,11.076923076923077
16,1,4,9.916361416361415
16,1,5,9.101251526251527
16,1,6,9.006105006105006
16,1,7,7.381818181818182
16,1,8,6.971620046620047
16,1,9,5.551953601953603
16,1,10,5.188278388278388
16,1,11,4.246642246642247
16,1,12,5.070485070485071
16,1,13,6.215964590964591
16,1,14,7.58464590964591
16,1,15,13.084712509712508
16,1,16,16.484071484071485
16,1,17,15.887801087801089
16,1,18,14.373096348096349
16,1,19,14.611996336996336
16,1,20,13.36614774114774
16,1,21,13.129884004884007
16,1,22,12.277472527472527
16,1,23,11.578754578754578
16,2,0,11.384615384615385
16,2,1,11.384615384615385
16,2,2,11.384615384615385
16,2,3,11.384615384615385
16,2,4,10.73992673992674
16,2,5,10.49114774114774
16,2,6,9.571367521367522
16,2,7,7.596969696969696
16,2,8,7.113772338772339
16,2,9,6.636904761904761
16,2,10,6.486568986568987
16,2,11,5.348315573315573
16,2,12,5.4191502941502945
16,2,13,6.958058608058608
16,2,14,8.526862026862027
16,2,15,11.750194250194252
16,2,16,15.632478632478634
16,2,17,15.46072261072261
16,2,18,12.729884004884005
16,2,19,12.766239316239316
16,2,20,13.082528582528584
16,2,21,12.980921855921856
16,2,22,11.954212454212454
16,2,23,11.42069597069597
16,3,0,11.307692307692308
16,3,1,11.307692307692308
16,3,2,11.083333333333334
16,3,3,11.083333333333334
16,3,4,10.5
16,3,5,10.384093915343916
16,3,6,10.249338624338625
16,3,7,8.126220538720538
16,3,8,7.0301767676767675
16,3,9,6.927248677248677
16,3,10,7.62026862026862
16,3,11,6.944444444444444
16,3,12,7.320543345543346
16,3,13,8.021031746031746
16,3,14,9.283147408147407
16,3,15,12.712762237762238
16,3,16,12.767832167832166
16,3,17,12.692074592074592
16,3,18,11.944522144522145
16,3,19,11.480860805860807
16,3,20,10.519688644688644
16,3,21,10.865384615384615
16,3,22,10.477869352869353
16,3,23,10.15521978021978
16,4,0,10.153846153846153
16,4,1,10.153846153846153
16,4,2,10.153846153846153
16,4,3,10.153846153846153
16,4,4,10.142857142857142
16,4,5,10.034199134199135
16,4,6,9.897893772893772
16,4,7,9.071522921522922
16,4,8,8.615329115329116
16,4,9,8.411013986013986
16,4,10,7.458943833943834
16,4,11,5.795177045177046
16,4,12,6.963195138195138
16,4,13,8.77039072039072
16,4,14,9.330094905094905
16,4,15,10.776595626595626
16,4,16,12.17726995226995
16,4,17,12.668442668442669
16,4,18,12.931776556776557
16,4,19,12.74398656898657
16,4,20,13.160409035409035
16,4,21,13.916514041514041
16,4,22,12.978479853479854
16,4,23,11.896825396825395
16,5,0,11.923076923076923
16,5,1,11.923076923076923
16,5,2,11.923076923076923
16,5,3,11.923076923076923
16,5,4,11.957875457875458
16,5,5,11.927350427350426
16,5,6,12.238095238095239
16,5,7,13.020604395604396
16,5,8,14.597069597069597
16,5,9,14.976800976800977
16,5,10,14.939457764457766
16,5,11,15.502350427350429
16,5,12,16.153046953046953
16,5,13,16.742216117216117
16,5,14,15.772283272283271
16,5,15,15.784188034188036
16,5,16,15.950702075702075
16,5,17,15.574114774114774
16,5,18,15.119658119658121
16,5,19,15.3001221001221
16,5,20,15.56959706959707
16,5,21,16.26620879120879
16,5,22,15.516941391941392
16,5,23,14.282967032967035
16,6,0,14.153846153846153
16,6,1,14.153846153846153
16,6,2,14.153846153846153
16,6,3,14.153846153846153
16,6,4,14.128205128205128
16,6,5,14.376831501831502
16,6,6,15.192948717948717
16,6,7,15.320054945054945
16,6,8,15.398504273504273
16,6,9,15.604700854700855
16,6,10,16.088522588522586
16,6,11,16.76663614163614
16,6,12,16.494505494505493
16,6,13,16.060531135531136
16,6,14,16.226190476190478
16,6,15,16.07359584859585
16,6,16,14.32051282051282
16,6,17,13.418345543345541
16,6,18,12.617840492840493
16,6,19,11.202838827838828
16,6,20,10.038003663003662
16,6,21,9.386904761904761
16,6,22,8.375457875457876
16,6,23,7.719322344322345
17,0,0,10.461538461538462
17,0,1,10.461538461538462
17,0,2,10.461538461538462
17,0,3,10.461538461538462
17,0,4,10.441391941391942
17,0,5,10.587454212454212
17,0,6,10.396245421245423
17,0,7,11.083119658119658
17,0,8,11.013125763125762
17,0,9,11.801282051282051
17,0,10,12.041361416361415
17,0,11,11.472985347985347
17,0,12,11.384698634698633
17,0,13,12.277167277167278
17,0,14,12.33421855921856
17,0,15,11.762942612942613
17,0,16,9.810861360861361
17,0,17,9.180708180708182
17,0,18,7.917521367521368
17,0,19,7.0195360195360195
17,0,20,6.591575091575091
17,0,21,5.875457875457875
17,0,22,5.730769230769231
17,0,23,6.177197802197802
17,1,0,6.230769230769231
17,1,1,6.230769230769231
17,1,2,6.230769230769231
17,1,3,6.230769230769231
17,1,4,6.043956043956044
17,1,5,6.2339743589743595
17,1,6,7.412576312576312
17,1,7,8.327874902874903
17,1,8,8.099969474969475
17,1,9,9.226648351648352
17,1,10,9.186019536019536
17,1,11,8.860314685314686
17,1,12,8.338369963369964
17,1,13,8.193833943833944
17,1,14,8.176159951159951
17,1,15,7.440567765567765
17,1,16,6.351864801864802
17,1,17,5.672802197802198
17,1,18,4.009157509157509
17,1,19,3.9813797313797314
17,1,20,3.416208791208791
17,1,21,3.0128205128205128
17,1,22,3.7216117216117217
17,1,23,4.3247863247863245
17,2,0,4.384615384615385
17,2,1,4.384615384615385
17,2,2,4.384615384615385
17,2,3,4.384615384615385
17,2,4,4.144688644688644
17,2,5,4.141788766788767
17,2,6,4.759615384615385
17,2,7,6.507326007326008
17,2,8,5.593498168498169
17,2,9,6.078296703296703
17,2,10,6.132142857142857
17,2,11,5.567155067155067
17,2,12,5.532692307692307
17,2,13,4.822940947940948
17,2,14,3.914652014652015
17,2,15,3.668131868131868
17,2,16,3.6676434676434675
17,2,17,3.4002525252525255
17,2,18,2.5926434676434678
17,2,19,2.03021978021978
17,2,20,0.814102564102564
17,2,21,0.1758241758241758
17,2,22,0.3763736263736264
17,2,23,0.8717948717948718
17,3,0,0.8461538461538461
17,3,1,0.8461538461538461
17,3,2,0.8461538461538461
17,3,3,0.8333333333333334
17,3,4,0.5491071428571429
17,3,5,0.9375
17,3,6,1.958068783068783
17,3,7,3.950595238095238
17,3,8,4.058471620971621
17,3,9,4.373015873015873
17,3,10,4.617673992673993
17,3,11,5.189102564102564
17,3,12,5.723199023199023
17,3,13,4.873717948717949
17,3,14,4.379231879231879
17,3,15,3.386233211233211
17,3,16,3.5456682206682206
17,3,17,3.1068376068376065
17,3,18,1.9605616605616605
17,3,19,1.2864774114774113
17,3,20,0.8183760683760684
17,3,21,1.1483516483516483
17,3,22,1.5036630036630036
17,3,23,1.8063186813186813
17,4,0,1.9230769230769231
17,4,1,1.9230769230769231
17,4,2,1.9230769230769231
17,4,3,1.9230769230769231
17,4,4,1.8754578754578755
17,4,5,2.1126373626373627
17,4,6,3.0792124542124544
17,4,7,5.007459207459207
17,4,8,4.97506105006105
17,4,9,5.13470695970696
17,4,10,5.93482905982906
17,4,11,5.802716727716728
17,4,12,6.543223443223443
17,4,13,6.765964590964591
17,4,14,5.785409035409035
17,4,15,4.534565434565435
17,4,16,4.547863247863249
17,4,17,4.376434676434676
17,4,18,3.1030525030525027
17,4,19,2.840811965811966
17,4,20,3.0622710622710625
17,4,21,3.4528388278388276
17,4,22,4.249084249084249
17,4,23,4.384615384615385
17,5,0,4.384615384615385
17,5,1,4.384615384615385
17,5,2,4.384615384615385
17,5,3,4.384615384615385
17,5,4,4.4729853479853485
17,5,5,4.978021978021979
17,5,6,5.902472527472527
17,5,7,6.528388278388278
17,5,8,7.867521367521367
17,5,9,9.1982905982906
17,5,10,10.63021978021978
17,5,11,11.422039072039071
17,5,12,11.693059718059716
17,5,13,11.709126984126984
17,5,14,11.007997557997557
17,5,15,11.327838827838828
17,5,16,11.296703296703297
17,5,17,10.202991452991453
17,5,18,10.424103674103675
17,5,19,10.885531135531135
17,5,20,10.62899877899878
17,5,21,10.549908424908425
17,5,22,10.465201465201464
17,5,23,10.307692307692308
17,6,0,10.307692307692308
17,6,1,10.307692307692308
17,6,2,10.307692307692308
17,6,3,10.307692307692308
17,6,4,10.358974358974358
17,6,5,10.67948717948718
17,6,6,10.967948717948719
17,6,7,10.682234432234432
17,6,8,11.070268620268621
17,6,9,12.166910866910866
17,6,10,11.912545787545788
17,6,11,11.767704517704518
17,6,12,11.668406593406594
17,6,13,12.641330891330892
17,6,14,12.823565323565322
17,6,15,13.09600122100122
17,6,16,12.504578754578755
17,6,17,12.343018093018092
17,6,18,10.740384615384615
17,6,19,10.28403540903541
17,6,20,10.043956043956046
17,6,21,9.661172161172162
17,6,22,10.2014652014652
17,6,23,10.487179487179487
18,0,0,13.153846153846153
18,0,1,13.153846153846153
18,0,2,13.153846153846153
18,0,3,13.153846153846153
18,0,4,12.954670329670328
18,0,5,11.775793650793652
18,0,6,10.71584804084804
18,0,7,7.531646131646132
18,0,8,6.995115995115995
18,0,9,7.501373626373626
18,0,10,7.536630036630037
18,0,11,7.93415750915751
18,0,12,7.005189255189255
18,0,13,7.070632145632146
18,0,14,5.744216894216895
18,0,15,5.3563797313797314
18,0,16,6.514452214452215
18,0,17,8.455205905205904
18,0,18,9.993589743589743
18,0,19,9.772213897213897
18,0,20,11.240079365079366
18,0,21,12.122100122100123
18,0,22,12.367979242979242
18,0,23,12.45879120879121
18,1,0,12.461538461538462
18,1,1,12.461538461538462
18,1,2,12.461538461538462
18,1,3,12.461538461538462
18,1,4,12.49908424908425
18,1,5,12.650152625152627
18,1,6,15.154093129093129
18,1,7,14.160955710955712
18,1,8,11.595177045177046
18,1,9,12.732509157509158
18,1,10,12.920543345543345
18,1,11,11.881812631812632
18,1,12,10.244211344211344
18,1,13,9.666056166056165
18,1,14,9.688125763125763
18,1,15,6.44138084138084
18,1,16,5.365928515928516
18,1,17,7.066860916860917
18,1,18,9.55963480963481
18,1,19,10.67432844932845
18,1,20,11.61013431013431
18,1,21,12.474053724053723
18,1,22,12.735805860805861
18,1,23,12.448717948717949
18,2,0,12.384615384615385
18,2,1,12.384615384615385
18,2,2,12.384615384615385
18,2,3,12.384615384615385
18,2,4,13.078907203907203
18,2,5,12.800549450549452
18,2,6,13.111574536574539
18,2,7,12.724708624708624
18,2,8,9.645765345765346
18,2,9,8.385531135531135
18,2,10,8.482600732600732
18,2,11,8.915567765567765
18,2,12,8.108363858363857
18,2,13,7.870177045177045
18,2,14,7.458333333333333
18,2,15,6.094322344322345
18,2,16,5.824475524475525
18,2,17,6.728515928515929
18,2,18,10.230608280608282
18,2,19,11.926712176712178
18,2,20,12.758699633699633
18,2,21,12.332264957264957
18,2,22,12.698717948717949
18,2,23,12.89514652014652
18,3,0,12.76923076923077
18,3,1,12.76923076923077
18,3,2,12.25
18,3,3,12.25
18,3,4,12.5
18,3,5,11.503141534391533
18,3,6,11.489243626743628
18,3,7,9.749873737373738
18,3,8,7.105660774410775
18,3,9,6.510251322751323
18,3,10,7.778083028083028
18,3,11,7.862082362082362
18,3,12,6.953113553113553
18,3,13,7.502014652014652
18,3,14,8.021031746031746
18,3,15,5.012726162726162
18,3,16,5.64949494949495
18,3,17,6.284207459207459
18,3,18,5.8564602064602065
18,3,19,7.072527472527473
18,3,20,8.823229548229548
18,3,21,8.862973137973139
18,3,22,8.211446886446886
18,3,23,8.2493894993895
18,4,0,8.23076923076923
18,4,1,8.23076923076923
18,4,2,8.23076923076923
18,4,3,8.23076923076923
18,4,4,8.475274725274726
18,4,5,7.417429792429792
18,4,6,8.138034188034188
18,4,7,6.499417249417249
18,4,8,5.194530469530469
18,4,9,4.998778998778999
18,4,10,5.380516705516706
18,4,11,5.275241425241425
18,4,12,4.526792651792652
18,4,13,3.8824786324786325
18,4,14,4.099603174603175
18,4,15,3.3317460317460315
18,4,16,4.127195027195027
18,4,17,5.708849483849485
18,4,18,6.286735486735487
18,4,19,8.398076923076925
18,4,20,9.797557997557998
18,4,21,10.261660561660563
18,4,22,9.848137973137973
18,4,23,10.390109890109889
18,5,0,10.692307692307692
18,5,1,10.692307692307692
18,5,2,10.73076923076923
18,5,3,10.76923076923077
18,5,4,10.41559829059829
18,5,5,9.250457875457876
18,5,6,8.417124542124542
18,5,7,8.487637362637363
18,5,8,8.761813186813187
18,5,9,9.061996336996337
18,5,10,9.150457875457876
18,5,11,8.23397435897436
18,5,12,7.718431568431568
18,5,13,7.765873015873016
18,5,14,8.143894993894994
18,5,15,8.241872016872017
18,5,16,7.235042735042735
18,5,17,6.643437118437119
18,5,18,7.1078754578754575
18,5,19,9.284829059829061
18,5,20,10.637057387057386
18,5,21,11.566086691086692
18,5,22,11.79557387057387
18,5,23,11.525030525030523
18,6,0,11.76923076923077
18,6,1,11.76923076923077
18,6,2,11.76923076923077
18,6,3,11.76923076923077
18,6,4,11.578754578754578
18,6,5,10.255494505494504
18,6,6,9.397741147741147
18,6,7,9.020604395604396
18,6,8,9.987332112332114
18,6,9,10.915884115884117
18,6,10,11.043437118437119
18,6,11,10.126007326007324
18,6,12,9.600702075702076
18,6,13,8.847444222444222
18,6,14,8.29392551892552
18,6,15,8.321428571428571
18,6,16,9.667554667554667
18,6,17,9.630952380952381
18,6,18,10.16393328893329
18,6,19,11.301159951159953
18,6,20,12.715784215784216
18,6,21,13.401556776556777
18,6,22,13.365384615384615
18,6,23,13.064102564102566
19,0,0,6.384615384615385
19,0,1,6.384615384615385
19,0,2,6.384615384615385
19,0,3,6.384615384615385
19,0,4,6.591575091575091
19,0,5,7.503815628815629
19,0,6,10.955167055167056
19,0,7,18.102056277056278
19,0,8,22.86991341991342
19,0,9,22.858608058608056
19,0,10,23.512062937062936
19,0,11,22.24069264069264
19,0,12,21.631943056943058
19,0,13,21.192629592629594
19,0,14,19.07014652014652
19,0,15,13.242327117327116
19,0,16,4.878768453768453
19,0,17,2.9540209790209793
19,0,18,3.8665306915306914
19,0,19,4.209609834609835
19,0,20,4.071611721611722
19,0,21,3.337667887667888
19,0,22,2.796245421245421
19,0,23,2.9876373626373627
19,1,0,3.0
19,1,1,3.0
19,1,2,3.0
19,1,3,3.0
19,1,4,3.111721611721612
19,1,5,4.117124542124542
19,1,6,7.6003108003108
19,1,7,17.364801864801866
19,1,8,25.194560994560995
19,1,9,26.84700854700855
19,1,10,27.42628205128205
19,1,11,25.978807303807304
19,1,12,26.199489399489398
19,1,13,24.04023199023199
19,1,14,21.1731351981352
19,1,15,12.1006216006216
19,1,16,2.2243395493395495
19,1,17,1.3254856254856253
19,1,18,2.3325951825951825
19,1,19,3.0295648795648797
19,1,20,3.124847374847375
19,1,21,2.5774114774114776
19,1,22,1.9926739926739927
19,1,23,2.0732600732600734
19,2,0,2.076923076923077
19,2,1,2.076923076923077
19,2,2,2.076923076923077
19,2,3,2.076923076923077
19,2,4,2.0755494505494507
19,2,5,2.4078449328449327
19,2,6,5.205205905205905
19,2,7,16.763403263403266
19,2,8,25.695804195804197
19,2,9,27.537820512820513
19,2,10,27.80531968031968
19,2,11,26.862681762681763
19,2,12,26.751320901320902
19,2,13,26.220188145188146
19,2,14,23.245512820512822
19,2,15,14.863752913752913
19,2,16,2.847047397047397
19,2,17,1.0047008547008547
19,2,18,1.294028194028194
19,2,19,2.1788073038073037
19,2,20,2.1272893772893773
19,2,21,1.0766483516483516
19,2,22,0.6881868131868132
19,2,23,1.620879120879121
19,3,0,1.7692307692307692
19,3,1,1.7692307692307692
19,3,2,1.8333333333333333
19,3,3,1.8333333333333333
19,3,4,1.8715277777777777
19,3,5,2.526785714285714
19,3,6,5.940524290524291
19,3,7,17.06186868686869
19,3,8,24.624747474747476
19,3,9,24.247491397491395
19,3,10,25.46309523809524
19,3,11,24.876379176379178
19,3,12,25.015034965034964
19,3,13,24.321328671328672
19,3,14,22.272655122655124
19,3,15,15.105633255633254
19,3,16,5.028787878787879
19,3,17,2.4762626262626264
19,3,18,1.6919968919968922
19,3,19,1.6837218337218336
19,3,20,1.6503968253968253
19,3,21,1.5801892551892551
19,3,22,1.0313186813186812
19,3,23,0.5178571428571429
19,4,0,0.6153846153846154
19,4,1,0.6153846153846154
19,4,2,0.6153846153846154
19,4,3,0.6153846153846154
19,4,4,0.6959706959706959
19,4,5,1.0961538461538463
19,4,6,3.417735042735043
19,4,7,10.494755244755245
19,4,8,19.89189976689977
19,4,9,24.749861249861247
19,4,10,26.91733266733267
19,4,11,26.110897435897435
19,4,12,22.86091686091686
19,4,13,20.7269536019536
19,4,14,18.88464035964036
19,4,15,12.84044289044289
19,4,16,7.136596736596737
19,4,17,3.6033799533799535
19,4,18,2.652117327117327
19,4,19,2.710883560883561
19,4,20,2.6416666666666666
19,4,21,2.0224358974358974
19,4,22,1.4848901098901097
19,4,23,1.573962148962149
19,5,0,1.8681318681318682
19,5,1,1.9230769230769231
19,5,2,1.9230769230769231
19,5,3,1.9230769230769231
19,5,4,2.2002442002442004
19,5,5,2.6671245421245424
19,5,6,3.900793650793651
19,5,7,3.8997252747252746
19,5,8,4.568559218559218
19,5,9,5.777725052725052
19,5,10,7.021620046620047
19,5,11,6.309582084582084
19,5,12,6.170232545232546
19,5,13,5.9823593073593075
19,5,14,5.951379176379176
19,5,15,5.1224775224775225
19,5,16,5.2411116661116655
19,5,17,3.6172272172272173
19,5,18,4.858119658119659
19,5,19,5.792429792429792
19,5,20,4.853083028083028
19,5,21,4.556501831501832
19,5,22,3.2385531135531136
19,5,23,3.430250305250305
19,6,0,3.5384615384615383
19,6,1,3.5384615384615383
19,6,2,3.5384615384615383
19,6,3,3.5384615384615383
19,6,4,3.659340659340659
19,6,5,4.375457875457875
19,6,6,4.7480158730158735
19,6,7,4.534035409035409
19,6,8,4.639682539682539
19,6,9,5.0124375624375626
19,6,10,6.057997557997558
19,6,11,6.536915861915862
19,6,12,6.93076923076923
19,6,13,7.177802752802753
19,6,14,6.840445665445666
19,6,15,6.1868631368631375
19,6,16,6.312423687423688
19,6,17,6.43020313020313
19,6,18,7.132814407814408
19,6,19,7.3307692307692305
19,6,20,6.915903540903541
19,6,21,5.99496336996337
19,6,22,5.705128205128204
19,6,23,6.256410256410257
2,0,0,5.3076923076923075
2,0,1,5.3076923076923075
2,0,2,5.3076923076923075
2,0,3,5.3076923076923075
2,0,4,4.512820512820513
2,0,5,3.012210012210012
2,0,6,2.470695970695971
2,0,7,1.5844017094017093
2,0,8,0.7669413919413919
2,0,9,0.6204212454212453
2,0,10,1.3472222222222223
2,0,11,2.1094322344322345
2,0,12,2.392857142857143
2,0,13,2.1068376068376065
2,0,14,2.6031746031746033
2,0,15,1.7684065934065933
2,0,16,1.3531746031746033
2,0,17,2.1112637362637363
2,0,18,3.355921855921856
2,0,19,4.216117216117216
2,0,20,5.5576923076923075
2,0,21,5.85067155067155
2,0,22,6.577472527472527
2,0,23,7.0927960927960925
2,1,0,7.3076923076923075
2,1,1,7.3076923076923075
2,1,2,7.3076923076923075
2,1,3,7.3076923076923075
2,1,4,6.371336996336996
2,1,5,4.338278388278388
2,1,6,1.3435592185592187
2,1,7,2.4203296703296706
2,1,8,2.394230769230769
2,1,9,3.1652930402930406
2,1,10,4.213383838383838
2,1,11,3.9961843711843708
2,1,12,3.116452991452991
2,1,13,2.6587301587301586
2,1,14,3.69478021978022
2,1,15,3.46541514041514
2,1,16,3.1462981462981463
2,1,17,4.1791819291819285
2,1,18,4.830402930402931
2,1,19,5.72481684981685
2,1,20,6.800976800976802
2,1,21,8.316544566544566
2,1,22,9.362637362637363
2,1,23,9.532967032967033
2,2,0,9.538461538461538
2,2,1,9.538461538461538
2,2,2,9.538461538461538
2,2,3,9.538461538461538
2,2,4,9.059065934065934
2,2,5,6.252777777777778
2,2,6,5.873931623931624
2,2,7,5.44467476967477
2,2,8,1.9706959706959706
2,2,9,1.6277472527472527
2,2,10,2.976831501831502
2,2,11,3.176892551892552
2,2,12,3.0523504273504276
2,2,13,2.870879120879121
2,2,14,4.157356532356532
2,2,15,3.737087912087912
2,2,16,3.984251859251859
2,2,17,3.7477411477411477
2,2,18,4.077253302253302
2,2,19,5.330128205128205
2,2,20,6.943131868131868
2,2,21,7.669871794871795
2,2,22,8.952686202686202
2,2,23,9.326923076923077
2,3,0,9.307692307692308
2,3,1,9.307692307692308
2,3,2,8.833333333333334
2,3,3,8.833333333333334
2,3,4,8.564484126984127
2,3,5,8.56167328042328
2,3,6,7.27337962962963
2,3,7,4.686342592592593
2,3,8,1.1893518518518518
2,3,9,1.2352843915343914
2,3,10,2.0335775335775335
2,3,11,3.6431623931623927
2,3,12,3.2968559218559217
2,3,13,3.9746947496947493
2,3,14,5.840201465201465
2,3,15,4.817918192918193
2,3,16,4.386111111111111
2,3,17,4.43986568986569
2,3,18,5.861599511599512
2,3,19,7.356074481074481
2,3,20,8.916361416361417
2,3,21,9.536172161172162
2,3,22,10.776098901098901
2,3,23,11.711538461538462
2,4,0,11.923076923076923
2,4,1,12.0
2,4,2,12.0
2,4,3,12.0
2,4,4,11.401251526251526
2,4,5,8.217490842490843
2,4,6,6.808979908979909
2,4,7,6.61493783993784
2,4,8,4.03021978021978
2,4,9,4.492216117216118
2,4,10,4.155538905538905
2,4,11,3.5604700854700857
2,4,12,4.478327228327228
2,4,13,4.1520146520146515
2,4,14,3.867612942612943
2,4,15,3.679184704184704
2,4,16,3.422252747252747
2,4,17,3.2301892551892553
2,4,18,5.079001554001554
2,4,19,4.903144078144078
2,4,20,5.573443223443224
2,4,21,5.451159951159951
2,4,22,6.322802197802198
2,4,23,7.051282051282052
2,5,0,7.153846153846154
2,5,1,7.153846153846154
2,5,2,7.153846153846154
2,5,3,7.153846153846154
2,5,4,6.3695054945054945
2,5,5,5.017399267399268
2,5,6,3.5654761904761902
2,5,7,1.9149877899877903
2,5,8,0.9381868131868132
2,5,9,1.3192918192918195
2,5,10,2.0444139194139193
2,5,11,2.9145299145299144
2,5,12,2.6587301587301586
2,5,13,3.1906288156288154
2,5,14,3.939102564102564
2,5,15,3.8105311355311358
2,5,16,3.8111721611721614
2,5,17,3.500915750915751
2,5,18,3.560286935286935
2,5,19,3.6414835164835164
2,5,20,3.9496336996337
2,5,21,4.051282051282051
2,5,22,4.217490842490842
2,5,23,4.823717948717948
2,6,0,5.102564102564102
2,6,1,5.153846153846154
2,6,2,5.153846153846154
2,6,3,5.153846153846154
2,6,4,4.239010989010989
2,6,5,2.874084249084249
2,6,6,2.1703296703296706
2,6,7,1.3804945054945053
2,6,8,1.322039072039072
2,6,9,0.8093711843711844
2,6,10,0.511904761904762
2,6,11,1.2596153846153846
2,6,12,2.2040598290598292
2,6,13,2.0105311355311355
2,6,14,1.4934065934065934
2,6,15,1.677960927960928
2,6,16,2.420238095238095
2,6,17,2.621031746031746
2,6,18,3.281288156288156
2,6,19,3.676587301587302
2,6,20,3.6717032967032965
2,6,21,4.103327228327228
2,6,22,4.367673992673993
2,6,23,5.125915750915751
20,0,0,2.923076923076923
20,0,1,2.923076923076923
20,0,2,2.923076923076923
20,0,3,2.923076923076923
20,0,4,3.1813186813186816
20,0,5,5.33501221001221
20,0,6,8.16590354090354
20,0,7,15.736247086247086
20,0,8,23.4970584970585
20,0,9,20.32031857031857
20,0,10,20.328102453102453
20,0,11,20.22286324786325
20,0,12,18.162576312576313
20,0,13,17.860714285714288
20,0,14,16.402314352314352
20,0,15,10.691092241092242
20,0,16,4.684504384504384
20,0,17,2.223992673992674
20,0,18,1.9043040293040292
20,0,19,2.193223443223443
20,0,20,2.1043956043956045
20,0,21,2.042124542124542
20,0,22,1.8717948717948718
20,0,23,1.89010989010989
20,1,0,1.9230769230769231
20,1,1,1.9230769230769231
20,1,2,1.9230769230769231
20,1,3,1.9230769230769231
20,1,4,2.3186813186813184
20,1,5,4.947527472527473
20,1,6,9.579739704739705
20,1,7,20.05901320901321
20,1,8,27.982425907425906
20,1,9,25.934035409035406
20,1,10,25.489926739926737
20,1,11,24.381224331224335
20,1,12,21.767549117549116
20,1,13,21.21669719169719
20,1,14,18.11431623931624
20,1,15,9.92488344988345
20,1,16,2.640684315684316
20,1,17,0.45375457875457875
20,1,18,0.32142857142857145
20,1,19,0.4880952380952381
20,1,20,0.47435897435897434
20,1,21,0.25824175824175827
20,1,22,0.11538461538461539
20,1,23,0.07692307692307693
20,2,0,0.3076923076923077
20,2,1,0.3076923076923077
20,2,2,0.3076923076923077
20,2,3,0.3076923076923077
20,2,4,0.7875457875457875
20,2,5,3.633547008547009
20,2,6,8.559826284826284
20,2,7,19.71588966588967
20,2,8,26.781163281163284
20,2,9,24.922954822954825
20,2,10,24.89120879120879
20,2,11,24.85518093018093
20,2,12,22.797649572649576
20,2,13,21.544871794871792
20,2,14,18.58601953601954
20,2,15,10.587509712509712
20,2,16,1.8957070707070707
20,2,17,0.6721611721611721
20,2,18,0.33653846153846156
20,2,19,0.8305860805860805
20,2,20,0.5563186813186813
20,2,21,0.17445054945054944
20,2,22,0.163003663003663
20,2,23,0.1794871794871795
20,3,0,0.15384615384615385
20,3,1,0.15384615384615385
20,3,2,0.16666666666666666
20,3,3,0.16666666666666666
20,3,4,0.6760912698412698
20,3,5,3.320767195767196
20,3,6,7.647282347282347
20,3,7,19.34894781144781
20,3,8,26.59913119288119
20,3,9,24.415509259259256
20,3,10,21.386874236874238
20,3,11,20.657051282051285
20,3,12,18.99055944055944
20,3,13,18.74673382173382
20,3,14,16.74779387279387
20,3,15,7.828962703962704
20,3,16,2.376923076923077
20,3,17,0.6446886446886447
20,3,18,0.2084859584859585
20,3,19,0.3983516483516483
20,3,20,0.6497252747252747
20,3,21,0.5256410256410257
20,3,22,0.2912087912087912
20,3,23,0.2747252747252747
20,4,0,0.3076923076923077
20,4,1,0.3076923076923077
20,4,2,0.3076923076923077
20,4,3,0.3076923076923077
20,4,4,0.6959706959706959
20,4,5,3.5224664224664224
20,4,6,8.136999111999112
20,4,7,12.465559440559442
20,4,8,19.92628205128205
20,4,9,19.87393162393162
20,4,10,20.655525030525034
20,4,11,20.48686036186036
20,4,12,18.91780996780997
20,4,13,16.87949272949273
20,4,14,14.684382284382284
20,4,15,9.673715173715173
20,4,16,7.090609390609391
20,4,17,5.288766788766789
20,4,18,3.7901404151404154
20,4,19,4.173992673992673
20,4,20,4.583791208791209
20,4,21,4.346153846153846
20,4,22,4.043956043956044
20,4,23,3.5796703296703294
20,5,0,3.5384615384615383
20,5,1,3.5384615384615383
20,5,2,3.5384615384615383
20,5,3,3.5384615384615383
20,5,4,3.5641025641025643
20,5,5,3.8832417582417587
20,5,6,4.585164835164836
20,5,7,4.769230769230769
20,5,8,4.613553113553114
20,5,9,4.287087912087912
20,5,10,3.8255494505494503
20,5,11,3.9871794871794872
20,5,12,3.9088827838827838
20,5,13,3.300915750915751
20,5,14,2.9885531135531136
20,5,15,2.815934065934066
20,5,16,2.66056166056166
20,5,17,3.615842490842491
20,5,18,3.804029304029304
20,5,19,3.534340659340659
20,5,20,3.373626373626374
20,5,21,3.227106227106227
20,5,22,2.608058608058608
20,5,23,2.054945054945055
20,6,0,2.0
20,6,1,2.0
20,6,2,2.0
20,6,3,2.0
20,6,4,2.0
20,6,5,2.076923076923077
20,6,6,2.1758241758241756
20,6,7,2.3351648351648353
20,6,8,2.2216117216117217
20,6,9,2.2435897435897436
20,6,10,2.167582417582418
20,6,11,2.171550671550672
20,6,12,2.307234432234432
20,6,13,2.5054945054945055
20,6,14,2.618131868131868
20,6,15,2.775946275946276
20,6,16,3.133241758241758
20,6,17,3.9494810744810747
20,6,18,3.955891330891331
20,6,19,3.974358974358974
20,6,20,3.8021978021978025
20,6,21,3.47985347985348
20,6,22,2.9871794871794872
20,6,23,2.923076923076923
21,0,0,11.461538461538462
21,0,1,11.461538461538462
21,0,2,11.461538461538462
21,0,3,11.461538461538462
21,0,4,10.878510378510377
21,0,5,10.355158730158731
21,0,6,12.120726495726494
21,0,7,16.932420357420355
21,0,8,22.916633366633366
21,0,9,21.239652014652016
21,0,10,20.907722832722833
21,0,11,22.933194583194584
21,0,12,22.943944943944945
21,0,13,21.692643467643467
21,0,14,20.70616328116328
21,0,15,20.578096903096903
21,0,16,20.07975912975913
21,0,17,18.84679487179487
21,0,18,16.296250971250974
21,0,19,14.485653235653235
21,0,20,12.430860805860807
21,0,21,11.434371184371184
21,0,22,10.393772893772894
21,0,23,9.712148962148962
21,1,0,9.692307692307692
21,1,1,9.692307692307692
21,1,2,9.692307692307692
21,1,3,9.692307692307692
21,1,4,9.211385836385837
21,1,5,7.826617826617826
21,1,6,10.13507326007326
21,1,7,16.17167832167832
21,1,8,23.307206682206683
21,1,9,19.32564935064935
21,1,10,18.997863247863247
21,1,11,19.37418414918415
21,1,12,20.08993783993784
21,1,13,19.06990786990787
21,1,14,17.55405982905983
21,1,15,17.457459207459205
21,1,16,16.767327117327117
21,1,17,15.640656565656567
21,1,18,13.687756687756687
21,1,19,12.198809523809523
21,1,20,9.59508547008547
21,1,21,8.195787545787546
21,1,22,6.763736263736264
21,1,23,5.89010989010989
21,2,0,6.153846153846154
21,2,1,6.153846153846154
21,2,2,6.153846153846154
21,2,3,6.153846153846154
21,2,4,6.071428571428571
21,2,5,4.923229548229548
21,2,6,8.583852258852259
21,2,7,15.459557109557108
21,2,8,24.16029526029526
21,2,9,23.656296481296483
21,2,10,21.018939393939394
21,2,11,21.00846930846931
21,2,12,21.5716588966589
21,2,13,20.309188034188033
21,2,14,21.077655677655677
21,2,15,18.918439893439896
21,2,16,19.486247086247086
21,2,17,17.889063714063713
21,2,18,14.596891996891998
21,2,19,12.731074481074481
21,2,20,10.460347985347985
21,2,21,7.215673215673216
21,2,22,5.277472527472527
21,2,23,4.105616605616605
21,3,0,4.076923076923077
21,3,1,4.115384615384615
21,3,2,4.5
21,3,3,4.5
21,3,4,4.880291005291006
21,3,5,5.9703373015873025
21,3,6,6.722288359788361
21,3,7,13.285185185185185
21,3,8,23.251851851851853
21,3,9,22.256093674843672
21,3,10,19.49216894216894
21,3,11,19.53649961149961
21,3,12,19.824131424131426
21,3,13,18.746642246642246
21,3,14,16.173082473082474
21,3,15,15.744533244533244
21,3,16,15.149766899766899
21,3,17,15.493181818181817
21,3,18,14.175968475968476
21,3,19,12.256798756798757
21,3,20,8.887515262515262
21,3,21,5.985195360195361
21,3,22,3.772130647130647
21,3,23,2.461080586080586
21,4,0,2.076923076923077
21,4,1,2.076923076923077
21,4,2,2.076923076923077
21,4,3,2.076923076923077
21,4,4,2.6190476190476186
21,4,5,4.270757020757021
21,4,6,8.000030525030525
21,4,7,10.151476301476302
21,4,8,16.837678987678988
21,4,9,19.194688644688647
21,4,10,18.79386446886447
21,4,11,20.553651903651904
21,4,12,19.75332167832168
21,4,13,19.00469252969253
21,4,14,18.86300088800089
21,4,15,18.281293706293706
21,4,16,18.381740481740483
21,4,17,16.416941391941393
21,4,18,15.823992673992674
21,4,19,14.762606837606837
21,4,20,13.345390720390721
21,4,21,12.372557997557998
21,4,22,10.356837606837606
21,4,23,8.566086691086692
21,5,0,8.307692307692308
21,5,1,8.307692307692308
21,5,2,8.307692307692308
21,5,3,8.307692307692308
21,5,4,8.373626373626374
21,5,5,8.89606227106227
21,5,6,10.370421245421246
21,5,7,12.215018315018314
21,5,8,14.322008547008547
21,5,9,15.281080031080032
21,5,10,17.370115995115995
21,5,11,19.08921633921634
21,5,12,20.921794871794873
21,5,13,22.032950382950382
21,5,14,20.66887279387279
21,5,15,19.980921855921856
21,5,16,19.09310411810412
21,5,17,17.53495115995116
21,5,18,16.100518925518926
21,5,19,15.159920634920635
21,5,20,14.776098901098901
21,5,21,14.33409645909646
21,5,22,13.562271062271064
21,5,23,12.04181929181929
21,6,0,12.0
21,6,1,12.0
21,6,2,12.0
21,6,3,12.0
21,6,4,12.064102564102566
21,6,5,12.68482905982906
21,6,6,14.035714285714286
21,6,7,15.047924297924299
21,6,8,16.523809523809526
21,6,9,18.19322344322344
21,6,10,20.702075702075703
21,6,11,22.099286824286825
21,6,12,23.08730158730159
21,6,13,23.16486013986014
21,6,14,23.309554334554335
21,6,15,22.280333555333552
21,6,16,21.14597902097902
21,6,17,19.71916971916972
21,6,18,18.663003663003664
21,6,19,16.20283882783883
21,6,20,14.011904761904761
21,6,21,12.87408424908425
21,6,22,11.63476800976801
21,6,23,11.391483516483516
22,0,0,11.076923076923077
22,0,1,11.076923076923077
22,0,2,11.076923076923077
22,0,3,11.076923076923077
22,0,4,10.901098901098901
22,0,5,10.456418581418582
22,0,6,10.868772893772892
22,0,7,10.762554112554113
22,0,8,9.886563436563437
22,0,9,10.758266733266733
22,0,10,10.728710178710177
22,0,11,11.625274725274725
22,0,12,11.652686202686201
22,0,13,11.706238206238206
22,0,14,11.443739593739593
22,0,15,11.887068487068488
22,0,16,14.006887556887555
22,0,17,14.55487567987568
22,0,18,13.726967476967475
22,0,19,12.53659951159951
22,0,20,11.556593406593407
22,0,21,11.55006105006105
22,0,22,11.009310134310134
22,0,23,10.523809523809522
22,1,0,10.307692307692308
22,1,1,10.307692307692308
22,1,2,10.307692307692308
22,1,3,10.307692307692308
22,1,4,9.934065934065934
22,1,5,8.991605616605616
22,1,6,9.596181596181596
22,1,7,9.627272727272727
22,1,8,10.030433455433455
22,1,9,9.077256077256077
22,1,10,8.893162393162394
22,1,11,9.70480352980353
22,1,12,9.907423132423132
22,1,13,8.709276834276833
22,1,14,9.052503052503052
22,1,15,11.556959706959706
22,1,16,16.07913752913753
22,1,17,17.167909867909867
22,1,18,15.999209124209123
22,1,19,15.655907980907982
22,1,20,14.104201354201354
22,1,21,12.6990231990232
22,1,22,11.637362637362637
22,1,23,11.307692307692308
22,2,0,11.461538461538462
22,2,1,11.461538461538462
22,2,2,11.461538461538462
22,2,3,11.461538461538462
22,2,4,11.162240537240537
22,2,5,10.142246642246644
22,2,6,9.733050283050282
22,2,7,8.878088578088578
22,2,8,9.070590520590521
22,2,9,9.461141636141637
22,2,10,10.282459207459208
22,2,11,11.033985458985459
22,2,12,11.2748445998446
22,2,13,11.201795426795428
22,2,14,9.98046398046398
22,2,15,10.99308191808192
22,2,16,14.13076923076923
22,2,17,14.623271173271174
22,2,18,13.406188256188257
22,2,19,11.96334498834499
22,2,20,10.484182484182485
22,2,21,10.567765567765568
22,2,22,10.569444444444445
22,2,23,10.384615384615385
22,3,0,10.384615384615385
22,3,1,10.384615384615385
22,3,2,10.416666666666666
22,3,3,10.416666666666666
22,3,4,10.570436507936508
22,3,5,10.116071428571429
22,3,6,9.874338624338625
22,3,7,7.366287878787879
22,3,8,8.366414141414142
22,3,9,7.693551587301587
22,3,10,7.574034299034299
22,3,11,8.502983127983128
22,3,12,8.764063714063713
22,3,13,7.3593545343545355
22,3,14,7.098434898434898
22,3,15,9.479273504273504
22,3,16,12.091741591741592
22,3,17,15.356721056721057
22,3,18,14.743439893439895
22,3,19,13.787357087357087
22,3,20,12.311874236874237
22,3,21,11.527289377289378
22,3,22,10.84035409035409
22,3,23,9.697344322344323
22,4,0,9.461538461538462
22,4,1,9.461538461538462
22,4,2,9.461538461538462
22,4,3,9.461538461538462
22,4,4,9.467490842490843
22,4,5,9.151800976800978
22,4,6,9.78525641025641
22,4,7,9.973193473193474
22,4,8,10.106915306915308
22,4,9,10.346947496947497
22,4,10,10.753388278388279
22,4,11,12.257326007326007
22,4,12,12.642696192696194
22,4,13,13.148482073482073
22,4,14,12.591727716727716
22,4,15,13.557456432456432
22,4,16,14.067229992229992
22,4,17,14.923543123543123
22,4,18,14.53992673992674
22,4,19,14.470962370962372
22,4,20,13.520726495726496
22,4,21,13.440628815628816
22,4,22,12.97985347985348
22,4,23,12.278235653235653
22,5,0,12.307692307692308
22,5,1,12.628205128205128
22,5,2,12.692307692307692
22,5,3,12.692307692307692
22,5,4,12.604395604395604
22,5,5,12.619047619047619
22,5,6,13.264957264957266
22,5,7,14.04945054945055
22,5,8,14.733516483516484
22,5,9,14.987401487401486
22,5,10,15.316086691086692
22,5,11,16.275641025641026
22,5,12,16.715373515373514
22,5,13,17.018345543345543
22,5,14,17.645848595848598
22,5,15,17.539713064713062
22,5,16,17.0272977022977
22,5,17,15.96944721944722
22,5,18,15.67518315018315
22,5,19,15.2231684981685
22,5,20,14.516880341880341
22,5,21,13.742826617826617
22,5,22,13.66758241758242
22,5,23,13.02014652014652
22,6,0,12.923076923076923
22,6,1,12.923076923076923
22,6,2,12.923076923076923
22,6,3,12.923076923076923
22,6,4,12.835164835164836
22,6,5,12.896703296703295
22,6,6,13.73076923076923
22,6,7,14.460164835164836
22,6,8,15.391941391941392
22,6,9,16.555555555555557
22,6,10,16.439302364302364
22,6,11,16.38064713064713
22,6,12,15.89563492063492
22,6,13,16.383380508380508
22,6,14,16.07725885225885
22,6,15,15.59110334110334
22,6,16,14.58623321123321
22,6,17,14.222680097680097
22,6,18,12.964835164835165
22,6,19,12.465201465201464
22,6,20,12.457875457875458
22,6,21,11.687637362637362
22,6,22,11.546703296703297
22,6,23,11.190934065934066
23,0,0,14.923076923076923
23,0,1,14.923076923076923
23,0,2,14.923076923076923
23,0,3,14.923076923076923
23,0,4,14.768162393162394
23,0,5,13.825824175824177
23,0,6,13.059459984459984
23,0,7,12.905522255522255
23,0,8,13.070437895437895
23,0,9,13.98592796092796
23,0,10,13.848168498168498
23,0,11,13.352533577533576
23,0,12,11.621947496947497
23,0,13,11.644993894993895
23,0,14,12.600579975579977
23,0,15,16.79040404040404
23,0,16,22.034126984126985
23,0,17,23.339929514929516
23,0,18,22.890140415140415
23,0,19,21.94212454212454
23,0,20,21.732434232434233
23,0,21,21.389926739926743
23,0,22,19.759768009768013
23,0,23,19.13415750915751
23,1,0,19.076923076923077
23,1,1,19.076923076923077
23,1,2,19.076923076923077
23,1,3,19.076923076923077
23,1,4,17.861202686202684
23,1,5,13.685164835164834
23,1,6,12.624553224553226
23,1,7,14.798562548562549
23,1,8,15.807964257964256
23,1,9,15.218894993894994
23,1,10,14.227258852258853
23,1,11,13.416530691530692
23,1,12,12.626190476190477
23,1,13,11.606227106227106
23,1,14,12.513095238095238
23,1,15,17.474766899766898
23,1,16,23.9990675990676
23,1,17,25.838947163947164
23,1,18,26.270360195360198
23,1,19,26.389041514041516
23,1,20,25.380439005439005
23,1,21,24.62210012210012
23,1,22,22.640873015873016
23,1,23,21.57554945054945
23,2,0,21.76923076923077
23,2,1,21.76923076923077
23,2,2,21.76923076923077
23,2,3,21.76923076923077
23,2,4,18.49459706959707
23,2,5,11.196153846153846
23,2,6,10.3986790986791
23,2,7,8.777389277389277
23,2,8,9.434612609612609
23,2,9,11.082356532356531
23,2,10,12.091483516483517
23,2,11,12.112717837717838
23,2,12,11.517521367521368
23,2,13,9.754548229548229
23,2,14,11.156454656454656
23,2,15,16.095376845376844
23,2,16,21.658236208236207
23,2,17,22.845104895104896
23,2,18,22.32962592962593
23,2,19,22.622161172161174
23,2,20,21.838308913308914
23,2,21,19.712043512043515
23,2,22,18.80860805860806
23,2,23,19.21123321123321
23,3,0,19.46153846153846
23,3,1,19.46153846153846
23,3,2,19.083333333333332
23,3,3,19.083333333333332
23,3,4,16.875661375661377
23,3,5,11.752083333333333
23,3,6,9.298484848484849
23,3,7,9.155324074074073
23,3,8,10.812920875420877
23,3,9,11.31960978835979
23,3,10,10.782356532356532
23,3,11,8.989430014430015
23,3,12,9.138003663003662
23,3,13,10.084218559218558
23,3,14,11.01002331002331
23,3,15,13.642812742812744
23,3,16,18.31610334110334
23,3,17,22.32408424908425
23,3,18,22.036383061383063
23,3,19,22.682326007326008
23,3,20,22.30787545787546
23,3,21,21.686080586080585
23,3,22,20.128296703296705
23,3,23,19.823076923076922
23,4,0,19.990384615384617
23,4,1,20.0
23,4,2,20.0
23,4,3,20.0
23,4,4,18.273046398046397
23,4,5,14.061263736263736
23,4,6,10.814296814296815
23,4,7,11.579992229992229
23,4,8,10.125857475857476
23,4,9,10.083638583638585
23,4,10,10.252991452991454
23,4,11,10.2508547008547
23,4,12,11.300824175824175
23,4,13,13.342757242757244
23,4,14,15.453873903873905
23,4,15,18.451914751914753
23,4,16,21.608313908313907
23,4,17,23.31741314241314
23,4,18,24.07161172161172
23,4,19,23.89600122100122
23,4,20,23.64331501831502
23,4,21,23.526001776001774
23,4,22,22.194230769230767
23,4,23,21.214590964590965
23,5,0,21.23076923076923
23,5,1,21.23076923076923
23,5,2,21.23076923076923
23,5,3,21.23076923076923
23,5,4,21.298076923076923
23,5,5,21.58369963369963
23,5,6,21.84777167277167
23,5,7,21.82026862026862
23,5,8,22.308660783660784
23,5,9,22.02615995115995
23,5,10,23.161843711843712
23,5,11,23.969860694860696
23,5,12,26.06074481074481
23,5,13,26.329517704517706
23,5,14,23.84881784881785
23,5,15,23.820596070596068
23,5,16,24.479822954822957
23,5,17,23.466422466422465
23,5,18,23.02747252747253
23,5,19,22.811965811965813
23,5,20,22.287148962148965
23,5,21,21.59287101787102
23,5,22,20.387820512820515
23,5,23,19.646825396825395
23,6,0,19.615384615384617
23,6,1,19.615384615384617
23,6,2,19.615384615384617
23,6,3,19.615384615384617
23,6,4,19.644688644688646
23,6,5,19.58562271062271
23,6,6,20.01953601953602
23,6,7,21.527869352869352
23,6,8,23.503998778998778
23,6,9,25.218101343101345
23,6,10,26.636874236874238
23,6,11,26.76620879120879
23,6,12,24.08058608058608
23,6,13,22.95680708180708
23,6,14,20.68672438672439
23,6,15,20.642612942612946
23,6,16,20.910236985236985
23,6,17,21.037271062271063
23,6,18,20.098199023199022
23,6,19,18.81776556776557
23,6,20,17.31021756021756
23,6,21,16.42246642246642
23,6,22,15.810897435897434
23,6,23,14.870726495726498
24,0,0,13.010989010989011
24,0,1,13.076923076923077
24,0,2,13.076923076923077
24,0,3,13.076923076923077
24,0,4,12.569139194139193
24,0,5,12.296947496947496
24,0,6,11.76073926073926
24,0,7,10.391899766899767
24,0,8,10.994638694638695
24,0,9,10.175732600732601
24,0,10,9.348260073260073
24,0,11,8.048329448329447
24,0,12,9.448343323343323
24,0,13,9.553266178266178
24,0,14,10.232475857475858
24,0,15,11.471464646464646
24,0,16,11.524592074592075
24,0,17,12.061052836052836
24,0,18,11.112393162393163
24,0,19,11.408699633699634
24,0,20,11.101862026862026
24,0,21,10.187851037851036
24,0,22,9.166666666666668
24,0,23,9.106227106227106
24,1,0,9.153846153846153
24,1,1,9.153846153846153
24,1,2,9.153846153846153
24,1,3,9.153846153846153
24,1,4,8.371336996336996
24,1,5,8.396703296703297
24,1,6,7.490598290598291
24,1,7,9.510916860916861
24,1,8,10.148290598290599
24,1,9,7.901465201465201
24,1,10,6.433638583638583
24,1,11,6.513517038517038
24,1,12,8.85882450882451
24,1,13,7.967765567765568
24,1,14,8.049145299145298
24,1,15,8.122863247863249
24,1,16,7.562237762237762
24,1,17,9.403690753690753
24,1,18,10.538744588744589
24,1,19,11.443101343101343
24,1,20,11.122405372405371
24,1,21,11.194749694749694
24,1,22,11.086080586080586
24,1,23,11.447344322344323
24,2,0,10.307692307692308
24,2,1,10.307692307692308
24,2,2,10.307692307692308
24,2,3,10.307692307692308
24,2,4,9.491758241758241
24,2,5,9.160164835164835
24,2,6,7.783333333333333
24,2,7,9.84493006993007
24,2,8,11.000446775446777
24,2,9,11.298412698412697
24,2,10,10.130647130647132
24,2,11,8.716705516705517
24,2,12,9.46007326007326
24,2,13,9.531746031746032
24,2,14,10.29092019092019
24,2,15,10.421756021756021
24,2,16,9.237751137751138
24,2,17,10.423407148407149
24,2,18,10.700638250638251
24,2,19,11.731349206349206
24,2,20,12.513980463980463
24,2,21,12.913644688644688
24,2,22,13.34096459096459
24,2,23,13.163003663003662
24,3,0,13.153846153846153
24,3,1,13.153846153846153
24,3,2,12.916666666666666
24,3,3,12.916666666666666
24,3,4,12.217261904761905
24,3,5,11.59910113035113
24,3,6,9.1941348003848
24,3,7,10.142845117845118
24,3,8,10.509953703703703
24,3,9,10.310482804232805
24,3,10,9.920360195360196
24,3,11,8.351398601398602
24,3,12,9.492135642135642
24,3,13,9.672277722277723
24,3,14,10.331479631479631
24,3,15,9.816341991341991
24,3,16,10.406618381618383
24,3,17,11.529334554334554
24,3,18,11.853391053391054
24,3,19,13.47029637029637
24,3,20,13.123534798534799
24,3,21,12.284676434676435
24,3,22,13.092796092796094
24,3,23,13.05448717948718
24,4,0,13.0
24,4,1,13.0
24,4,2,13.0
24,4,3,13.0
24,4,4,12.467032967032967
24,4,5,12.802869352869353
24,4,6,12.55854700854701
24,4,7,12.501709401709402
24,4,8,13.501881451881452
24,4,9,13.44484126984127
24,4,10,13.045665445665446
24,4,11,12.145726495726496
24,4,12,13.423704073704073
24,4,13,13.588675213675213
24,4,14,14.456196581196581
24,4,15,14.446900321900321
24,4,16,13.035198135198137
24,4,17,14.451825951825953
24,4,18,15.270543345543347
24,4,19,16.356349206349208
24,4,20,16.90607448107448
24,4,21,16.284554334554336
24,4,22,15.871153846153845
24,4,23,16.128968253968253
24,5,0,16.29059829059829
24,5,1,16.307692307692307
24,5,2,16.307692307692307
24,5,3,16.307692307692307
24,5,4,16.564102564102566
24,5,5,16.98379120879121
24,5,6,17.125457875457876
24,5,7,17.46477133977134
24,5,8,17.120593295593295
24,5,9,15.885225885225886
24,5,10,14.588003663003663
24,5,11,12.779822954822954
24,5,12,11.29693917193917
24,5,13,11.314618714618716
24,5,14,11.508699633699633
24,5,15,12.66984126984127
24,5,16,13.415942390942392
24,5,17,13.59636752136752
24,5,18,14.23421855921856
24,5,19,14.964407814407814
24,5,20,16.053241203241203
24,5,21,15.500641025641025
24,5,22,14.835775335775336
24,5,23,14.239774114774114
24,6,0,14.307692307692308
24,6,1,14.307692307692308
24,6,2,14.307692307692308
24,6,3,14.307692307692308
24,6,4,14.830280830280829
24,6,5,15.702838827838828
24,6,6,16.886446886446887
24,6,7,17.02747252747253
24,6,8,16.204426129426132
24,6,9,15.90424297924298
24,6,10,15.785470085470084
24,6,11,15.767155067155066
24,6,12,14.829462204462205
24,6,13,14.479181929181928
24,6,14,14.277544677544679
24,6,15,13.374902874902876
24,6,16,13.837662337662339
24,6,17,14.291514041514041
24,6,18,14.232631257631256
24,6,19,15.058150183150182
24,6,20,14.838125763125761
24,6,21,13.851251526251527
24,6,22,13.543956043956046
24,6,23,12.820054945054945
25,0,0,5.6923076923076925
25,0,1,5.6923076923076925
25,0,2,5.6923076923076925
25,0,3,5.6923076923076925
25,0,4,5.7756410256410255
25,0,5,6.36996336996337
25,0,6,8.381740481740481
25,0,7,11.552389277389278
25,0,8,18.153479853479855
25,0,9,19.1256105006105
25,0,10,19.315628815628816
25,0,11,18.85289987789988
25,0,12,17.900030525030527
25,0,13,18.810714285714287
25,0,14,18.82967032967033
25,0,15,17.234279609279607
25,0,16,12.447241647241647
25,0,17,9.084021534021534
25,0,18,7.083333333333334
25,0,19,5.784340659340659
25,0,20,4.803876678876678
25,0,21,4.36996336996337
25,0,22,4.1190476190476195
25,0,23,3.791208791208791
25,1,0,3.769230769230769
25,1,1,3.769230769230769
25,1,2,3.769230769230769
25,1,3,3.769230769230769
25,1,4,3.8076923076923075
25,1,5,4.277930402930402
25,1,6,6.631898656898657
25,1,7,13.437218337218336
25,1,8,22.95332167832168
25,1,9,23.738553113553113
25,1,10,24.057539682539684
25,1,11,22.91993284493285
25,1,12,21.867055167055167
25,1,13,22.948046398046397
25,1,14,22.795909645909646
25,1,15,20.15894105894106
25,1,16,11.532070707070707
25,1,17,4.411599511599511
25,1,18,2.8198717948717946
25,1,19,2.0448717948717947
25,1,20,1.8956043956043955
25,1,21,1.9945054945054947
25,1,22,1.813186813186813
25,1,23,1.7032967032967032
25,2,0,1.9230769230769231
25,2,1,1.9230769230769231
25,2,2,1.9230769230769231
25,2,3,1.9230769230769231
25,2,4,1.9615384615384615
25,2,5,2.3525641025641026
25,2,6,4.326992451992452
25,2,7,10.603224553224553
25,2,8,20.985059385059383
25,2,9,23.852106227106226
25,2,10,24.148809523809522
25,2,11,23.38131868131868
25,2,12,22.267193917193918
25,2,13,22.0252442002442
25,2,14,19.86794871794872
25,2,15,17.72026862026862
25,2,16,10.333605283605284
25,2,17,3.5344211344211343
25,2,18,1.9117826617826619
25,2,19,1.827838827838828
25,2,20,1.047161172161172
25,2,21,0.6684981684981685
25,2,22,0.46153846153846156
25,2,23,0.3173076923076923
25,3,0,0.3076923076923077
25,3,1,0.3076923076923077
25,3,2,0.3333333333333333
25,3,3,0.3333333333333333
25,3,4,0.4146825396825397
25,3,5,0.9280753968253969
25,3,6,3.5561868686868685
25,3,7,10.234175084175083
25,3,8,21.091910173160173
25,3,9,23.33693783068783
25,3,10,22.143295593295594
25,3,11,21.854156954156956
25,3,12,20.575532800532798
25,3,13,19.53495115995116
25,3,14,18.76037851037851
25,3,15,16.121642246642246
25,3,16,9.25444832944833
25,3,17,3.867277167277167
25,3,18,2.522954822954823
25,3,19,1.7229242979242978
25,3,20,0.8521062271062271
25,3,21,0.6153846153846154
25,3,22,0.6373626373626373
25,3,23,0.3392857142857143
25,4,0,0.3076923076923077
25,4,1,0.3076923076923077
25,4,2,0.3076923076923077
25,4,3,0.3076923076923077
25,4,4,0.3076923076923077
25,4,5,0.7600732600732601
25,4,6,2.590964590964591
25,4,7,6.76007326007326
25,4,8,11.142501942501942
25,4,9,12.647252747252747
25,4,10,13.241452991452991
25,4,11,12.35479242979243
25,4,12,11.786843711843712
25,4,13,12.381868131868133
25,4,14,11.262057387057386
25,4,15,9.108211233211234
25,4,16,5.988553113553114
25,4,17,4.3333028083028085
25,4,18,4.047985347985348
25,4,19,3.401098901098901
25,4,20,2.86996336996337
25,4,21,2.866300366300366
25,4,22,2.5073260073260073
25,4,23,2.195360195360195
25,5,0,2.3076923076923075
25,5,1,2.3076923076923075
25,5,2,2.3076923076923075
25,5,3,2.3076923076923075
25,5,4,2.3076923076923075
25,5,5,2.865842490842491
25,5,6,3.070970695970696
25,5,7,3.001373626373627
25,5,8,3.4285714285714284
25,5,9,3.1909340659340657
25,5,10,3.833791208791209
25,5,11,4.0576923076923075
25,5,12,4.49435286935287
25,5,13,4.486111111111111
25,5,14,4.582692307692308
25,5,15,3.946428571428571
25,5,16,3.833638583638584
25,5,17,3.3988095238095237
25,5,18,3.6382783882783887
25,5,19,4.323260073260074
25,5,20,4.233211233211233
25,5,21,3.8292124542124544
25,5,22,3.4853479853479854
25,5,23,3.2435897435897436
25,6,0,3.230769230769231
25,6,1,3.230769230769231
25,6,2,3.230769230769231
25,6,3,3.230769230769231
25,6,4,3.230769230769231
25,6,5,3.818681318681319
25,6,6,4.212454212454213
25,6,7,4.101648351648351
25,6,8,4.241758241758242
25,6,9,4.415750915750916
25,6,10,4.479242979242979
25,6,11,4.833333333333334
25,6,12,5.555982905982906
25,6,13,7.058608058608058
25,6,14,7.083485958485958
25,6,15,6.546398046398047
25,6,16,6.163003663003663
25,6,17,6.355769230769231
25,6,18,6.36492673992674
25,6,19,6.6007326007326
25,6,20,6.435897435897436
25,6,21,6.205128205128205
25,6,22,5.917582417582418
25,6,23,5.714285714285714
26,0,0,9.076923076923077
26,0,1,9.076923076923077
26,0,2,9.076923076923077
26,0,3,9.076923076923077
26,0,4,9.1007326007326
26,0,5,9.668040293040294
26,0,6,10.10393772893773
26,0,7,11.558341658341657
26,0,8,14.438583638583639
26,0,9,15.715201465201464
26,0,10,16.221611721611723
26,0,11,15.579761904761906
26,0,12,15.645909645909645
26,0,13,15.608058608058608
26,0,14,15.477564102564104
26,0,15,15.300641025641026
26,0,16,13.516025641025642
26,0,17,12.451998001998001
26,0,18,10.003510378510377
26,0,19,9.00473137973138
26,0,20,8.60393772893773
26,0,21,7.3003663003663
26,0,22,6.601648351648351
26,0,23,6.19017094017094
26,1,0,6.153846153846154
26,1,1,6.153846153846154
26,1,2,6.153846153846154
26,1,3,6.153846153846154
26,1,4,6.186813186813187
26,1,5,7.064407814407814
26,1,6,8.664957264957264
26,1,7,12.432420357420359
26,1,8,16.767171717171717
26,1,9,17.945390720390723
26,1,10,18.97664835164835
26,1,11,17.601068376068376
26,1,12,16.326282051282053
26,1,13,15.524725274725274
26,1,14,14.638858363858363
26,1,15,13.20444832944833
26,1,16,11.362726162726164
26,1,17,9.886849261849262
26,1,18,7.59495226995227
26,1,19,5.352716727716727
26,1,20,4.694139194139194
26,1,21,2.975108225108225
26,1,22,1.979120879120879
26,1,23,1.2596153846153846
26,2,0,1.1538461538461537
26,2,1,1.1538461538461537
26,2,2,1.1538461538461537
26,2,3,1.1538461538461537
26,2,4,1.2637362637362637
26,2,5,2.243131868131868
26,2,6,2.538705738705739
26,2,7,4.596522921522922
26,2,8,11.716744366744367
26,2,9,15.910353535353535
26,2,10,16.925091575091574
26,2,11,16.60891330891331
26,2,12,15.737820512820512
26,2,13,14.422041847041848
26,2,14,13.151556776556777
26,2,15,13.559415584415584
26,2,16,10.718686868686868
26,2,17,7.815462315462316
26,2,18,5.760794760794761
26,2,19,3.681776556776557
26,2,20,2.2074175824175826
26,2,21,1.152167277167277
26,2,22,0.5311355311355311
26,2,23,0.39194139194139194
26,3,0,0.3076923076923077
26,3,1,0.3076923076923077
26,3,2,0.3333333333333333
26,3,3,0.3333333333333333
26,3,4,0.4360119047619047
26,3,5,1.357142857142857
26,3,6,2.283399470899471
26,3,7,4.547477753727754
26,3,8,10.319276094276095
26,3,9,15.74619708994709
26,3,10,15.172619047619047
26,3,11,15.157509157509157
26,3,12,15.54952824952825
26,3,13,13.338247863247865
26,3,14,12.156671106671107
26,3,15,12.147852147852149
26,3,16,10.451864801864803
26,3,17,11.370765345765346
26,3,18,9.493611943611944
26,3,19,7.263339438339439
26,3,20,4.577686202686203
26,3,21,2.4285714285714284
26,3,22,1.0228937728937728
26,3,23,0.6442307692307693
26,4,0,0.6153846153846154
26,4,1,0.6153846153846154
26,4,2,0.6153846153846154
26,4,3,0.6153846153846154
26,4,4,0.6185897435897437
26,4,5,1.1617826617826617
26,4,6,1.737026862026862
26,4,7,3.2202269952269953
26,4,8,7.825563325563326
26,4,9,11.414418914418915
26,4,10,15.21860916860917
26,4,11,16.18482905982906
26,4,12,17.08040293040293
26,4,13,17.440781440781443
26,4,14,15.982905982905983
26,4,15,15.443559218559217
26,4,16,15.596520146520147
26,4,17,13.414133089133088
26,4,18,12.684065934065934
26,4,19,12.317612942612943
26,4,20,11.71947496947497
26,4,21,9.53111333111333
26,4,22,6.051434676434677
26,4,23,3.6503357753357752
26,5,0,3.230769230769231
26,5,1,3.230769230769231
26,5,2,3.230769230769231
26,5,3,3.230769230769231
26,5,4,3.120879120879121
26,5,5,3.1025641025641026
26,5,6,3.2435897435897436
26,5,7,3.931776556776557
26,5,8,5.3765262515262515
26,5,9,8.492032967032968
26,5,10,11.182997557997558
26,5,11,13.783577533577535
26,5,12,14.618956043956045
26,5,13,14.811446886446886
26,5,14,14.857142857142858
26,5,15,13.848859473859473
26,5,16,14.168192918192917
26,5,17,13.338064713064712
26,5,18,13.966422466422465
26,5,19,14.610195360195359
26,5,20,14.817460317460318
26,5,21,13.697344322344323
26,5,22,11.189407814407815
26,5,23,9.771978021978022
26,6,0,9.615384615384615
26,6,1,9.615384615384615
26,6,2,9.615384615384615
26,6,3,9.615384615384615
26,6,4,9.706043956043956
26,6,5,9.637362637362637
26,6,6,9.738095238095239
26,6,7,9.935897435897434
26,6,8,10.053113553113555
26,6,9,10.727106227106228
26,6,10,12.119688644688646
26,6,11,13.530677655677655
26,6,12,14.295634920634921
26,6,13,13.663003663003662
26,6,14,13.493345543345544
26,6,15,13.31196581196581
26,6,16,12.474908424908424
26,6,17,10.909951159951161
26,6,18,10.897435897435896
26,6,19,10.518315018315018
26,6,20,10.26923076923077
26,6,21,9.815018315018314
26,6,22,9.327838827838828
26,6,23,9.164835164835164
27,0,0,8.0
27,0,1,8.0
27,0,2,8.0
27,0,3,8.0
27,0,4,7.982142857142857
27,0,5,9.109432234432234
27,0,6,11.827616827616826
27,0,7,14.544819069819068
27,0,8,17.523199023199023
27,0,9,17.131410256410255
27,0,10,17.112362637362637
27,0,11,17.31513209013209
27,0,12,16.101526251526252
27,0,13,15.110736485736485
27,0,14,13.672069597069596
27,0,15,11.299084249084249
27,0,16,7.646978021978023
27,0,17,5.627777777777778
27,0,18,4.171611721611722
27,0,19,3.5586080586080584
27,0,20,3.3218559218559216
27,0,21,1.864896214896215
27,0,22,1.4995421245421245
27,0,23,1.760989010989011
27,1,0,1.8461538461538463
27,1,1,1.8461538461538463
27,1,2,1.8461538461538463
27,1,3,1.8461538461538463
27,1,4,1.9010989010989012
27,1,5,3.3403846153846155
27,1,6,6.2807692307692315
27,1,7,11.15066045066045
27,1,8,17.537881562881562
27,1,9,17.924420024420023
27,1,10,18.158577533577535
27,1,11,17.59063159063159
27,1,12,16.047668997669
27,1,13,14.431410256410256
27,1,14,12.516164391164391
27,1,15,9.571425796425796
27,1,16,6.277350427350427
27,1,17,4.670981795981796
27,1,18,3.930952380952381
27,1,19,2.163919413919414
27,1,20,1.8952991452991452
27,1,21,1.0723443223443223
27,1,22,0.8461538461538461
27,1,23,0.8021978021978022
27,2,0,0.7692307692307693
27,2,1,0.7692307692307693
27,2,2,0.7692307692307693
27,2,3,0.7692307692307693
27,2,4,0.86996336996337
27,2,5,2.6674297924297927
27,2,6,6.002458652458652
27,2,7,10.84024864024864
27,2,8,17.458527583527584
27,2,9,17.89065934065934
27,2,10,17.796550671550673
27,2,11,18.00909645909646
27,2,12,16.482967032967032
27,2,13,14.604273504273504
27,2,14,12.914407814407813
27,2,15,9.937978687978688
27,2,16,5.448484848484848
27,2,17,4.030769230769231
27,2,18,3.126911976911977
27,2,19,2.7535714285714286
27,2,20,1.2684981684981684
27,2,21,0.2673992673992674
27,2,22,0.25824175824175827
27,2,23,0.4065934065934066
27,3,0,0.6153846153846154
27,3,1,0.6153846153846154
27,3,2,0.6153846153846154
27,3,3,0.6666666666666666
27,3,4,0.75
27,3,5,2.289517195767196
27,3,6,5.742824074074075
27,3,7,10.19028749028749
27,3,8,15.792210567210567
27,3,9,16.195909645909644
27,3,10,15.675885225885226
27,3,11,15.270104895104895
27,3,12,13.8016317016317
27,3,13,11.251981351981353
27,3,14,10.31147741147741
27,3,15,8.377156177156177
27,3,16,6.297671772671772
27,3,17,6.198076923076924
27,3,18,6.575932400932401
27,3,19,5.3760073260073264
27,3,20,3.509157509157509
27,3,21,1.905067155067155
27,3,22,1.0551587301587302
27,3,23,0.40384615384615385
27,4,0,0.3076923076923077
27,4,1,0.3076923076923077
27,4,2,0.3076923076923077
27,4,3,0.3076923076923077
27,4,4,0.3516483516483516
27,4,5,2.0570818070818073
27,4,6,5.73015873015873
27,4,7,7.787271062271062
27,4,8,12.301601176601176
27,4,9,13.886030636030636
27,4,10,15.278052503052503
27,4,11,16.535977910977913
27,4,12,14.846270396270397
27,4,13,10.37495004995005
27,4,14,8.03521756021756
27,4,15,7.944749694749695
27,4,16,7.624980574980575
27,4,17,6.482187257187257
27,4,18,5.9946248196248195
27,4,19,5.534035409035409
27,4,20,4.611263736263736
27,4,21,3.8021978021978025
27,4,22,2.7608363858363862
27,4,23,2.3846153846153846
27,5,0,2.3846153846153846
27,5,1,2.3846153846153846
27,5,2,2.3846153846153846
27,5,3,2.3846153846153846
27,5,4,2.3846153846153846
27,5,5,2.6094322344322345
27,5,6,3.5714285714285716
27,5,7,6.263278388278389
27,5,8,8.395299145299145
27,5,9,11.395726495726496
27,5,10,13.984554334554334
27,5,11,14.988675213675215
27,5,12,15.232081807081808
27,5,13,14.890201465201464
27,5,14,15.13525641025641
27,5,15,14.303513153513153
27,5,16,12.822191697191698
27,5,17,11.669078144078144
27,5,18,11.015201465201464
27,5,19,10.371886446886446
27,5,20,9.666666666666666
27,5,21,8.731837606837606
27,5,22,7.075549450549451
27,5,23,5.778296703296704
27,6,0,5.538461538461538
27,6,1,5.538461538461538
27,6,2,5.538461538461538
27,6,3,5.538461538461538
27,6,4,5.434065934065933
27,6,5,5.455586080586081
27,6,6,6.331043956043956
27,6,7,7.248168498168498
27,6,8,8.523351648351648
27,6,9,10.303479853479853
27,6,10,13.216422466422468
27,6,11,14.478846153846153
27,6,12,15.074131424131425
27,6,13,15.26663614163614
27,6,14,17.384645909645908
27,6,15,16.856166056166057
27,6,16,16.133852258852258
27,6,17,15.907203907203906
27,6,18,14.660866910866911
27,6,19,13.85393772893773
27,6,20,12.576007326007327
27,6,21,10.245726495726498
27,6,22,8.56043956043956
27,6,23,8.01923076923077
28,0,0,5.3076923076923075
28,0,1,5.3076923076923075
28,0,2,5.3076923076923075
28,0,3,5.3076923076923075
28,0,4,5.333333333333333
28,0,5,6.089163614163614
28,0,6,6.06912531912532
28,0,7,6.026587301587302
28,0,8,2.9581501831501833
28,0,9,1.191849816849817
28,0,10,3.0526251526251524
28,0,11,4.8524114774114775
28,0,12,9.135286935286935
28,0,13,10.273015873015872
28,0,14,10.68605006105006
28,0,15,9.523076923076925
28,0,16,7.137021312021313
28,0,17,5.906593406593407
28,0,18,7.376465201465201
28,0,19,7.911782661782662
28,0,20,8.639590964590964
28,0,21,9.639652014652015
28,0,22,10.50915750915751
28,0,23,10.94017094017094
28,1,0,11.0
28,1,1,11.0
28,1,2,11.0
28,1,3,11.0
28,1,4,10.461996336996338
28,1,5,10.357570207570207
28,1,6,12.226800976800977
28,1,7,8.449458874458873
28,1,8,6.912942612942613
28,1,9,7.51950826950827
28,1,10,5.96474358974359
28,1,11,4.280097680097681
28,1,12,6.323778998778999
28,1,13,8.37973137973138
28,1,14,9.806490731490731
28,1,15,8.347374847374848
28,1,16,7.05887445887446
28,1,17,9.78507326007326
28,1,18,12.230494505494505
28,1,19,12.474206349206348
28,1,20,12.07173382173382
28,1,21,12.717185592185594
28,1,22,13.638736263736263
28,1,23,14.134615384615385
28,2,0,14.153846153846153
28,2,1,14.153846153846153
28,2,2,14.153846153846153
28,2,3,14.153846153846153
28,2,4,13.565323565323565
28,2,5,11.552686202686203
28,2,6,11.835289710289711
28,2,7,6.411111111111111
28,2,8,3.904578754578755
28,2,9,6.137698412698413
28,2,10,6.000274725274726
28,2,11,5.141941391941392
28,2,12,10.5008547008547
28,2,13,11.583730158730159
28,2,14,12.224983349983349
28,2,15,10.249131424131424
28,2,16,8.411577311577311
28,2,17,6.359035409035409
28,2,18,10.386424686424686
28,2,19,12.930097680097681
28,2,20,13.047161172161172
28,2,21,14.058455433455434
28,2,22,15.835164835164836
28,2,23,16.289835164835164
28,3,0,16.423076923076923
28,3,1,16.46153846153846
28,3,2,17.166666666666668
28,3,3,17.166666666666668
28,3,4,16.398478835978835
28,3,5,12.869044612794612
28,3,6,12.75383597883598
28,3,7,11.94246632996633
28,3,8,7.837731481481481
28,3,9,6.522069597069597
28,3,10,5.458333333333333
28,3,11,4.781227106227106
28,3,12,5.841849816849816
28,3,13,10.614957264957265
28,3,14,11.33598901098901
28,3,15,9.88452380952381
28,3,16,8.538156288156289
28,3,17,10.707348207348208
28,3,18,14.789987789987789
28,3,19,16.15934065934066
28,3,20,16.564102564102566
28,3,21,16.69520757020757
28,3,22,18.399725274725277
28,3,23,19.225274725274726
28,4,0,19.307692307692307
28,4,1,19.307692307692307
28,4,2,19.307692307692307
28,4,3,19.307692307692307
28,4,4,18.74328449328449
28,4,5,15.00800865800866
28,4,6,12.400896325896326
28,4,7,11.284321234321235
28,4,8,9.21081696081696
28,4,9,6.21523199023199
28,4,10,6.9673992673992675
28,4,11,8.646250971250971
28,4,12,11.495054945054944
28,4,13,11.548076923076923
28,4,14,11.106929181929182
28,4,15,9.632264957264958
28,4,16,9.148687423687424
28,4,17,7.83395770895771
28,4,18,8.389194139194139
28,4,19,8.584554334554335
28,4,20,8.880799755799755
28,4,21,9.612637362637361
28,4,22,11.150641025641026
28,4,23,11.635989010989011
28,5,0,11.615384615384615
28,5,1,11.615384615384615
28,5,2,11.615384615384615
28,5,3,11.615384615384615
28,5,4,11.097985347985347
28,5,5,9.135989010989011
28,5,6,7.783424908424909
28,5,7,6.408424908424909
28,5,8,4.397893772893773
28,5,9,5.802655677655678
28,5,10,8.743437118437118
28,5,11,12.54508547008547
28,5,12,10.813186813186814
28,5,13,10.016483516483516
28,5,14,12.46935286935287
28,5,15,13.704670329670328
28,5,16,13.182720057720058
28,5,17,12.55006105006105
28,5,18,11.455433455433454
28,5,19,9.802808302808304
28,5,20,9.477106227106226
28,5,21,9.230616605616605
28,5,22,9.858608058608059
28,5,23,10.375
28,6,0,10.384615384615385
28,6,1,10.384615384615385
28,6,2,10.384615384615385
28,6,3,10.384615384615385
28,6,4,10.130952380952381
28,6,5,8.93543956043956
28,6,6,7.999084249084249
28,6,7,6.8287545787545785
28,6,8,4.749542124542125
28,6,9,4.824358974358974
28,6,10,5.797191697191697
28,6,11,5.772141747141746
28,6,12,5.199023199023198
28,6,13,4.028388278388278
28,6,14,5.731807081807082
28,6,15,5.836843711843712
28,6,16,6.341908091908092
28,6,17,5.579975579975581
28,6,18,5.4212454212454215
28,6,19,5.465201465201465
28,6,20,5.367673992673992
28,6,21,5.3589743589743595
28,6,22,5.373626373626374
28,6,23,5.33379120879121
29,0,0,23.692307692307693
29,0,1,23.692307692307693
29,0,2,23.692307692307693
29,0,3,23.692307692307693
29,0,4,23.584249084249084
29,0,5,20.95931845931846
29,0,6,19.969200244200245
29,0,7,16.929612054612054
29,0,8,17.493589743589745
29,0,9,19.799103674103677
29,0,10,18.122069597069597
29,0,11,16.528807303807305
29,0,12,17.61487678987679
29,0,13,19.259407259407258
29,0,14,20.65426517926518
29,0,15,21.260908535908534
29,0,16,20.52163947163947
29,0,17,21.619094794094796
29,0,18,21.380982905982908
29,0,19,21.49871794871795
29,0,20,22.4993894993895
29,0,21,22.195360195360195
29,0,22,21.520604395604398
29,0,23,21.359432234432234
29,1,0,21.384615384615383
29,1,1,21.384615384615383
29,1,2,21.384615384615383
29,1,3,21.384615384615383
29,1,4,20.599511599511597
29,1,5,16.58745421245421
29,1,6,11.125091575091574
29,1,7,7.263578088578088
29,1,8,7.296833721833722
29,1,9,8.759188034188034
29,1,10,8.592307692307692
29,1,11,9.110120435120434
29,1,12,10.60360472860473
29,1,13,12.426434676434676
29,1,14,13.78501221001221
29,1,15,14.221975246975246
29,1,16,12.846756021756022
29,1,17,11.727350427350427
29,1,18,12.639804639804641
29,1,19,13.402869352869354
29,1,20,13.344993894993895
29,1,21,12.553357753357753
29,1,22,12.03427960927961
29,1,23,11.789835164835164
29,2,0,13.0
29,2,1,13.0
29,2,2,13.0
29,2,3,13.0
29,2,4,12.829670329670328
29,2,5,10.709490509490509
29,2,6,8.121153846153847
29,2,7,6.966977466977467
29,2,8,7.281893106893107
29,2,9,7.522544122544122
29,2,10,6.927075702075702
29,2,11,7.587357087357088
29,2,12,8.967821067821067
29,2,13,10.457936507936507
29,2,14,11.84459706959707
29,2,15,11.861247086247086
29,2,16,11.069968919968922
29,2,17,10.531460206460206
29,2,18,10.767651792651794
29,2,19,11.759432234432236
29,2,20,11.889652014652016
29,2,21,11.07051282051282
29,2,22,10.180372405372404
29,2,23,9.410561660561662
29,3,0,9.384615384615385
29,3,1,9.384615384615385
29,3,2,10.166666666666666
29,3,3,10.166666666666666
29,3,4,10.10515873015873
29,3,5,9.652480158730159
29,3,6,6.88180315055315
29,3,7,4.667992424242424
29,3,8,6.532659932659932
29,3,9,8.807837301587302
29,3,10,8.998901098901099
29,3,11,9.606135531135532
29,3,12,11.569755244755244
29,3,13,13.679487179487179
29,3,14,15.033707958707957
29,3,15,15.337296037296037
29,3,16,13.950308025308026
29,3,17,14.951379176379175
29,3,18,15.578535353535354
29,3,19,16.837667887667887
29,3,20,16.939072039072038
29,3,21,16.49386446886447
29,3,22,14.937271062271064
29,3,23,15.068681318681318
29,4,0,15.0
29,4,1,15.0
29,4,2,15.0
29,4,3,15.0
29,4,4,14.79349816849817
29,4,5,14.087606837606838
29,4,6,13.616788766788765
29,4,7,14.190675990675992
29,4,8,16.75503108003108
29,4,9,15.774236874236873
29,4,10,14.434940059940061
29,4,11,14.990170940170941
29,4,12,16.096542346542346
29,4,13,17.646614496614497
29,4,14,19.20436507936508
29,4,15,18.896126096126096
29,4,16,19.658682983682983
29,4,17,21.817118992118992
29,4,18,24.53855588855589
29,4,19,26.528846153846153
29,4,20,25.690961815961813
29,4,21,25.340922965922967
29,4,22,24.559371184371187
29,4,23,24.03324175824176
29,5,0,23.923076923076923
29,5,1,23.923076923076923
29,5,2,23.923076923076923
29,5,3,23.923076923076923
29,5,4,23.81394993894994
29,5,5,23.858516483516482
29,5,6,23.703510378510376
29,5,7,23.264346764346765
29,5,8,23.98095238095238
29,5,9,22.434204684204683
29,5,10,23.01616994116994
29,5,11,24.50979020979021
29,5,12,24.715773115773114
29,5,13,25.528138528138527
29,5,14,25.574408924408925
29,5,15,25.74329836829837
29,5,16,26.52953157953158
29,5,17,27.71251526251526
29,5,18,27.086202686202686
29,5,19,27.061965811965813
29,5,20,27.405982905982906
29,5,21,26.8224358974359
29,5,22,26.615373515373513
29,5,23,25.817918192918192
29,6,0,25.76923076923077
29,6,1,25.76923076923077
29,6,2,25.76923076923077
29,6,3,25.76923076923077
29,6,4,25.517857142857142
29,6,5,25.50106837606838
29,6,6,25.93635531135531
29,6,7,26.921703296703296
29,6,8,26.871642246642246
29,6,9,25.59522422022422
29,6,10,25.903540903540904
29,6,11,26.259645909645908
29,6,12,25.96135808635809
29,6,13,26.162998112998114
29,6,14,26.840293040293037
29,6,15,27.333363858363857
29,6,16,27.04705017205017
29,6,17,26.537454212454215
29,6,18,26.875912975912975
29,6,19,27.73617216117216
29,6,20,26.81456043956044
29,6,21,25.920604395604396
29,6,22,25.035103785103786
29,6,23,23.796245421245423
3,0,0,14.153846153846153
3,0,1,14.153846153846153
3,0,2,14.153846153846153
3,0,3,14.153846153846153
3,0,4,13.504395604395604
3,0,5,11.590048840048839
3,0,6,9.837973137973139
3,0,7,9.317094017094018
3,0,8,11.797680097680097
3,0,9,10.231715506715506
3,0,10,8.65030525030525
3,0,11,6.158680208680209
3,0,12,7.11435508935509
3,0,13,7.351717726717727
3,0,14,7.5039377289377285
3,0,15,6.437545787545788
3,0,16,6.261385836385837
3,0,17,7.540873015873016
3,0,18,7.561965811965812
3,0,19,8.031593406593407
3,0,20,7.854395604395605
3,0,21,8.286782661782663
3,0,22,9.24908424908425
3,0,23,10.108516483516484
3,1,0,10.307692307692308
3,1,1,10.307692307692308
3,1,2,10.307692307692308
3,1,3,10.307692307692308
3,1,4,9.613400488400488
3,1,5,7.789102564102564
3,1,6,5.930372405372405
3,1,7,5.279720279720279
3,1,8,9.25561383061383
3,1,9,7.91025641025641
3,1,10,7.027930402930403
3,1,11,4.1149766899766895
3,1,12,6.2847374847374855
3,1,13,6.833416583416583
3,1,14,7.321775446775447
3,1,15,7.158460983460984
3,1,16,4.662717837717838
3,1,17,4.724297924297924
3,1,18,4.931929181929182
3,1,19,5.035531135531135
3,1,20,5.656135531135531
3,1,21,5.887667887667888
3,1,22,5.747863247863249
3,1,23,6.4207875457875465
3,2,0,7.0
3,2,1,7.0
3,2,2,7.0
3,2,3,7.0
3,2,4,6.0677655677655675
3,2,5,4.467948717948717
3,2,6,3.380799755799756
3,2,7,3.0533327783327784
3,2,8,7.277655677655678
3,2,9,6.423853923853924
3,2,10,6.759004884004884
3,2,11,3.8058025308025307
3,2,12,5.253177378177378
3,2,13,6.158258408258408
3,2,14,6.802411477411478
3,2,15,6.492737817737818
3,2,16,6.287917637917638
3,2,17,7.246542346542347
3,2,18,8.452777777777778
3,2,19,8.673382173382173
3,2,20,9.15018315018315
3,2,21,9.56018981018981
3,2,22,10.03076923076923
3,2,23,10.491758241758241
3,3,0,10.571428571428571
3,3,1,10.615384615384615
3,3,2,10.083333333333334
3,3,3,10.083333333333334
3,3,4,9.35515873015873
3,3,5,7.783730158730158
3,3,6,6.151190476190476
3,3,7,5.1200487012987015
3,3,8,10.369739057239057
3,3,9,11.08068043068043
3,3,10,11.421245421245422
3,3,11,7.273576423576423
3,3,12,7.118056943056943
3,3,13,7.892735042735042
3,3,14,9.028907203907204
3,3,15,8.001204351204352
3,3,16,5.600749250749251
3,3,17,6.3821123321123325
3,3,18,7.497985347985348
3,3,19,7.29017094017094
3,3,20,7.497252747252746
3,3,21,8.430555555555555
3,3,22,9.290750915750916
3,3,23,10.359890109890111
3,4,0,10.785714285714286
3,4,1,10.846153846153847
3,4,2,10.846153846153847
3,4,3,10.846153846153847
3,4,4,10.148809523809522
3,4,5,8.122252747252748
3,4,6,6.426656676656677
3,4,7,5.356734931734932
3,4,8,10.116880341880343
3,4,9,10.399669774669775
3,4,10,10.033211233211233
3,4,11,6.828182928182928
3,4,12,5.6007326007326
3,4,13,6.837057387057387
3,4,14,6.617460317460318
3,4,15,6.606418581418581
3,4,16,6.688766788766789
3,4,17,7.4557692307692305
3,4,18,8.662545787545788
3,4,19,9.853632478632479
3,4,20,11.086385836385837
3,4,21,11.267368742368744
3,4,22,11.519841269841269
3,4,23,12.195268620268621
3,5,0,12.441391941391942
3,5,1,12.564102564102566
3,5,2,12.615384615384615
3,5,3,12.615384615384615
3,5,4,12.235500610500612
3,5,5,11.13397435897436
3,5,6,10.016941391941392
3,5,7,8.400030525030525
3,5,8,6.539926739926741
3,5,9,6.613034188034188
3,5,10,6.385897435897435
3,5,11,5.634437784437784
3,5,12,6.403663003663004
3,5,13,8.316555666555667
3,5,14,9.637881562881564
3,5,15,9.030799755799755
3,5,16,9.174542124542125
3,5,17,9.674880674880676
3,5,18,10.755952380952381
3,5,19,10.28434065934066
3,5,20,10.695054945054945
3,5,21,10.561324786324786
3,5,22,10.089438339438338
3,5,23,10.25473137973138
3,6,0,10.461538461538462
3,6,1,10.527472527472527
3,6,2,10.606837606837606
3,6,3,10.615384615384615
3,6,4,10.516483516483516
3,6,5,9.336996336996338
3,6,6,8.18543956043956
3,6,7,6.785714285714286
3,6,8,6.533882783882784
3,6,9,6.257478632478633
3,6,10,6.968711843711844
3,6,11,7.319749694749694
3,6,12,7.707020757020757
3,6,13,8.118681318681318
3,6,14,8.485225885225885
3,6,15,8.952106227106228
3,6,16,8.943709068709069
3,6,17,9.323412698412698
3,6,18,10.75097125097125
3,6,19,12.260461760461759
3,6,20,12.958333333333334
3,6,21,13.259615384615385
3,6,22,13.3757326007326
3,6,23,13.806929181929181
30,0,0,2.272727272727273
30,0,1,2.272727272727273
30,0,2,2.272727272727273
30,0,3,2.272727272727273
30,0,4,2.1948051948051948
30,0,5,1.7142857142857144
30,0,6,1.435064935064935
30,0,7,1.4112554112554112
30,0,8,1.2855339105339105
30,0,9,1.170995670995671
30,0,10,1.1147186147186148
30,0,11,1.2077922077922079
30,0,12,1.2483766233766234
30,0,13,1.9415584415584417
30,0,14,1.3609307359307359
30,0,15,1.0454545454545454
30,0,16,1.0449134199134198
30,0,17,1.0454545454545454
30,0,18,1.242965367965368
30,0,19,0.8961038961038962
30,0,20,0.8506493506493507
30,0,21,0.7792207792207791
30,0,22,0.5454545454545454
30,0,23,0.36363636363636365
30,1,0,0.36363636363636365
30,1,1,0.36363636363636365
30,1,2,0.36363636363636365
30,1,3,0.36363636363636365
30,1,4,0.3246753246753247
30,1,5,0.29004329004329005
30,1,6,0.6444805194805195
30,1,7,0.7348484848484848
30,1,8,1.4076479076479076
30,1,9,1.4523809523809523
30,1,10,1.4285714285714284
30,1,11,0.9
30,1,12,1.0849206349206348
30,1,13,1.6416666666666668
30,1,14,1.8446428571428573
30,1,15,1.2172619047619047
30,1,16,0.2373015873015873
30,1,17,0.4595238095238095
30,1,18,0.9178571428571429
30,1,19,0.9738095238095239
30,1,20,1.217857142857143
30,1,21,0.9357142857142857
30,1,22,0.570952380952381
30,1,23,0.325
30,2,0,0.2727272727272727
30,2,1,0.2727272727272727
30,2,2,0.2727272727272727
30,2,3,0.2727272727272727
30,2,4,0.23376623376623373
30,2,5,0.18181818181818182
30,2,6,1.1477272727272727
30,2,7,1.8560606060606062
30,2,8,3.389069264069264
30,2,9,3.101731601731602
30,2,10,2.810064935064935
30,2,11,2.0319264069264067
30,2,12,2.216991341991342
30,2,13,2.8706709956709955
30,2,14,2.9025974025974026
30,2,15,1.9954906204906206
30,2,16,1.7349567099567098
30,2,17,2.2987012987012987
30,2,18,2.7716450216450217
30,2,19,2.642857142857143
30,2,20,2.6277056277056277
30,2,21,2.3051948051948052
30,2,22,1.7667748917748918
30,2,23,1.5324675324675325
30,3,0,1.6233766233766234
30,3,1,1.6363636363636365
30,3,2,1.8
30,3,3,1.8
30,3,4,1.8
30,3,5,1.892857142857143
30,3,6,2.3833333333333333
30,3,7,2.741825396825397
30,3,8,4.088095238095238
30,3,9,3.4732142857142856
30,3,10,3.0762987012987013
30,3,11,2.215909090909091
30,3,12,2.372041847041847
30,3,13,2.326298701298701
30,3,14,2.5643939393939394
30,3,15,1.9603174603174602
30,3,16,1.2397186147186148
30,3,17,1.6554834054834056
30,3,18,3.40494227994228
30,3,19,4.766233766233767
30,3,20,4.478354978354978
30,3,21,4.382575757575757
30,3,22,3.440836940836941
30,3,23,3.022727272727273
30,4,0,3.0
30,4,1,3.0
30,4,2,3.0
30,4,3,3.0
30,4,4,2.9797979797979797
30,4,5,3.081168831168831
30,4,6,3.2431457431457433
30,4,7,3.588203463203463
30,4,8,4.517857142857142
30,4,9,4.976010101010101
30,4,10,3.8896103896103895
30,4,11,2.9613997113997113
30,4,12,2.4675324675324677
30,4,13,3.444264069264069
30,4,14,3.564935064935065
30,4,15,2.8717532467532467
30,4,16,2.262265512265512
30,4,17,2.2258297258297257
30,4,18,3.474350649350649
30,4,19,4.188311688311688
30,4,20,4.0937950937950935
30,4,21,3.767316017316017
30,4,22,3.2056277056277054
30,4,23,2.4834054834054835
30,5,0,2.4545454545454546
30,5,1,2.4545454545454546
30,5,2,2.4545454545454546
30,5,3,2.4545454545454546
30,5,4,2.3636363636363638
30,5,5,2.727272727272727
30,5,6,3.3203463203463204
30,5,7,3.6984126984126986
30,5,8,3.8463203463203466
30,5,9,3.2818181818181817
30,5,10,2.597943722943723
30,5,11,2.536255411255411
30,5,12,2.5676406926406927
30,5,13,2.5643939393939394
30,5,14,2.7532467532467533
30,5,15,2.3486652236652237
30,5,16,2.6260822510822512
30,5,17,2.8625541125541125
30,5,18,3.6103896103896105
30,5,19,3.7543290043290045
30,5,20,3.5303030303030307
30,5,21,3.7813852813852815
30,5,22,3.2987012987012987
30,5,23,2.9433621933621934
30,6,0,2.909090909090909
30,6,1,2.909090909090909
30,6,2,2.909090909090909
30,6,3,2.909090909090909
30,6,4,2.9740259740259742
30,6,5,3.0389610389610393
30,6,6,3.155844155844156
30,6,7,3.4669913419913416
30,6,8,2.7893217893217894
30,6,9,2.090007215007215
30,6,10,1.9994588744588746
30,6,11,1.6352813852813852
30,6,12,1.7070707070707072
30,6,13,1.4047619047619049
30,6,14,1.6076839826839828
30,6,15,1.3311688311688312
30,6,16,1.2353896103896103
30,6,17,1.225108225108225
30,6,18,0.9669913419913421
30,6,19,1.2359307359307359
30,6,20,1.525974025974026
30,6,21,1.8349567099567101
30,6,22,1.9184704184704187
30,6,23,2.2467532467532467
31,0,0,15.307692307692308
31,0,1,15.307692307692308
31,0,2,15.307692307692308
31,0,3,15.307692307692308
31,0,4,14.814102564102566
31,0,5,15.186202686202687
31,0,6,13.500444000444
31,0,7,11.051923076923078
31,0,8,10.684676434676435
31,0,9,11.16025641025641
31,0,10,11.252747252747252
31,0,11,10.41939171939172
31,0,12,12.307828282828284
31,0,13,12.090873015873017
31,0,14,13.370571095571096
31,0,15,15.07163947163947
31,0,16,13.808283383283383
31,0,17,14.526093351093351
31,0,18,13.141910866910866
31,0,19,12.994283494283495
31,0,20,13.965811965811968
31,0,21,13.578235653235653
31,0,22,13.099816849816849
31,0,23,13.068681318681318
31,1,0,13.076923076923077
31,1,1,13.076923076923077
31,1,2,13.076923076923077
31,1,3,13.076923076923077
31,1,4,12.750222000222
31,1,5,10.892094017094017
31,1,6,10.075335775335775
31,1,7,9.214840714840715
31,1,8,7.201945276945277
31,1,9,8.050502275502275
31,1,10,8.79090354090354
31,1,11,8.862112887112888
31,1,12,11.139407814407814
31,1,13,10.192471417471419
31,1,14,10.149053724053724
31,1,15,10.39587357087357
31,1,16,7.776165501165502
31,1,17,8.647252747252747
31,1,18,8.016122766122766
31,1,19,8.391927516927517
31,1,20,9.062393162393162
31,1,21,9.053724053724054
31,1,22,9.224358974358974
31,1,23,9.114010989010989
31,2,0,10.153846153846153
31,2,1,10.153846153846153
31,2,2,10.153846153846153
31,2,3,10.153846153846153
31,2,4,10.16025641025641
31,2,5,11.13617216117216
31,2,6,9.067990342990344
31,2,7,7.347619047619047
31,2,8,6.922100122100122
31,2,9,8.048382173382173
31,2,10,8.467704517704517
31,2,11,7.616472416472417
31,2,12,7.448199023199023
31,2,13,7.853418803418804
31,2,14,8.967599067599068
31,2,15,10.339024864024863
31,2,16,10.237179487179487
31,2,17,11.495038295038295
31,2,18,10.138228438228436
31,2,19,10.397832722832723
31,2,20,10.74043734043734
31,2,21,10.867735042735044
31,2,22,10.466575091575093
31,2,23,10.218406593406595
31,3,0,10.23076923076923
31,3,1,10.23076923076923
31,3,2,9.75
31,3,3,9.75
31,3,4,9.643488455988455
31,3,5,9.610714285714286
31,3,6,10.603935185185184
31,3,7,11.284093915343917
31,3,8,10.254939273689274
31,3,9,10.398941798941799
31,3,10,11.948534798534798
31,3,11,11.717210567210568
31,3,12,13.69896214896215
31,3,13,10.268467643467643
31,3,14,10.234110334110333
31,3,15,11.037451437451438
31,3,16,11.42433954933955
31,3,17,12.431662781662782
31,3,18,11.863003663003663
31,3,19,11.83014763014763
31,3,20,12.533438783438783
31,3,21,12.152625152625152
31,3,22,12.551739926739925
31,3,23,12.728021978021978
31,4,0,12.76923076923077
31,4,1,12.76923076923077
31,4,2,12.76923076923077
31,4,3,12.76923076923077
31,4,4,12.41309523809524
31,4,5,12.434065934065934
31,4,6,10.118162393162395
31,4,7,6.962706737706738
31,4,8,8.031132756132756
31,4,9,9.017607392607392
31,4,10,9.256382506382506
31,4,11,9.035545010545011
31,4,12,8.42094572094572
31,4,13,7.2754023754023756
31,4,14,8.209077034077033
31,4,15,11.330769230769231
31,4,16,10.353155178155179
31,4,17,11.663189588189589
31,4,18,12.090170940170939
31,4,19,13.51437728937729
31,4,20,14.033960483960483
31,4,21,14.238553113553113
31,4,22,14.300824175824175
31,4,23,14.015720390720391
31,5,0,13.923076923076923
31,5,1,13.923076923076923
31,5,2,13.923076923076923
31,5,3,13.923076923076923
31,5,4,14.548076923076923
31,5,5,15.854395604395604
31,5,6,16.012057387057386
31,5,7,15.988553113553113
31,5,8,14.366605616605616
31,5,9,12.817796092796092
31,5,10,12.726343101343101
31,5,11,12.882342657342658
31,5,12,12.890692640692642
31,5,13,13.508236208236209
31,5,14,13.722788322788322
31,5,15,14.510531135531135
31,5,16,13.544930069930071
31,5,17,13.517335442335442
31,5,18,14.06504884004884
31,5,19,14.426282051282051
31,5,20,14.744871794871795
31,5,21,14.40521978021978
31,5,22,14.240384615384615
31,5,23,14.099358974358974
31,6,0,14.076923076923077
31,6,1,14.076923076923077
31,6,2,14.076923076923077
31,6,3,14.076923076923077
31,6,4,14.077380952380953
31,6,5,14.277930402930403
31,6,6,14.6996336996337
31,6,7,14.421703296703297
31,6,8,14.131501831501831
31,6,9,12.798199023199023
31,6,10,12.446991896991896
31,6,11,13.055516705516705
31,6,12,13.490767565767566
31,6,13,13.929090354090354
31,6,14,14.804179154179154
31,6,15,16.060836385836385
31,6,16,15.48853923853924
31,6,17,15.46664169164169
31,6,18,15.06105006105006
31,6,19,15.39545177045177
31,6,20,15.913461538461538
31,6,21,15.81043956043956
31,6,22,15.465811965811964
31,6,23,15.240384615384615
32,0,0,11.054945054945055
32,0,1,11.153846153846153
32,0,2,11.153846153846153
32,0,3,11.153846153846153
32,0,4,11.510989010989011
32,0,5,10.763278388278387
32,0,6,11.424084249084249
32,0,7,13.327505827505828
32,0,8,14.637701187701188
32,0,9,18.533366633366633
32,0,10,17.728224553224553
32,0,11,17.43478465978466
32,0,12,17.173576423576424
32,0,13,16.76097236097236
32,0,14,16.038603063603066
32,0,15,16.6225135975136
32,0,16,20.28721556221556
32,0,17,21.77382894882895
32,0,18,19.068162393162392
32,0,19,16.058105783105784
32,0,20,14.680250305250306
32,0,21,12.71474358974359
32,0,22,11.92948717948718
32,0,23,11.836538461538462
32,1,0,11.846153846153847
32,1,1,11.846153846153847
32,1,2,11.846153846153847
32,1,3,11.846153846153847
32,1,4,12.65521978021978
32,1,5,13.45650183150183
32,1,6,15.154156954156955
32,1,7,14.011655011655012
32,1,8,17.219094794094794
32,1,9,21.115484515484518
32,1,10,18.794536019536018
32,1,11,18.56153846153846
32,1,12,19.060392385392387
32,1,13,19.31523754023754
32,1,14,17.30749805749806
32,1,15,19.31013986013986
32,1,16,21.753341103341103
32,1,17,23.33684926184926
32,1,18,22.64537962037962
32,1,19,19.998504273504274
32,1,20,16.423778998778996
32,1,21,12.828296703296703
32,1,22,11.610653235653237
32,1,23,10.998168498168498
32,2,0,9.615384615384615
32,2,1,9.615384615384615
32,2,2,9.615384615384615
32,2,3,9.615384615384615
32,2,4,10.133241758241759
32,2,5,10.47997557997558
32,2,6,12.352933177933178
32,2,7,11.377389277389277
32,2,8,12.045881895881896
32,2,9,17.38760683760684
32,2,10,15.455439005439006
32,2,11,15.342094017094016
32,2,12,14.312501387501387
32,2,13,11.64594572094572
32,2,14,12.53486790986791
32,2,15,15.91099456099456
32,2,16,19.485470085470084
32,2,17,20.624592074592076
32,2,18,16.827408702408704
32,2,19,13.75541958041958
32,2,20,10.614052614052612
32,2,21,9.051129426129426
32,2,22,8.598443223443224
32,2,23,7.710164835164836
32,3,0,7.615384615384615
32,3,1,7.615384615384615
32,3,2,8.25
32,3,3,8.25
32,3,4,9.10846560846561
32,3,5,9.59728835978836
32,3,6,10.093392255892256
32,3,7,9.452525252525254
32,3,8,11.670159932659933
32,3,9,14.67060185185185
32,3,10,13.308214008214009
32,3,11,13.700252525252525
32,3,12,13.182381507381507
32,3,13,11.983197358197357
32,3,14,12.25091575091575
32,3,15,13.619075369075368
32,3,16,18.223892773892775
32,3,17,19.854739704739703
32,3,18,18.87039627039627
32,3,19,16.362121212121213
32,3,20,14.092735042735042
32,3,21,11.56456043956044
32,3,22,10.413156288156289
32,3,23,9.846153846153847
32,4,0,9.76923076923077
32,4,1,9.76923076923077
32,4,2,9.76923076923077
32,4,3,9.76923076923077
32,4,4,10.89453601953602
32,4,5,11.729700854700855
32,4,6,11.83914973914974
32,4,7,12.167482517482519
32,4,8,14.511438561438561
32,4,9,16.180716505716507
32,4,10,18.54969474969475
32,4,11,18.6246891996892
32,4,12,17.765312465312466
32,4,13,15.726334776334776
32,4,14,17.175385725385727
32,4,15,17.943925518925518
32,4,16,17.96517094017094
32,4,17,19.343220668220667
32,4,18,18.767063492063492
32,4,19,16.049481074481072
32,4,20,14.189865689865691
32,4,21,13.324175824175825
32,4,22,12.381868131868133
32,4,23,11.902472527472527
32,5,0,12.0
32,5,1,12.0
32,5,2,12.0
32,5,3,12.0
32,5,4,12.483974358974358
32,5,5,12.766025641025642
32,5,6,12.133699633699633
32,5,7,13.238644688644687
32,5,8,16.17546065046065
32,5,9,19.630627705627706
32,5,10,21.294810744810743
32,5,11,21.080555555555556
32,5,12,19.715279165279167
32,5,13,20.80772283272283
32,5,14,21.230602730602733
32,5,15,21.623076923076926
32,5,16,20.099425574425574
32,5,17,17.553388278388276
32,5,18,16.056898656898657
32,5,19,14.341727716727716
32,5,20,13.495268620268622
32,5,21,13.081043956043958
32,5,22,11.817599067599067
32,5,23,11.307692307692308
32,6,0,11.384615384615385
32,6,1,11.384615384615385
32,6,2,11.384615384615385
32,6,3,11.384615384615385
32,6,4,11.384615384615385
32,6,5,11.428571428571429
32,6,6,11.547619047619047
32,6,7,12.711843711843711
32,6,8,15.27106227106227
32,6,9,18.613111888111888
32,6,10,20.981510156510158
32,6,11,23.80894105894106
32,6,12,23.523445998445997
32,6,13,21.849802974802973
32,6,14,21.7235347985348
32,6,15,20.49441391941392
32,6,16,18.014935064935063
32,6,17,15.91959706959707
32,6,18,15.547619047619047
32,6,19,14.964285714285714
32,6,20,13.83974358974359
32,6,21,13.10454822954823
32,6,22,11.732600732600732
32,6,23,11.03525641025641
33,0,0,14.76923076923077
33,0,1,14.76923076923077
33,0,2,14.76923076923077
33,0,3,14.76923076923077
33,0,4,14.077788877788878
33,0,5,12.38507326007326
33,0,6,11.97120657120657
33,0,7,11.522455322455322
33,0,8,14.706174381174382
33,0,9,13.863486513486514
33,0,10,10.188866688866689
33,0,11,10.794114219114219
33,0,12,13.851515151515152
33,0,13,13.438408813408813
33,0,14,15.457362082362083
33,0,15,17.90299145299145
33,0,16,18.035139860139857
33,0,17,19.851146076146076
33,0,18,18.61858419358419
33,0,19,16.38162393162393
33,0,20,16.120990120990122
33,0,21,14.281351981351982
33,0,22,12.835225885225885
33,0,23,11.402014652014653
33,1,0,11.58974358974359
33,1,1,11.615384615384615
33,1,2,11.615384615384615
33,1,3,11.615384615384615
33,1,4,11.72924297924298
33,1,5,10.909743034743034
33,1,6,9.904312354312355
33,1,7,8.16068376068376
33,1,8,12.66037296037296
33,1,9,15.58400210900211
33,1,10,15.501573426573428
33,1,11,15.892016317016317
33,1,12,17.159673659673658
33,1,13,15.182905982905984
33,1,14,14.727972027972028
33,1,15,16.696697746697748
33,1,16,19.035703185703184
33,1,17,19.464801864801863
33,1,18,18.04626762126762
33,1,19,16.648581973581972
33,1,20,15.786996336996337
33,1,21,13.491033966033966
33,1,22,12.606129981129982
33,1,23,11.832875457875458
33,2,0,12.0
33,2,1,12.0
33,2,2,12.0
33,2,3,12.0
33,2,4,11.432387057387057
33,2,5,10.384340659340658
33,2,6,8.396678321678321
33,2,7,10.023698523698524
33,2,8,16.74005439005439
33,2,9,16.826742701742702
33,2,10,11.683702408702409
33,2,11,11.249339549339549
33,2,12,14.566239316239317
33,2,13,13.29009324009324
33,2,14,13.97781662781663
33,2,15,14.944838494838494
33,2,16,17.361305361305362
33,2,17,19.374125874125873
33,2,18,17.955205905205904
33,2,19,17.450091575091577
33,2,20,16.311724386724386
33,2,21,13.966955266955267
33,2,22,12.054242979242979
33,2,23,10.39362026862027
33,3,0,10.362637362637363
33,3,1,10.384615384615385
33,3,2,10.416666666666666
33,3,3,10.416666666666666
33,3,4,10.498578042328043
33,3,5,10.195535714285713
33,3,6,8.301999158249158
33,3,7,9.723863636363637
33,3,8,15.606911375661376
33,3,9,14.540310846560848
33,3,10,12.18006438006438
33,3,11,12.316167166167165
33,3,12,12.14949494949495
33,3,13,8.93560606060606
33,3,14,12.181721056721056
33,3,15,16.142229992229993
33,3,16,18.908799533799534
33,3,17,19.296736596736597
33,3,18,18.84040404040404
33,3,19,18.269993894993895
33,3,20,17.116952491952492
33,3,21,15.691297591297591
33,3,22,13.98034188034188
33,3,23,12.376984126984127
33,4,0,12.677655677655677
33,4,1,12.846153846153847
33,4,2,12.846153846153847
33,4,3,12.846153846153847
33,4,4,12.440934065934066
33,4,5,11.977725052725052
33,4,6,10.42519425019425
33,4,7,9.767521367521368
33,4,8,12.02278554778555
33,4,9,12.153724053724053
33,4,10,12.775854700854701
33,4,11,13.039257964257965
33,4,12,14.955283605283606
33,4,13,16.07972027972028
33,4,14,18.223465423465424
33,4,15,20.180672105672105
33,4,16,18.677447552447553
33,4,17,19.784265734265734
33,4,18,19.567959817959817
33,4,19,19.74606227106227
33,4,20,18.85141525141525
33,4,21,17.754487179487178
33,4,22,16.871825396825397
33,4,23,16.347680097680097
33,5,0,16.24175824175824
33,5,1,16.307692307692307
33,5,2,16.307692307692307
33,5,3,16.307692307692307
33,5,4,15.303571428571429
33,5,5,15.901251526251526
33,5,6,17.335164835164836
33,5,7,17.71672494172494
33,5,8,17.473232323232324
33,5,9,15.215506715506715
33,5,10,14.82016317016317
33,5,11,15.48730158730159
33,5,12,15.250757575757575
33,5,13,16.61165501165501
33,5,14,18.2013209013209
33,5,15,17.525097125097126
33,5,16,17.1514763014763
33,5,17,17.326282051282053
33,5,18,18.46419968919969
33,5,19,17.753815628815627
33,5,20,17.76685814185814
33,5,21,18.59516872016872
33,5,22,18.246103896103897
33,5,23,17.780067155067155
33,6,0,18.153846153846153
33,6,1,18.153846153846153
33,6,2,18.153846153846153
33,6,3,18.153846153846153
33,6,4,17.352564102564102
33,6,5,17.461996336996336
33,6,6,18.612179487179485
33,6,7,20.47813852813853
33,6,8,20.096764346764346
33,6,9,16.848193473193472
33,6,10,17.729645354645353
33,6,11,19.692862692862693
33,6,12,18.11980796980797
33,6,13,18.464629814629816
33,6,14,19.09076479076479
33,6,15,19.665803640803638
33,6,16,19.36933066933067
33,6,17,20.108288933288932
33,6,18,19.48030303030303
33,6,19,17.566666666666666
33,6,20,16.85251137751138
33,6,21,15.747338772338772
33,6,22,15.935897435897438
33,6,23,14.878205128205128
34,0,0,13.461538461538462
34,0,1,13.461538461538462
34,0,2,13.461538461538462
34,0,3,13.461538461538462
34,0,4,13.152625152625152
34,0,5,13.147954822954823
34,0,6,15.505944055944054
34,0,7,10.153166278166278
34,0,8,5.057389832389832
34,0,9,8.524175824175824
34,0,10,8.144047619047619
34,0,11,6.778357753357753
34,0,12,5.717235542235542
34,0,13,5.617404817404817
34,0,14,5.144413919413919
34,0,15,5.271642246642246
34,0,16,8.301692751692752
34,0,17,15.337970362970363
34,0,18,18.57932622932623
34,0,19,20.54801032301032
34,0,20,22.336904761904762
34,0,21,23.331959706959708
34,0,22,23.72191697191697
34,0,23,24.13003663003663
34,1,0,24.423076923076923
34,1,1,24.46153846153846
34,1,2,24.46153846153846
34,1,3,24.46153846153846
34,1,4,24.005494505494504
34,1,5,27.533724608724608
34,1,6,27.37132867132867
34,1,7,15.293123543123544
34,1,8,4.192696192696193
34,1,9,8.405461205461206
34,1,10,8.580738705738707
34,1,11,7.63956043956044
34,1,12,5.639133089133089
34,1,13,5.185286935286935
34,1,14,5.712523587523587
34,1,15,5.648926073926074
34,1,16,10.758197358197359
34,1,17,21.275912975912977
34,1,18,24.402117327117328
34,1,19,25.238100788100787
34,1,20,27.436172161172163
34,1,21,27.9263653013653
34,1,22,27.860195360195362
34,1,23,28.39072039072039
34,2,0,28.615384615384617
34,2,1,28.615384615384617
34,2,2,28.615384615384617
34,2,3,28.615384615384617
34,2,4,28.223290598290596
34,2,5,29.841883116883118
34,2,6,31.852292152292154
34,2,7,18.59965034965035
34,2,8,5.483177933177934
34,2,9,9.687925962925963
34,2,10,8.086691086691086
34,2,11,6.158186258186258
34,2,12,4.799786324786325
34,2,13,5.351007326007326
34,2,14,5.475202575202575
34,2,15,5.717832167832167
34,2,16,8.940559440559442
34,2,17,15.89491341991342
34,2,18,19.58657731157731
34,2,19,21.747591297591296
34,2,20,22.76877289377289
34,2,21,22.835561660561662
34,2,22,22.796703296703296
34,2,23,23.484737484737483
34,3,0,23.703296703296704
34,3,1,23.76923076923077
34,3,2,22.75
34,3,3,22.75
34,3,4,22.35218253968254
34,3,5,24.221302308802308
34,3,6,26.96456228956229
34,3,7,12.895412457912457
34,3,8,3.2440656565656565
34,3,9,9.518187368187368
34,3,10,9.875641025641025
34,3,11,8.049064824064825
34,3,12,6.138228438228438
34,3,13,6.403762903762904
34,3,14,6.749816849816851
34,3,15,7.148776223776224
34,3,16,8.77983682983683
34,3,17,16.366472416472416
34,3,18,19.55740093240093
34,3,19,21.50553613053613
34,3,20,21.931721056721056
34,3,21,23.674603174603174
34,3,22,24.139940614940613
34,3,23,24.529761904761905
34,4,0,24.615384615384617
34,4,1,24.615384615384617
34,4,2,24.615384615384617
34,4,3,24.615384615384617
34,4,4,24.217032967032967
34,4,5,27.109737484737483
34,4,6,26.66245976245976
34,4,7,18.906954156954157
34,4,8,8.297610722610724
34,4,9,9.325779775779775
34,4,10,9.898612498612497
34,4,11,7.642210567210568
34,4,12,6.833954933954933
34,4,13,7.062387612387612
34,4,14,6.678538128538128
34,4,15,7.54516317016317
34,4,16,8.552619602619602
34,4,17,10.79547397047397
34,4,18,10.782595182595182
34,4,19,11.228737928737928
34,4,20,13.1258547008547
34,4,21,13.620218670218671
34,4,22,13.531027306027305
34,4,23,14.853479853479854
34,5,0,15.076923076923077
34,5,1,15.076923076923077
34,5,2,15.076923076923077
34,5,3,15.076923076923077
34,5,4,14.79441391941392
34,5,5,13.184065934065934
34,5,6,11.827686202686202
34,5,7,14.328205128205129
34,5,8,13.667138417138416
34,5,9,13.207706182706183
34,5,10,12.252214452214453
34,5,11,10.781732156732156
34,5,12,9.563483738483738
34,5,13,9.86302863802864
34,5,14,8.604700854700855
34,5,15,7.674292374292374
34,5,16,7.956585081585081
34,5,17,8.241178266178267
34,5,18,8.839499389499391
34,5,19,9.679029304029305
34,5,20,10.46596459096459
34,5,21,10.889346764346763
34,5,22,10.771581196581197
34,5,23,11.40430402930403
34,6,0,11.670329670329672
34,6,1,11.692307692307692
34,6,2,11.692307692307692
34,6,3,11.692307692307692
34,6,4,11.58470695970696
34,6,5,9.82554945054945
34,6,6,8.678571428571429
34,6,7,8.680250305250306
34,6,8,8.71013431013431
34,6,9,8.91510989010989
34,6,10,8.14430291930292
34,6,11,8.024650349650349
34,6,12,6.532023532023532
34,6,13,6.382195582195583
34,6,14,7.400885225885227
34,6,15,7.376695526695527
34,6,16,7.131468531468531
34,6,17,9.251911976911977
34,6,18,9.763675213675214
34,6,19,11.184065934065934
34,6,20,12.033730158730158
34,6,21,12.346306471306471
34,6,22,12.829945054945055
34,6,23,13.37942612942613
35,0,0,21.46153846153846
35,0,1,21.46153846153846
35,0,2,21.46153846153846
35,0,3,21.46153846153846
35,0,4,21.369505494505496
35,0,5,20.139804639804638
35,0,6,18.966083916083917
35,0,7,15.467957042957043
35,0,8,16.574175824175825
35,0,9,17.647710622710623
35,0,10,15.507295482295481
35,0,11,13.54393106893107
35,0,12,12.100019425019424
35,0,13,14.212015762015763
35,0,14,14.766605616605615
35,0,15,14.819405594405595
35,0,16,15.187723387723388
35,0,17,16.72741147741148
35,0,18,20.110331335331335
35,0,19,22.417901542901543
35,0,20,22.918498168498168
35,0,21,22.166208791208792
35,0,22,22.21001221001221
35,0,23,22.13186813186813
35,1,0,22.076923076923077
35,1,1,22.076923076923077
35,1,2,22.076923076923077
35,1,3,22.076923076923077
35,1,4,21.656043956043955
35,1,5,18.57832722832723
35,1,6,16.116167166167166
35,1,7,14.014102564102565
35,1,8,12.143473193473195
35,1,9,9.074175824175823
35,1,10,6.998168498168498
35,1,11,5.336050061050061
35,1,12,5.124267399267399
35,1,13,7.093401043401044
35,1,14,8.16028971028971
35,1,15,7.0829836829836825
35,1,16,7.800990675990676
35,1,17,10.836285936285936
35,1,18,14.274331224331224
35,1,19,16.11807081807082
35,1,20,17.239724164724166
35,1,21,19.455433455433454
35,1,22,21.43131868131868
35,1,23,22.02075702075702
35,2,0,22.0
35,2,1,22.0
35,2,2,22.0
35,2,3,22.0
35,2,4,21.83974358974359
35,2,5,19.481227106227106
35,2,6,13.770765345765344
35,2,7,8.525097125097124
35,2,8,7.003496503496503
35,2,9,8.178477078477078
35,2,10,5.958877233877233
35,2,11,4.929059829059829
35,2,12,4.756349206349206
35,2,13,5.433058608058608
35,2,14,6.452533577533577
35,2,15,5.341933066933067
35,2,16,6.826884226884227
35,2,17,8.953574203574203
35,2,18,11.193018093018093
35,2,19,13.622516372516372
35,2,20,15.069749694749694
35,2,21,17.236782661782662
35,2,22,18.653388278388277
35,2,23,19.445360195360195
35,3,0,19.615384615384617
35,3,1,19.615384615384617
35,3,2,19.166666666666668
35,3,3,19.166666666666668
35,3,4,18.784060846560845
35,3,5,17.069113756613756
35,3,6,15.65878427128427
35,3,7,13.696464646464648
35,3,8,12.354166666666666
35,3,9,12.441910173160172
35,3,10,10.878879453879453
35,3,11,7.192735042735043
35,3,12,6.5809523809523816
35,3,13,8.545443445443444
35,3,14,9.787637362637362
35,3,15,10.262937062937063
35,3,16,11.738034188034188
35,3,17,13.693084693084693
35,3,18,16.067715617715617
35,3,19,17.563156288156286
35,3,20,19.550951825951827
35,3,21,21.602045177045177
35,3,22,23.204975579975578
35,3,23,24.081440781440783
35,4,0,24.692307692307693
35,4,1,24.692307692307693
35,4,2,24.692307692307693
35,4,3,24.692307692307693
35,4,4,24.53907203907204
35,4,5,23.715537240537238
35,4,6,21.81013986013986
35,4,7,19.600174825174825
35,4,8,17.625135975135976
35,4,9,16.217673992673994
35,4,10,13.541003441003442
35,4,11,11.173382173382173
35,4,12,8.74870684870685
35,4,13,10.725213675213675
35,4,14,12.89561272061272
35,4,15,13.896639471639473
35,4,16,12.820920745920747
35,4,17,14.61443833943834
35,4,18,16.45897435897436
35,4,19,18.427530802530804
35,4,20,19.429029304029307
35,4,21,20.854298479298482
35,4,22,23.320790320790323
35,4,23,24.198076923076922
35,5,0,24.76923076923077
35,5,1,24.76923076923077
35,5,2,24.76923076923077
35,5,3,24.76923076923077
35,5,4,24.91758241758242
35,5,5,24.928571428571427
35,5,6,24.090201465201464
35,5,7,23.361507936507937
35,5,8,23.403202353202353
35,5,9,20.603166278166277
35,5,10,18.816072816072815
35,5,11,15.57942057942058
35,5,12,14.706562881562881
35,5,13,15.86887001887002
35,5,14,16.952935952935952
35,5,15,18.207742257742257
35,5,16,19.267612942612942
35,5,17,20.756915306915307
35,5,18,21.267205017205015
35,5,19,21.96288156288156
35,5,20,22.166208791208792
35,5,21,23.129365079365076
35,5,22,24.90515873015873
35,5,23,25.39911477411477
35,6,0,25.615384615384617
35,6,1,25.615384615384617
35,6,2,25.615384615384617
35,6,3,25.615384615384617
35,6,4,25.785561660561658
35,6,5,25.656288156288156
35,6,6,24.84313186813187
35,6,7,24.50338827838828
35,6,8,23.369017094017092
35,6,9,21.064158064158065
35,6,10,19.233638583638584
35,6,11,18.93054168054168
35,6,12,17.775549450549452
35,6,13,20.0017094017094
35,6,14,19.13815628815629
35,6,15,19.19047619047619
35,6,16,18.935775335775336
35,6,17,19.483821733821735
35,6,18,19.59618437118437
35,6,19,19.887973137973137
35,6,20,20.067704517704517
35,6,21,20.33180708180708
35,6,22,20.888736263736266
35,6,23,21.37210012210012
36,0,0,12.846153846153847
36,0,1,12.846153846153847
36,0,2,12.846153846153847
36,0,3,12.846153846153847
36,0,4,12.783882783882785
36,0,5,14.262454212454212
36,0,6,17.00283882783883
36,0,7,17.79368131868132
36,0,8,21.758058608058608
36,0,9,24.50198412698413
36,0,10,25.061272061272064
36,0,11,25.854334554334553
36,0,12,25.917094017094016
36,0,13,26.367979242979246
36,0,14,25.672130647130647
36,0,15,23.2780525030525
36,0,16,18.62554945054945
36,0,17,16.36755189255189
36,0,18,16.385531135531135
36,0,19,15.84478021978022
36,0,20,15.038461538461538
36,0,21,13.522741147741147
36,0,22,12.640567765567766
36,0,23,12.403846153846153
36,1,0,12.461538461538462
36,1,1,12.461538461538462
36,1,2,12.461538461538462
36,1,3,12.461538461538462
36,1,4,12.427197802197801
36,1,5,14.285120435120435
36,1,6,18.09488011988012
36,1,7,20.49825174825175
36,1,8,25.944968919968918
36,1,9,30.922771672771674
36,1,10,32.182905982905986
36,1,11,31.735470085470087
36,1,12,28.48587801087801
36,1,13,25.91451603951604
36,1,14,24.231257631257634
36,1,15,19.244444444444444
36,1,16,10.26385003885004
36,1,17,5.383577533577533
36,1,18,3.961843711843712
36,1,19,3.209218559218559
36,1,20,2.2967032967032965
36,1,21,1.3626373626373627
36,1,22,0.6458791208791208
36,1,23,0.38461538461538464
36,2,0,0.46153846153846156
36,2,1,0.46153846153846156
36,2,2,0.46153846153846156
36,2,3,0.46153846153846156
36,2,4,0.4725274725274725
36,2,5,3.0615995115995114
36,2,6,7.375885225885226
36,2,7,11.577960927960929
36,2,8,19.77960372960373
36,2,9,24.936233211233212
36,2,10,25.124847374847374
36,2,11,25.392954267954266
36,2,12,23.624536574536574
36,2,13,22.012942612942613
36,2,14,20.532692307692308
36,2,15,15.160586635586636
36,2,16,7.543578643578645
36,2,17,3.8882783882783887
36,2,18,3.348199023199023
36,2,19,3.2106227106227108
36,2,20,2.4427655677655675
36,2,21,0.7528998778998779
36,2,22,0.48901098901098905
36,2,23,0.25274725274725274
36,3,0,0.23076923076923078
36,3,1,0.23076923076923078
36,3,2,0.25
36,3,3,0.25
36,3,4,0.34970238095238093
36,3,5,2.6849537037037035
36,3,6,5.9190476190476184
36,3,7,9.528977272727273
36,3,8,16.515617484367485
36,3,9,19.47880291005291
36,3,10,20.066636141636142
36,3,11,18.64307914307914
36,3,12,17.05635198135198
36,3,13,18.0017094017094
36,3,14,16.129223554223554
36,3,15,11.995901320901321
36,3,16,7.104895104895105
36,3,17,5.051434676434677
36,3,18,4.743345543345543
36,3,19,4.092948717948718
36,3,20,3.512820512820513
36,3,21,2.3264652014652016
36,3,22,1.9120879120879122
36,3,23,1.5384615384615385
36,4,0,1.5384615384615385
36,4,1,1.5384615384615385
36,4,2,1.5384615384615385
36,4,3,1.5384615384615385
36,4,4,1.6428571428571428
36,4,5,3.6774114774114772
36,4,6,7.431013431013431
36,4,7,10.48945498945499
36,4,8,14.163597513597514
36,4,9,16.578418803418803
36,4,10,18.159798534798536
36,4,11,19.20364357864358
36,4,12,18.339424464424464
36,4,13,17.075396825396826
36,4,14,15.738400488400488
36,4,15,13.996978021978022
36,4,16,11.042801642801644
36,4,17,9.071886446886447
36,4,18,9.067307692307692
36,4,19,9.018315018315018
36,4,20,8.303571428571429
36,4,21,7.050213675213675
36,4,22,5.929487179487179
36,4,23,4.876373626373626
36,5,0,4.846153846153846
36,5,1,4.846153846153846
36,5,2,4.846153846153846
36,5,3,4.846153846153846
36,5,4,5.016483516483516
36,5,5,5.904304029304029
36,5,6,6.596459096459096
36,5,7,7.663919413919414
36,5,8,8.713369963369964
36,5,9,9.742673992673993
36,5,10,11.205311355311355
36,5,11,11.909645909645908
36,5,12,12.152930402930403
36,5,13,12.097832722832722
36,5,14,10.907264957264958
36,5,15,11.677014652014652
36,5,16,11.70497557997558
36,5,17,12.527319902319903
36,5,18,12.851953601953603
36,5,19,13.3
36,5,20,13.216575091575093
36,5,21,12.952991452991453
36,5,22,11.987179487179487
36,5,23,11.257020757020758
36,6,0,11.153846153846153
36,6,1,11.153846153846153
36,6,2,11.153846153846153
36,6,3,11.153846153846153
36,6,4,11.113553113553113
36,6,5,11.596153846153847
36,6,6,11.812728937728936
36,6,7,12.402930402930403
36,6,8,13.317307692307692
36,6,9,14.572344322344323
36,6,10,15.767857142857142
36,6,11,17.007134532134533
36,6,12,17.8525308025308
36,6,13,18.714590964590965
36,6,14,19.093559218559218
36,6,15,18.695970695970697
36,6,16,18.201373626373627
36,6,17,17.68295593295593
36,6,18,16.498931623931625
36,6,19,15.346153846153847
36,6,20,15.00915750915751
36,6,21,13.757326007326007
36,6,22,13.112637362637363
36,6,23,12.89010989010989
37,0,0,12.384615384615385
37,0,1,12.384615384615385
37,0,2,12.384615384615385
37,0,3,12.384615384615385
37,0,4,12.41758241758242
37,0,5,11.804945054945055
37,0,6,11.921855921855922
37,0,7,13.293803418803419
37,0,8,15.686660561660561
37,0,9,16.32142857142857
37,0,10,16.31547619047619
37,0,11,15.946275946275945
37,0,12,15.585531135531138
37,0,13,16.032967032967033
37,0,14,16.547619047619047
37,0,15,16.548992673992675
37,0,16,13.91111111111111
37,0,17,11.841575091575091
37,0,18,11.552197802197801
37,0,19,10.917124542124542
37,0,20,10.495726495726498
37,0,21,9.989010989010989
37,0,22,9.653846153846153
37,0,23,9.606837606837606
37,1,0,9.615384615384615
37,1,1,9.615384615384615
37,1,2,9.615384615384615
37,1,3,9.615384615384615
37,1,4,9.576923076923077
37,1,5,9.128663003663004
37,1,6,8.883241758241759
37,1,7,10.994372294372294
37,1,8,14.091758241758242
37,1,9,13.898199023199023
37,1,10,14.038461538461538
37,1,11,13.866300366300367
37,1,12,13.256715506715507
37,1,13,13.054945054945055
37,1,14,13.365384615384615
37,1,15,12.182387057387057
37,1,16,9.005699855699856
37,1,17,6.259920634920634
37,1,18,5.434218559218559
37,1,19,4.843406593406593
37,1,20,4.63919413919414
37,1,21,4.133089133089133
37,1,22,3.626373626373627
37,1,23,3.480769230769231
37,2,0,3.076923076923077
37,2,1,3.076923076923077
37,2,2,3.076923076923077
37,2,3,3.076923076923077
37,2,4,3.0
37,2,5,2.6666666666666665
37,2,6,2.5247252747252746
37,2,7,4.7704739704739705
37,2,8,7.702958152958153
37,2,9,8.928571428571429
37,2,10,8.916666666666668
37,2,11,8.482905982905983
37,2,12,8.682692307692308
37,2,13,8.091575091575091
37,2,14,7.496947496947497
37,2,15,6.653021978021978
37,2,16,3.366752691752692
37,2,17,1.5985680985680988
37,2,18,1.1318681318681318
37,2,19,1.0512820512820513
37,2,20,0.7924297924297925
37,2,21,0.44505494505494503
37,2,22,0.2087912087912088
37,2,23,0.15384615384615385
37,3,0,0.15384615384615385
37,3,1,0.15384615384615385
37,3,2,0.08333333333333333
37,3,3,0.08333333333333333
37,3,4,0.09722222222222222
37,3,5,0.18055555555555558
37,3,6,0.8988095238095237
37,3,7,3.1798821548821548
37,3,8,6.111937830687832
37,3,9,6.987103174603175
37,3,10,7.417735042735043
37,3,11,8.030372405372406
37,3,12,8.227716727716727
37,3,13,8.380952380952381
37,3,14,8.397893772893774
37,3,15,7.875
37,3,16,4.949908424908425
37,3,17,2.4629731379731377
37,3,18,1.8131868131868134
37,3,19,1.0923382173382175
37,3,20,0.6758241758241759
37,3,21,0.5293040293040293
37,3,22,0.35347985347985345
37,3,23,0.34065934065934067
37,4,0,0.38461538461538464
37,4,1,0.38461538461538464
37,4,2,0.38461538461538464
37,4,3,0.38461538461538464
37,4,4,0.3516483516483516
37,4,5,0.32967032967032966
37,4,6,0.6135531135531136
37,4,7,2.0131396381396383
37,4,8,3.956868131868132
37,4,9,4.115842490842491
37,4,10,4.3479853479853485
37,4,11,4.02045177045177
37,4,12,2.8021978021978025
37,4,13,3.0535714285714284
37,4,14,3.6735042735042733
37,4,15,3.168040293040293
37,4,16,2.1627289377289376
37,4,17,1.7454212454212454
37,4,18,1.8571428571428572
37,4,19,1.7669413919413919
37,4,20,2.120879120879121
37,4,21,2.0985958485958487
37,4,22,1.8754578754578755
37,4,23,1.7051282051282048
37,5,0,1.6923076923076923
37,5,1,1.7582417582417582
37,5,2,1.7692307692307692
37,5,3,1.7692307692307692
37,5,4,1.652014652014652
37,5,5,1.6282051282051282
37,5,6,1.684065934065934
37,5,7,1.619047619047619
37,5,8,1.5860805860805862
37,5,9,1.9862637362637363
37,5,10,2.7303113553113554
37,5,11,3.394230769230769
37,5,12,3.8974358974358974
37,5,13,4.661019536019536
37,5,14,5.10989010989011
37,5,15,6.012973137973138
37,5,16,7.726648351648351
37,5,17,8.250457875457876
37,5,18,7.957417582417582
37,5,19,8.326007326007327
37,5,20,8.148351648351648
37,5,21,8.388278388278389
37,5,22,8.277930402930403
37,5,23,7.884615384615385
37,6,0,7.846153846153846
37,6,1,7.846153846153846
37,6,2,7.846153846153846
37,6,3,7.846153846153846
37,6,4,7.802197802197802
37,6,5,7.83470695970696
37,6,6,8.435897435897436
37,6,7,8.657051282051281
37,6,8,8.876373626373626
37,6,9,9.617216117216117
37,6,10,10.160714285714286
37,6,11,10.699175824175825
37,6,12,10.670787545787546
37,6,13,10.747252747252748
37,6,14,11.217032967032965
37,6,15,12.362637362637363
37,6,16,13.009615384615385
37,6,17,13.420329670329672
37,6,18,12.937271062271062
37,6,19,12.611263736263737
37,6,20,12.745421245421246
37,6,21,12.648809523809526
37,6,22,12.390109890109889
37,6,23,12.336538461538462
38,0,0,24.615384615384617
38,0,1,24.692307692307693
38,0,2,24.692307692307693
38,0,3,24.692307692307693
38,0,4,24.985653235653235
38,0,5,24.918833943833945
38,0,6,24.700485625485626
38,0,7,21.844266844266844
38,0,8,17.164937839937842
38,0,9,14.43034188034188
38,0,10,14.29398656898657
38,0,11,14.105494505494505
38,0,12,13.581959706959706
38,0,13,14.287087912087912
38,0,14,16.191944166944168
38,0,15,18.342324342324343
38,0,16,20.433555333555336
38,0,17,22.071367521367524
38,0,18,22.42303807303807
38,0,19,23.203449328449327
38,0,20,22.92024642024642
38,0,21,22.20634920634921
38,0,22,21.20253357753358
38,0,23,21.423076923076923
38,1,0,21.53846153846154
38,1,1,21.53846153846154
38,1,2,21.53846153846154
38,1,3,21.53846153846154
38,1,4,22.023260073260076
38,1,5,21.851251526251527
38,1,6,20.365889665889668
38,1,7,15.612548562548561
38,1,8,13.404856254856254
38,1,9,12.365723165723166
38,1,10,12.67530525030525
38,1,11,12.076961926961927
38,1,12,10.607228882228883
38,1,13,11.184676434676435
38,1,14,12.791591741591741
38,1,15,16.047552447552448
38,1,16,19.08372183372183
38,1,17,24.88154068154068
38,1,18,25.52640415140415
38,1,19,26.2752775002775
38,1,20,26.42374847374847
38,1,21,26.964438339438342
38,1,22,26.757312132312133
38,1,23,26.359432234432234
38,2,0,24.923076923076923
38,2,1,24.923076923076923
38,2,2,24.923076923076923
38,2,3,24.923076923076923
38,2,4,25.43330280830281
38,2,5,25.719580419580417
38,2,6,24.138908313908317
38,2,7,18.74327894327894
38,2,8,15.445454545454545
38,2,9,12.443431568431569
38,2,10,12.421128871128872
38,2,11,11.650097125097126
38,2,12,10.486141636141637
38,2,13,11.556798756798758
38,2,14,12.063547563547562
38,2,15,14.57016317016317
38,2,16,19.136324786324785
38,2,17,24.779098679098677
38,2,18,25.43115773115773
38,2,19,26.302960927960928
38,2,20,27.349908424908424
38,2,21,28.166208791208792
38,2,22,28.326617826617827
38,2,23,28.12179487179487
38,3,0,28.076923076923077
38,3,1,28.076923076923077
38,3,2,28.166666666666668
38,3,3,28.166666666666668
38,3,4,28.333432539682537
38,3,5,28.555224867724863
38,3,6,26.108796296296294
38,3,7,22.547853535353536
38,3,8,21.514983164983164
38,3,9,21.198247354497354
38,3,10,21.291150516150516
38,3,11,21.586907536907535
38,3,12,22.023698523698524
38,3,13,21.64395881895882
38,3,14,22.96860916860917
38,3,15,26.108799533799534
38,3,16,28.596114996114995
38,3,17,29.341880341880344
38,3,18,27.77309634809635
38,3,19,28.38748473748474
38,3,20,28.884157509157507
38,3,21,28.534965034965033
38,3,22,27.50076312576313
38,3,23,27.92628205128205
38,4,0,28.208791208791208
38,4,1,28.23076923076923
38,4,2,28.23076923076923
38,4,3,28.23076923076923
38,4,4,28.86614774114774
38,4,5,29.487423687423686
38,4,6,28.189280164280163
38,4,7,23.447552447552447
38,4,8,21.798437673437675
38,4,9,21.024847374847376
38,4,10,21.635872460872463
38,4,11,22.785742035742036
38,4,12,22.82298812298812
38,4,13,23.881196581196583
38,4,14,23.926118326118324
38,4,15,24.15205905205905
38,4,16,25.12543845043845
38,4,17,27.185783660783663
38,4,18,27.04537962037962
38,4,19,26.210561660561662
38,4,20,26.771373071373073
38,4,21,26.031105006105008
38,4,22,24.517496392496394
38,4,23,25.114010989010993
38,5,0,25.53846153846154
38,5,1,25.53846153846154
38,5,2,25.53846153846154
38,5,3,25.53846153846154
38,5,4,25.550824175824175
38,5,5,26.57026862026862
38,5,6,28.3756105006105
38,5,7,28.817399267399267
38,5,8,29.46942501942502
38,5,9,29.77133422133422
38,5,10,29.382356532356532
38,5,11,28.025690975690978
38,5,12,27.428715728715726
38,5,13,27.230591630591633
38,5,14,27.786635586635587
38,5,15,28.013325563325562
38,5,16,28.380616605616606
38,5,17,28.517032967032968
38,5,18,29.400030525030523
38,5,19,29.01900599400599
38,5,20,28.83409645909646
38,5,21,28.48716561216561
38,5,22,27.500457875457876
38,5,23,26.561965811965813
38,6,0,26.509157509157507
38,6,1,26.637362637362635
38,6,2,26.76923076923077
38,6,3,26.76923076923077
38,6,4,26.738095238095237
38,6,5,27.01541514041514
38,6,6,29.17981462981463
38,6,7,29.045238095238098
38,6,8,28.54702242202242
38,6,9,28.85491452991453
38,6,10,29.82421744921745
38,6,11,28.964957264957263
38,6,12,29.21691086691087
38,6,13,30.006812631812632
38,6,14,28.7484126984127
38,6,15,27.629548229548227
38,6,16,26.78717948717949
38,6,17,26.965689865689868
38,6,18,27.27258852258852
38,6,19,26.24679487179487
38,6,20,25.30479242979243
38,6,21,24.79029304029304
38,6,22,24.319749694749696
38,6,23,24.415445665445667
39,0,0,4.923076923076923
39,0,1,4.923076923076923
39,0,2,4.923076923076923
39,0,3,4.923076923076923
39,0,4,4.624542124542125
39,0,5,3.712057387057387
39,0,6,3.733089133089133
39,0,7,3.893090243090243
39,0,8,3.5955766455766454
39,0,9,4.233139083139083
39,0,10,4.663003663003663
39,0,11,5.503213453213453
39,0,12,5.4391941391941385
39,0,13,5.025946275946277
39,0,14,4.913614163614164
39,0,15,6.012448662448662
39,0,16,4.9136641136641135
39,0,17,3.1393162393162393
39,0,18,2.0208041958041956
39,0,19,1.3479242979242978
39,0,20,1.3433455433455432
39,0,21,1.6544566544566544
39,0,22,2.0961538461538463
39,0,23,2.3516483516483517
39,1,0,2.417582417582418
39,1,1,2.4615384615384617
39,1,2,2.4615384615384617
39,1,3,2.4615384615384617
39,1,4,1.9455128205128207
39,1,5,0.9606227106227105
39,1,6,1.8654373404373403
39,1,7,1.7692307692307692
39,1,8,2.655011655011655
39,1,9,5.343512043512043
39,1,10,6.8394078144078145
39,1,11,8.123046398046398
39,1,12,8.504273504273504
39,1,13,8.063936063936065
39,1,14,7.232905982905982
39,1,15,8.340229215229215
39,1,16,7.1916083916083915
39,1,17,3.792540792540793
39,1,18,2.6634809634809637
39,1,19,2.2284160284160284
39,1,20,2.065934065934066
39,1,21,1.7892246642246643
39,1,22,1.9794871794871796
39,1,23,2.3003663003663
39,2,0,2.6153846153846154
39,2,1,2.6153846153846154
39,2,2,2.6083916083916083
39,2,3,2.6153846153846154
39,2,4,2.3712121212121215
39,2,5,2.3086802086802085
39,2,6,3.0877622377622376
39,2,7,2.142035742035742
39,2,8,4.130419580419581
39,2,9,6.770274170274171
39,2,10,7.731340881340881
39,2,11,7.1283411033411035
39,2,12,7.405400155400155
39,2,13,6.7554750804750805
39,2,14,6.807478632478633
39,2,15,6.976767676767677
39,2,16,5.159848484848485
39,2,17,3.2497668997669
39,2,18,1.363958263958264
39,2,19,1.9841269841269842
39,2,20,2.7758769008769013
39,2,21,2.952380952380952
39,2,22,2.457356532356532
39,2,23,2.728021978021978
39,3,0,2.769230769230769
39,3,1,2.769230769230769
39,3,2,1.8333333333333333
39,3,3,1.8333333333333333
39,3,4,1.5238095238095237
39,3,5,1.2523148148148149
39,3,6,2.094131794131794
39,3,7,2.091161616161616
39,3,8,2.9717803030303034
39,3,9,7.632833832833834
39,3,10,9.053021978021977
39,3,11,8.961219336219337
39,3,12,7.541086691086691
39,3,13,7.74465811965812
39,3,14,7.762515262515263
39,3,15,7.754176379176379
39,3,16,5.896853146853147
39,3,17,4.26048951048951
39,3,18,3.848076923076923
39,3,19,2.384859584859585
39,3,20,2.269078144078144
39,3,21,2.8280830280830282
39,3,22,2.2144827394827393
39,3,23,2.465659340659341
39,4,0,2.5384615384615383
39,4,1,2.5384615384615383
39,4,2,2.5384615384615383
39,4,3,2.5384615384615383
39,4,4,2.2161172161172162
39,4,5,1.8020451770451769
39,4,6,2.674006549006549
39,4,7,3.3008935508935506
39,4,8,3.802020202020202
39,4,9,5.451098901098901
39,4,10,6.522888222888223
39,4,11,9.234121434121434
39,4,12,10.146855921855924
39,4,13,10.4251221001221
39,4,14,9.591996891996892
39,4,15,7.881235431235431
39,4,16,5.295629370629371
39,4,17,2.4684815184815183
39,4,18,1.5787157287157285
39,4,19,1.6295482295482295
39,4,20,2.413308913308913
39,4,21,2.4198717948717947
39,4,22,1.8563797313797312
39,4,23,1.9975579975579976
39,5,0,2.1538461538461537
39,5,1,2.1538461538461537
39,5,2,2.1538461538461537
39,5,3,2.1538461538461537
39,5,4,2.26007326007326
39,5,5,2.5146520146520146
39,5,6,3.690079365079365
39,5,7,4.676373626373627
39,5,8,5.205433455433456
39,5,9,4.620634920634921
39,5,10,3.5580891330891333
39,5,11,3.286568986568987
39,5,12,3.4331529581529585
39,5,13,3.5473137973137976
39,5,14,2.9764846264846265
39,5,15,3.6389194139194143
39,5,16,3.532112332112332
39,5,17,3.10006105006105
39,5,18,2.224725274725275
39,5,19,1.8016483516483517
39,5,20,2.1996336996337
39,5,21,3.0488400488400487
39,5,22,4.2203907203907205
39,5,23,4.386630036630037
39,6,0,4.384615384615385
39,6,1,4.384615384615385
39,6,2,4.384615384615385
39,6,3,4.384615384615385
39,6,4,4.384615384615385
39,6,5,4.456043956043956
39,6,6,4.866147741147741
39,6,7,5.657356532356532
39,6,8,6.281410256410256
39,6,9,6.120299145299144
39,6,10,5.1550671550671545
39,6,11,4.092094017094017
39,6,12,4.201159951159951
39,6,13,5.206654456654457
39,6,14,3.5316239316239315
39,6,15,2.233058608058608
39,6,16,3.307600732600733
39,6,17,3.4606227106227108
39,6,18,3.9373015873015875
39,6,19,3.8155594405594404
39,6,20,4.233058608058608
39,6,21,4.735042735042735
39,6,22,4.445054945054945
39,6,23,4.876373626373627
4,0,0,11.76923076923077
4,0,1,11.76923076923077
4,0,2,11.76923076923077
4,0,3,11.76923076923077
4,0,4,11.845390720390721
4,0,5,11.017399267399268
4,0,6,9.58507326007326
4,0,7,11.115967365967366
4,0,8,13.84478021978022
4,0,9,13.678571428571427
4,0,10,13.201617826617827
4,0,11,11.795329670329672
4,0,12,10.88374125874126
4,0,13,10.4484126984127
4,0,14,9.643101343101343
4,0,15,8.932234432234432
4,0,16,7.926007326007326
4,0,17,7.320970695970696
4,0,18,7.231227106227106
4,0,19,6.848443223443224
4,0,20,6.679945054945055
4,0,21,7.299450549450549
4,0,22,6.893315018315018
4,0,23,6.679945054945055
4,1,0,6.6923076923076925
4,1,1,6.6923076923076925
4,1,2,6.6923076923076925
4,1,3,6.6923076923076925
4,1,4,6.939102564102564
4,1,5,7.458791208791208
4,1,6,7.351495726495727
4,1,7,7.963181263181263
4,1,8,11.687712287712287
4,1,9,12.699481074481074
4,1,10,12.613095238095239
4,1,11,12.10404872904873
4,1,12,11.338736263736264
4,1,13,10.816849816849818
4,1,14,11.109737484737483
4,1,15,11.533424908424907
4,1,16,9.776859251859252
4,1,17,8.878399378399378
4,1,18,9.102258852258853
4,1,19,8.822039072039072
4,1,20,8.689102564102564
4,1,21,8.809523809523808
4,1,22,8.770573870573871
4,1,23,8.846153846153847
4,2,0,8.76923076923077
4,2,1,8.76923076923077
4,2,2,8.76923076923077
4,2,3,8.76923076923077
4,2,4,8.236721611721611
4,2,5,7.492063492063492
4,2,6,5.493864468864468
4,2,7,8.85510878010878
4,2,8,12.75460372960373
4,2,9,12.531898656898656
4,2,10,11.818070818070819
4,2,11,11.153540903540904
4,2,12,9.99319291819292
4,2,13,9.706043956043956
4,2,14,8.997802197802198
4,2,15,7.699358974358974
4,2,16,6.456571206571207
4,2,17,6.2889249639249645
4,2,18,7.050366300366301
4,2,19,6.824175824175824
4,2,20,6.454670329670329
4,2,21,7.016941391941392
4,2,22,6.643131868131868
4,2,23,6.616758241758242
4,3,0,6.615384615384615
4,3,1,6.615384615384615
4,3,2,6.083333333333333
4,3,3,6.083333333333333
4,3,4,5.894179894179895
4,3,5,5.800595238095238
4,3,6,4.786706349206349
4,3,7,6.808754208754209
4,3,8,11.900429894179894
4,3,9,13.585482804232804
4,3,10,13.421703296703297
4,3,11,13.034615384615384
4,3,12,12.005738705738706
4,3,13,12.468864468864469
4,3,14,12.097832722832722
4,3,15,11.711083361083361
4,3,16,8.851107226107226
4,3,17,7.277533577533578
4,3,18,7.911588411588411
4,3,19,8.60546398046398
4,3,20,8.04502442002442
4,3,21,7.628663003663004
4,3,22,7.136568986568987
4,3,23,7.221153846153846
4,4,0,7.230769230769231
4,4,1,7.230769230769231
4,4,2,7.230769230769231
4,4,3,7.230769230769231
4,4,4,6.884615384615385
4,4,5,5.904334554334554
4,4,6,5.692002442002442
4,4,7,6.295451770451771
4,4,8,9.744749694749695
4,4,9,10.349175824175823
4,4,10,9.773076923076923
4,4,11,9.063095238095238
4,4,12,7.2058913308913315
4,4,13,7.4365634365634365
4,4,14,8.181807081807081
4,4,15,8.29133089133089
4,4,16,7.1676129426129425
4,4,17,7.538217338217338
4,4,18,7.761904761904763
4,4,19,8.115384615384615
4,4,20,8.261904761904761
4,4,21,8.597863247863247
4,4,22,9.037240537240537
4,4,23,9.362637362637363
4,5,0,9.461538461538462
4,5,1,9.461538461538462
4,5,2,9.461538461538462
4,5,3,9.461538461538462
4,5,4,9.633699633699633
4,5,5,9.586080586080586
4,5,6,9.924908424908425
4,5,7,9.49587912087912
4,5,8,9.105006105006105
4,5,9,8.907051282051283
4,5,10,8.662698412698413
4,5,11,8.396306471306472
4,5,12,7.176434676434677
4,5,13,7.460622710622711
4,5,14,8.6498778998779
4,5,15,9.162393162393162
4,5,16,9.518315018315018
4,5,17,9.821733821733822
4,5,18,9.406135531135531
4,5,19,9.00091575091575
4,5,20,9.41941391941392
4,5,21,9.322344322344323
4,5,22,9.527930402930403
4,5,23,9.945054945054945
4,6,0,10.0
4,6,1,10.0
4,6,2,10.0
4,6,3,10.0
4,6,4,10.476190476190474
4,6,5,10.874542124542124
4,6,6,10.91941391941392
4,6,7,10.671245421245422
4,6,8,10.027472527472527
4,6,9,9.26923076923077
4,6,10,8.837912087912088
4,6,11,9.262515262515263
4,6,12,9.002899877899878
4,6,13,9.891636141636143
4,6,14,10.782509157509157
4,6,15,11.355158730158731
4,6,16,11.97893772893773
4,6,17,12.006868131868133
4,6,18,11.882326007326007
4,6,19,11.817918192918192
4,6,20,11.891483516483516
4,6,21,12.297619047619047
4,6,22,11.964285714285714
4,6,23,11.735805860805861
40,0,0,13.384615384615385
40,0,1,13.384615384615385
40,0,2,13.384615384615385
40,0,3,13.384615384615385
40,0,4,13.554029304029305
40,0,5,14.531746031746032
40,0,6,10.076942501942503
40,0,7,11.835597735597737
40,0,8,12.888156288156287
40,0,9,12.126709401709402
40,0,10,10.767704517704518
40,0,11,10.533993783993784
40,0,12,10.85553613053613
40,0,13,10.118711843711843
40,0,14,11.360042735042734
40,0,15,11.705461205461205
40,0,16,10.582115107115108
40,0,17,10.971453546453546
40,0,18,10.665964590964592
40,0,19,11.583943833943835
40,0,20,11.397557997557998
40,0,21,10.831043956043958
40,0,22,10.276404151404153
40,0,23,9.288461538461538
40,1,0,9.23076923076923
40,1,1,9.23076923076923
40,1,2,9.23076923076923
40,1,3,9.23076923076923
40,1,4,9.396978021978022
40,1,5,10.088275613275613
40,1,6,9.612140637140637
40,1,7,11.551204351204351
40,1,8,11.116361416361418
40,1,9,9.975385725385726
40,1,10,9.89667277167277
40,1,11,10.23557276057276
40,1,12,9.649048174048174
40,1,13,8.539041514041514
40,1,14,10.717307692307692
40,1,15,10.256876456876457
40,1,16,10.530419580419581
40,1,17,10.919838494838494
40,1,18,10.540889665889665
40,1,19,8.924297924297925
40,1,20,8.321470196470196
40,1,21,6.670177045177045
40,1,22,5.623321123321124
40,1,23,4.773351648351649
40,2,0,4.384615384615385
40,2,1,4.384615384615385
40,2,2,4.384615384615385
40,2,3,4.384615384615385
40,2,4,4.938644688644688
40,2,5,6.909096459096459
40,2,6,7.683202908202909
40,2,7,8.351029526029526
40,2,8,8.34920634920635
40,2,9,9.029700854700854
40,2,10,8.902533577533578
40,2,11,8.413705738705739
40,2,12,8.293595293595294
40,2,13,7.627136752136751
40,2,14,7.824542124542124
40,2,15,8.717094017094016
40,2,16,8.172882672882674
40,2,17,8.773215673215674
40,2,18,8.150552225552225
40,2,19,8.313034188034187
40,2,20,8.396214896214897
40,2,21,6.6304945054945055
40,2,22,5.561202686202686
40,2,23,5.227106227106227
40,3,0,5.3076923076923075
40,3,1,5.3076923076923075
40,3,2,4.833333333333333
40,3,3,4.833333333333333
40,3,4,4.984292328042328
40,3,5,5.860747354497355
40,3,6,6.7480579605579605
40,3,7,8.146296296296297
40,3,8,9.608267195767196
40,3,9,11.159556878306878
40,3,10,11.329306804306803
40,3,11,10.351634476634477
40,3,12,9.760236985236984
40,3,13,9.031848706848708
40,3,14,9.576159951159951
40,3,15,10.181934731934733
40,3,16,9.215656565656566
40,3,17,9.055633255633255
40,3,18,9.013006438006439
40,3,19,7.979456654456655
40,3,20,7.718864468864469
40,3,21,6.292002442002442
40,3,22,4.413308913308914
40,3,23,4.017857142857143
40,4,0,3.923076923076923
40,4,1,3.923076923076923
40,4,2,3.923076923076923
40,4,3,3.923076923076923
40,4,4,4.4748168498168495
40,4,5,6.574358974358974
40,4,6,8.788827838827839
40,4,7,12.076221001221
40,4,8,13.320387945387946
40,4,9,14.483669108669108
40,4,10,14.20448717948718
40,4,11,14.16388888888889
40,4,12,12.587265512265512
40,4,13,11.263306138306138
40,4,14,11.025080475080475
40,4,15,10.918745143745145
40,4,16,11.366613941613942
40,4,17,12.27903207903208
40,4,18,12.833485958485959
40,4,19,13.525641025641026
40,4,20,14.654639804639803
40,4,21,13.96718559218559
40,4,22,12.905677655677655
40,4,23,12.482753357753356
40,5,0,12.538461538461538
40,5,1,12.538461538461538
40,5,2,12.538461538461538
40,5,3,12.538461538461538
40,5,4,12.582417582417584
40,5,5,12.510989010989011
40,5,6,13.480006105006105
40,5,7,15.835897435897436
40,5,8,15.771520146520146
40,5,9,17.377472527472527
40,5,10,17.745770895770896
40,5,11,16.558211233211235
40,5,12,17.072313797313797
40,5,13,16.503108003108004
40,5,14,16.581682206682206
40,5,15,15.682539682539682
40,5,16,16.10796425796426
40,5,17,16.55393217893218
40,5,18,16.282020757020756
40,5,19,17.224053724053725
40,5,20,17.822496947496948
40,5,21,17.512179487179488
40,5,22,16.787912087912087
40,5,23,16.97252747252747
40,6,0,17.076923076923077
40,6,1,17.076923076923077
40,6,2,17.076923076923077
40,6,3,17.076923076923077
40,6,4,17.009615384615383
40,6,5,17.42857142857143
40,6,6,18.521214896214897
40,6,7,19.847527472527474
40,6,8,20.083516483516483
40,6,9,19.73164613164613
40,6,10,18.16602564102564
40,6,11,18.07130647130647
40,6,12,17.189957264957265
40,6,13,15.291971916971915
40,6,14,15.451312576312576
40,6,15,15.251362526362527
40,6,16,16.618206793206795
40,6,17,16.324847374847373
40,6,18,15.604090354090355
40,6,19,15.79441391941392
40,6,20,15.38034188034188
40,6,21,14.669871794871794
40,6,22,14.609432234432234
40,6,23,13.36614774114774
41,0,0,5.384615384615385
41,0,1,5.384615384615385
41,0,2,5.384615384615385
41,0,3,5.384615384615385
41,0,4,5.243589743589744
41,0,5,5.076923076923077
41,0,6,5.603632478632479
41,0,7,5.517302142302142
41,0,8,5.270757020757021
41,0,9,5.09981684981685
41,0,10,4.684981684981685
41,0,11,5.393772893772894
41,0,12,5.192155067155067
41,0,13,5.4523809523809526
41,0,14,5.625915750915751
41,0,15,5.37026862026862
41,0,16,5.564105339105339
41,0,17,8.542310467310468
41,0,18,9.568284493284493
41,0,19,9.177808302808304
41,0,20,10.129120879120878
41,0,21,11.307234432234432
41,0,22,11.43956043956044
41,0,23,11.512362637362637
41,1,0,11.538461538461538
41,1,1,11.538461538461538
41,1,2,11.538461538461538
41,1,3,11.538461538461538
41,1,4,11.41758241758242
41,1,5,11.752747252747252
41,1,6,10.94685592185592
41,1,7,8.143201243201243
41,1,8,3.608730158730159
41,1,9,3.8754578754578755
41,1,10,4.073717948717949
41,1,11,4.390873015873016
41,1,12,5.116300366300366
41,1,13,5.737179487179487
41,1,14,5.860653235653236
41,1,15,5.430056055056055
41,1,16,5.577544677544678
41,1,17,7.581876456876457
41,1,18,6.517216117216117
41,1,19,7.6786630036630035
41,1,20,8.315018315018316
41,1,21,8.741758241758241
41,1,22,8.842490842490843
41,1,23,9.037087912087912
41,2,0,9.461538461538462
41,2,1,9.461538461538462
41,2,2,9.461538461538462
41,2,3,9.461538461538462
41,2,4,9.32051282051282
41,2,5,10.429487179487179
41,2,6,10.731898656898657
41,2,7,7.071756021756022
41,2,8,2.504551004551004
41,2,9,2.36996336996337
41,2,10,2.580128205128205
41,2,11,3.1320818070818066
41,2,12,2.806227106227106
41,2,13,3.466727716727717
41,2,14,3.7527472527472527
41,2,15,2.853008103008103
41,2,16,3.4423465423465425
41,2,17,5.155982905982905
41,2,18,6.060977910977911
41,2,19,6.877106227106227
41,2,20,8.026556776556777
41,2,21,8.087759462759463
41,2,22,8.190476190476192
41,2,23,8.299908424908425
41,3,0,8.384615384615385
41,3,1,8.384615384615385
41,3,2,9.0
41,3,3,9.0
41,3,4,8.928571428571429
41,3,5,9.532738095238095
41,3,6,10.664351851851853
41,3,7,8.176010101010101
41,3,8,3.783324314574314
41,3,9,2.9480820105820107
41,3,10,2.86996336996337
41,3,11,3.135225885225885
41,3,12,3.3499694749694746
41,3,13,3.71007326007326
41,3,14,4.007326007326007
41,3,15,4.00442612942613
41,3,16,3.763811188811189
41,3,17,3.2075896325896327
41,3,18,3.4582722832722834
41,3,19,4.790262515262516
41,3,20,5.183333333333333
41,3,21,5.9067460317460325
41,3,22,6.9253663003663
41,3,23,7.612637362637362
41,4,0,7.6923076923076925
41,4,1,7.6923076923076925
41,4,2,7.6923076923076925
41,4,3,7.6923076923076925
41,4,4,7.6923076923076925
41,4,5,8.043498168498168
41,4,6,8.48076923076923
41,4,7,8.821231546231546
41,4,8,7.890873015873017
41,4,9,7.521978021978021
41,4,10,7.532967032967033
41,4,11,8.347985347985347
41,4,12,8.210622710622712
41,4,13,8.130128205128205
41,4,14,7.992216117216117
41,4,15,7.8238705738705745
41,4,16,5.468592518592519
41,4,17,5.169633144633145
41,4,18,5.425763125763126
41,4,19,5.447191697191697
41,4,20,5.806318681318682
41,4,21,5.926739926739927
41,4,22,6.604395604395605
41,4,23,6.717948717948719
41,5,0,6.6923076923076925
41,5,1,6.6923076923076925
41,5,2,6.6923076923076925
41,5,3,6.6923076923076925
41,5,4,6.550824175824175
41,5,5,6.373626373626374
41,5,6,6.016483516483516
41,5,7,5.8292124542124535
41,5,8,5.325091575091576
41,5,9,4.646520146520147
41,5,10,4.425824175824176
41,5,11,4.11080586080586
41,5,12,3.8301282051282053
41,5,13,3.424908424908425
41,5,14,3.177655677655678
41,5,15,3.246794871794872
41,5,16,3.745879120879121
41,5,17,3.9967948717948714
41,5,18,4.06043956043956
41,5,19,3.8461538461538463
41,5,20,3.8864468864468864
41,5,21,3.970695970695971
41,5,22,4.357142857142857
41,5,23,4.535714285714286
41,6,0,4.615384615384615
41,6,1,4.615384615384615
41,6,2,4.615384615384615
41,6,3,4.615384615384615
41,6,4,4.538461538461538
41,6,5,4.170329670329671
41,6,6,3.730769230769231
41,6,7,3.426739926739927
41,6,8,3.401098901098901
41,6,9,3.313186813186813
41,6,10,2.764194139194139
41,6,11,1.907967032967033
41,6,12,1.813186813186813
41,6,13,1.6391941391941391
41,6,14,1.8962148962148964
41,6,15,2.0732600732600734
41,6,16,2.5915750915750917
41,6,17,2.876373626373626
41,6,18,3.6514041514041513
41,6,19,4.159340659340659
41,6,20,4.633699633699634
41,6,21,5.038003663003663
41,6,22,5.294871794871795
41,6,23,5.373626373626374
42,0,0,24.0
42,0,1,24.0
42,0,2,24.0
42,0,3,24.0
42,0,4,23.81822344322344
42,0,5,22.533119658119656
42,0,6,20.22893772893773
42,0,7,18.553851703851702
42,0,8,16.169566544566546
42,0,9,16.67032967032967
42,0,10,16.93901098901099
42,0,11,17.083638583638585
42,0,12,17.05959595959596
42,0,13,16.232600732600734
42,0,14,15.838369963369964
42,0,15,17.246489621489623
42,0,16,19.518376068376067
42,0,17,23.09484126984127
42,0,18,24.86427738927739
42,0,19,25.392063492063492
42,0,20,24.99331501831502
42,0,21,24.197191697191695
42,0,22,24.14423076923077
42,0,23,24.124542124542124
42,1,0,24.076923076923077
42,1,1,24.076923076923077
42,1,2,24.076923076923077
42,1,3,24.076923076923077
42,1,4,23.728021978021978
42,1,5,22.107148407148408
42,1,6,21.05444832944833
42,1,7,15.340306915306915
42,1,8,9.728335553335553
42,1,9,9.292796092796094
42,1,10,8.914377289377288
42,1,11,9.252899877899878
42,1,12,9.615903540903542
42,1,13,9.667124542124542
42,1,14,9.541758241758242
42,1,15,10.405677655677655
42,1,16,13.255303030303029
42,1,17,19.170415695415695
42,1,18,20.84343711843712
42,1,19,21.846275946275945
42,1,20,22.68605006105006
42,1,21,22.79227716727717
42,1,22,22.68681318681319
42,1,23,22.6497668997669
42,2,0,21.53846153846154
42,2,1,21.53846153846154
42,2,2,21.53846153846154
42,2,3,21.53846153846154
42,2,4,21.363095238095237
42,2,5,20.067612942612943
42,2,6,19.19733322233322
42,2,7,13.274650349650349
42,2,8,6.273778998778999
42,2,9,5.712884337884338
42,2,10,5.4502442002442
42,2,11,5.846153846153846
42,2,12,7.19532967032967
42,2,13,7.817335442335443
42,2,14,7.468406593406593
42,2,15,8.771306471306472
42,2,16,11.882242757242757
42,2,17,17.73088578088578
42,2,18,20.904639804639807
42,2,19,21.521978021978022
42,2,20,21.680311355311353
42,2,21,21.708974358974356
42,2,22,21.43452380952381
42,2,23,21.810897435897438
42,3,0,22.0
42,3,1,22.0
42,3,2,21.75
42,3,3,21.75
42,3,4,21.617559523809522
42,3,5,20.724371693121693
42,3,6,18.87104677729678
42,3,7,14.315740740740742
42,3,8,8.826455026455026
42,3,9,7.652976190476191
42,3,10,8.848504273504274
42,3,11,9.482378732378733
42,3,12,9.271245421245421
42,3,13,8.876373626373626
42,3,14,9.111477411477411
42,3,15,9.580167055167056
42,3,16,11.88857808857809
42,3,17,16.610631035631034
42,3,18,18.58330280830281
42,3,19,19.470232545232545
42,3,20,20.512667887667888
42,3,21,21.33089133089133
42,3,22,21.45894383394383
42,3,23,21.208791208791208
42,4,0,21.384615384615383
42,4,1,21.384615384615383
42,4,2,21.384615384615383
42,4,3,21.384615384615383
42,4,4,21.56639194139194
42,4,5,20.975213675213674
42,4,6,18.695942945942946
42,4,7,16.431818181818183
42,4,8,14.956715506715508
42,4,9,15.450824175824177
42,4,10,15.803449328449329
42,4,11,15.893797868797868
42,4,12,16.663095238095238
42,4,13,17.11157176157176
42,4,14,17.399114774114775
42,4,15,18.135775335775335
42,4,16,20.621003996003996
42,4,17,23.178996003996005
42,4,18,25.32905982905983
42,4,19,25.81247918747919
42,4,20,25.06715506715507
42,4,21,24.816849816849814
42,4,22,24.57967032967033
42,4,23,25.21321733821734
42,5,0,25.384615384615383
42,5,1,25.384615384615383
42,5,2,25.384615384615383
42,5,3,25.384615384615383
42,5,4,25.614468864468865
42,5,5,25.86080586080586
42,5,6,26.687271062271062
42,5,7,25.609615384615385
42,5,8,26.53748473748474
42,5,9,25.284340659340657
42,5,10,25.726495726495727
42,5,11,24.996214896214894
42,5,12,24.276842601842603
42,5,13,23.563858363858362
42,5,14,23.116422466422463
42,5,15,22.250102675102674
42,5,16,22.044078144078146
42,5,17,23.32871295371295
42,5,18,24.08852258852259
42,5,19,24.85424297924298
42,5,20,25.603021978021978
42,5,21,24.902777777777775
42,5,22,25.146672771672772
42,5,23,25.90521978021978
42,6,0,26.307692307692307
42,6,1,26.307692307692307
42,6,2,26.307692307692307
42,6,3,26.307692307692307
42,6,4,26.2985347985348
42,6,5,26.134615384615383
42,6,6,26.256410256410255
42,6,7,25.270879120879123
42,6,8,24.928113553113555
42,6,9,25.362179487179485
42,6,10,25.13186813186813
42,6,11,24.904181929181927
42,6,12,24.52991452991453
42,6,13,23.60273337773338
42,6,14,22.611263736263734
42,6,15,23.066575091575093
42,6,16,22.739224664224665
42,6,17,24.13855311355311
42,6,18,24.381105006105006
42,6,19,24.081501831501832
42,6,20,23.966117216117215
42,6,21,23.72985347985348
42,6,22,23.83791208791209
42,6,23,23.98076923076923
43,0,0,12.923076923076923
43,0,1,12.923076923076923
43,0,2,12.923076923076923
43,0,3,12.923076923076923
43,0,4,12.50915750915751
43,0,5,13.612606837606839
43,0,6,14.151259851259852
43,0,7,7.48986013986014
43,0,8,3.6461482961482963
43,0,9,6.638003663003663
43,0,10,6.85485347985348
43,0,11,5.513888888888889
43,0,12,4.9980158730158735
43,0,13,5.172771672771673
43,0,14,5.309981684981684
43,0,15,6.113766788766788
43,0,16,8.73068598068598
43,0,17,14.165995115995116
43,0,18,16.19072039072039
43,0,19,16.601068376068376
43,0,20,17.980860805860804
43,0,21,18.836385836385837
43,0,22,18.926739926739927
43,0,23,19.49328449328449
43,1,0,19.53846153846154
43,1,1,19.53846153846154
43,1,2,19.53846153846154
43,1,3,19.53846153846154
43,1,4,19.021520146520146
43,1,5,21.799131424131424
43,1,6,20.971348096348095
43,1,7,12.40227272727273
43,1,8,4.835592185592185
43,1,9,6.91959706959707
43,1,10,8.02167277167277
43,1,11,6.721214896214897
43,1,12,5.918345543345543
43,1,13,5.717948717948719
43,1,14,6.295421245421244
43,1,15,7.97481684981685
43,1,16,10.614818514818515
43,1,17,14.665734265734265
43,1,18,16.90964590964591
43,1,19,19.060037185037185
43,1,20,20.479578754578753
43,1,21,21.926129426129425
43,1,22,23.04945054945055
43,1,23,23.199786324786324
43,2,0,23.296703296703296
43,2,1,23.307692307692307
43,2,2,23.307692307692307
43,2,3,23.307692307692307
43,2,4,23.000457875457876
43,2,5,25.24923687423688
43,2,6,22.877331002331
43,2,7,12.395726495726496
43,2,8,4.786324786324787
43,2,9,7.128205128205128
43,2,10,6.937423687423688
43,2,11,5.787240537240537
43,2,12,5.267612942612942
43,2,13,6.395548895548895
43,2,14,7.509157509157509
43,2,15,8.833272283272283
43,2,16,11.81989121989122
43,2,17,15.831798756798756
43,2,18,17.61352813852814
43,2,19,17.96230158730159
43,2,20,19.314285714285713
43,2,21,20.14423076923077
43,2,22,20.72481684981685
43,2,23,21.40674603174603
43,3,0,21.62820512820513
43,3,1,21.692307692307693
43,3,2,22.25
43,3,3,22.25
43,3,4,21.789847883597883
43,3,5,22.439087301587303
43,3,6,19.871584896584896
43,3,7,8.418055555555556
43,3,8,4.186171236171236
43,3,9,7.659554334554334
43,3,10,7.065476190476191
43,3,11,6.606776556776556
43,3,12,6.325549450549451
43,3,13,6.805402930402931
43,3,14,6.993131868131869
43,3,15,8.539377289377288
43,3,16,10.022863247863247
43,3,17,13.266106116106117
43,3,18,15.127469752469752
43,3,19,15.88568376068376
43,3,20,16.165079365079364
43,3,21,17.863095238095237
43,3,22,18.32371794871795
43,3,23,19.306471306471305
43,4,0,19.525641025641026
43,4,1,19.615384615384617
43,4,2,19.615384615384617
43,4,3,19.615384615384617
43,4,4,19.05860805860806
43,4,5,19.723992673992676
43,4,6,18.957417582417584
43,4,7,14.353069153069153
43,4,8,10.668894993894993
43,4,9,9.714357864357865
43,4,10,8.879273504273504
43,4,11,8.70546398046398
43,4,12,8.32081807081807
43,4,13,8.433485958485958
43,4,14,9.636111111111111
43,4,15,10.752916527916527
43,4,16,11.71919191919192
43,4,17,11.872863247863249
43,4,18,12.632264957264956
43,4,19,13.8009768009768
43,4,20,14.006868131868133
43,4,21,14.344017094017094
43,4,22,14.042887667887669
43,4,23,14.35164835164835
43,5,0,14.615384615384615
43,5,1,14.615384615384615
43,5,2,14.615384615384615
43,5,3,14.615384615384615
43,5,4,14.38507326007326
43,5,5,14.413919413919414
43,5,6,14.672161172161172
43,5,7,16.109126984126984
43,5,8,16.190018315018314
43,5,9,14.864041514041514
43,5,10,13.56875901875902
43,5,11,11.799481074481074
43,5,12,9.583416583416582
43,5,13,8.349175824175823
43,5,14,7.706959706959707
43,5,15,7.160256410256411
43,5,16,7.077838827838828
43,5,17,6.632234432234432
43,5,18,6.601312576312576
43,5,19,7.506751581751582
43,5,20,7.822344322344322
43,5,21,7.882783882783883
43,5,22,7.919871794871796
43,5,23,8.125
43,6,0,8.23076923076923
43,6,1,8.23076923076923
43,6,2,8.23076923076923
43,6,3,8.23076923076923
43,6,4,8.04624542124542
43,6,5,8.163003663003662
43,6,6,7.9945054945054945
43,6,7,7.986721611721611
43,6,8,8.443223443223443
43,6,9,8.51007326007326
43,6,10,7.988705738705739
43,6,11,8.901473526473527
43,6,12,8.076282051282051
43,6,13,7.13489010989011
43,6,14,6.583241758241758
43,6,15,7.516910866910867
43,6,16,7.911477411477412
43,6,17,8.419871794871794
43,6,18,10.013431013431015
43,6,19,10.858974358974361
43,6,20,11.139957264957266
43,6,21,12.078296703296703
43,6,22,12.598901098901099
43,6,23,12.853785103785103
44,0,0,6.769230769230769
44,0,1,6.769230769230769
44,0,2,6.769230769230769
44,0,3,6.769230769230769
44,0,4,5.5743284493284495
44,0,5,3.798992673992674
44,0,6,2.06984126984127
44,0,7,0.822039072039072
44,0,8,0.418040293040293
44,0,9,0.27106227106227104
44,0,10,0.39743589743589747
44,0,11,1.2416056166056166
44,0,12,2.85927960927961
44,0,13,3.1721611721611724
44,0,14,2.8205128205128203
44,0,15,2.7783882783882783
44,0,16,3.6042429792429798
44,0,17,5.7810439560439555
44,0,18,6.397893772893773
44,0,19,6.999542124542125
44,0,20,7.873321123321124
44,0,21,9.48489010989011
44,0,22,10.894688644688644
44,0,23,11.491758241758241
44,1,0,11.538461538461538
44,1,1,11.538461538461538
44,1,2,11.538461538461538
44,1,3,11.538461538461538
44,1,4,10.169719169719171
44,1,5,7.558760683760683
44,1,6,6.019322344322346
44,1,7,3.7533882783882784
44,1,8,3.171916971916972
44,1,9,2.1016483516483513
44,1,10,1.9532967032967032
44,1,11,2.0366300366300365
44,1,12,2.188644688644689
44,1,13,3.131868131868132
44,1,14,2.7020146520146517
44,1,15,3.3711843711843708
44,1,16,5.851923076923077
44,1,17,7.638694638694639
44,1,18,8.774725274725274
44,1,19,9.375
44,1,20,11.10576923076923
44,1,21,12.947435897435897
44,1,22,14.533577533577535
44,1,23,15.531135531135531
44,2,0,14.384615384615385
44,2,1,14.384615384615385
44,2,2,14.384615384615385
44,2,3,14.384615384615385
44,2,4,13.125457875457876
44,2,5,9.63446275946276
44,2,6,7.372069597069597
44,2,7,5.605849705849706
44,2,8,2.7359196359196356
44,2,9,1.2315018315018316
44,2,10,1.2472527472527473
44,2,11,2.0752442002442004
44,2,12,3.220695970695971
44,2,13,4.388278388278388
44,2,14,4.3383699633699635
44,2,15,4.9526390276390275
44,2,16,6.899697524697524
44,2,17,8.201923076923077
44,2,18,9.878851703851703
44,2,19,10.807692307692308
44,2,20,11.101190476190478
44,2,21,13.106684981684982
44,2,22,14.99587912087912
44,2,23,16.64010989010989
44,3,0,16.923076923076923
44,3,1,16.923076923076923
44,3,2,17.416666666666668
44,3,3,17.416666666666668
44,3,4,15.89401455026455
44,3,5,12.779431216931217
44,3,6,10.980522486772486
44,3,7,7.7817791005291
44,3,8,5.447649572649572
44,3,9,3.5699023199023197
44,3,10,2.884920634920635
44,3,11,2.1347069597069597
44,3,12,2.5924908424908426
44,3,13,3.9597069597069594
44,3,14,4.25503663003663
44,3,15,5.862820512820513
44,3,16,8.17124542124542
44,3,17,7.774755799755799
44,3,18,8.083333333333332
44,3,19,8.877747252747254
44,3,20,10.084493284493284
44,3,21,11.843253968253968
44,3,22,14.238095238095239
44,3,23,15.353021978021978
44,4,0,15.538461538461538
44,4,1,15.538461538461538
44,4,2,15.538461538461538
44,4,3,15.538461538461538
44,4,4,14.496336996336996
44,4,5,12.217546342546342
44,4,6,9.538858363858365
44,4,7,6.8559218559218555
44,4,8,6.937576312576312
44,4,9,5.915018315018315
44,4,10,4.068559218559219
44,4,11,3.3285103785103782
44,4,12,3.450091575091575
44,4,13,3.657661782661783
44,4,14,4.004273504273504
44,4,15,3.7974053724053722
44,4,16,4.782478632478632
44,4,17,5.508852258852259
44,4,18,6.151556776556776
44,4,19,6.89072039072039
44,4,20,7.2554945054945055
44,4,21,8.009004884004884
44,4,22,9.628510378510379
44,4,23,12.035714285714286
44,5,0,12.538461538461538
44,5,1,12.538461538461538
44,5,2,12.538461538461538
44,5,3,12.538461538461538
44,5,4,12.41025641025641
44,5,5,11.15338827838828
44,5,6,9.10989010989011
44,5,7,8.09508547008547
44,5,8,6.664377289377289
44,5,9,5.435134310134311
44,5,10,4.475996225996226
44,5,11,3.4653540903540905
44,5,12,2.598901098901099
44,5,13,1.8819597069597067
44,5,14,2.604395604395604
44,5,15,2.8463980463980465
44,5,16,2.5622710622710625
44,5,17,3.0538766788766787
44,5,18,2.8392857142857144
44,5,19,3.5230463980463984
44,5,20,4.361263736263736
44,5,21,4.96474358974359
44,5,22,6.063492063492063
44,5,23,7.913919413919414
44,6,0,8.384615384615385
44,6,1,8.384615384615385
44,6,2,8.384615384615385
44,6,3,8.384615384615385
44,6,4,8.406593406593407
44,6,5,7.5054945054945055
44,6,6,5.551282051282052
44,6,7,5.3003663003663
44,6,8,4.756410256410256
44,6,9,4.119200244200244
44,6,10,2.9717643467643464
44,6,11,1.6964285714285716
44,6,12,1.7521367521367521
44,6,13,1.5242673992673992
44,6,14,0.9629120879120878
44,6,15,0.5590659340659341
44,6,16,1.1851343101343101
44,6,17,1.6784188034188032
44,6,18,2.074023199023199
44,6,19,2.775641025641026
44,6,20,3.2454212454212454
44,6,21,4.295329670329671
44,6,22,6.148962148962149
44,6,23,6.769230769230769
45,0,0,20.46153846153846
45,0,1,20.46153846153846
45,0,2,20.46153846153846
45,0,3,20.46153846153846
45,0,4,20.06868131868132
45,0,5,19.302655677655675
45,0,6,17.09326506826507
45,0,7,14.247710622710624
45,0,8,11.335775335775336
45,0,9,9.463522588522588
45,0,10,9.008241758241759
45,0,11,9.26007326007326
45,0,12,9.136141636141636
45,0,13,9.862789987789988
45,0,14,10.939865689865691
45,0,15,12.555799755799756
45,0,16,13.654881229881228
45,0,17,13.518162393162394
45,0,18,14.130952380952381
45,0,19,15.08058608058608
45,0,20,15.218406593406595
45,0,21,15.30448717948718
45,0,22,15.155677655677655
45,0,23,15.153846153846153
45,1,0,15.153846153846153
45,1,1,15.153846153846153
45,1,2,15.153846153846153
45,1,3,15.153846153846153
45,1,4,14.797161172161172
45,1,5,14.455433455433457
45,1,6,14.091941391941392
45,1,7,12.997863247863249
45,1,8,10.24072039072039
45,1,9,8.887112887112888
45,1,10,8.652472527472527
45,1,11,8.815934065934066
45,1,12,9.53403540903541
45,1,13,10.038919413919414
45,1,14,10.51923076923077
45,1,15,11.66620879120879
45,1,16,12.66088356088356
45,1,17,13.288919413919414
45,1,18,14.16758241758242
45,1,19,14.802503052503054
45,1,20,15.127442002442002
45,1,21,15.304639804639804
45,1,22,15.736874236874236
45,1,23,16.03846153846154
45,2,0,15.153846153846153
45,2,1,15.153846153846153
45,2,2,15.153846153846153
45,2,3,15.153846153846153
45,2,4,14.77014652014652
45,2,5,14.208028083028081
45,2,6,11.87942057942058
45,2,7,9.663156288156289
45,2,8,8.006562881562882
45,2,9,7.2559523809523805
45,2,10,6.868589743589743
45,2,11,6.760225885225885
45,2,12,7.51419413919414
45,2,13,8.09661172161172
45,2,14,9.554151404151405
45,2,15,10.453144078144078
45,2,16,10.683302808302809
45,2,17,11.299725274725274
45,2,18,11.512820512820513
45,2,19,12.531746031746032
45,2,20,12.59447496947497
45,2,21,12.717490842490843
45,2,22,12.769688644688644
45,2,23,13.003205128205128
45,3,0,13.241758241758241
45,3,1,13.307692307692308
45,3,2,13.307692307692308
45,3,3,13.307692307692308
45,3,4,13.00091575091575
45,3,5,11.640567765567766
45,3,6,8.841824841824842
45,3,7,8.244005994005995
45,3,8,7.396825396825397
45,3,9,7.15018315018315
45,3,10,6.613858363858364
45,3,11,6.532234432234432
45,3,12,7.881410256410256
45,3,13,8.751556776556777
45,3,14,9.789072039072039
45,3,15,10.724114774114774
45,3,16,10.991880341880343
45,3,17,11.77930402930403
45,3,18,13.126068376068377
45,3,19,13.575091575091575
45,3,20,13.697802197802197
45,3,21,13.939713064713064
45,3,22,13.741605616605616
45,3,23,13.93543956043956
45,4,0,14.0
45,4,1,14.0
45,4,2,14.0
45,4,3,14.0
45,4,4,13.576923076923077
45,4,5,13.057234432234432
45,4,6,12.969350094350094
45,4,7,11.868131868131867
45,4,8,10.121184371184372
45,4,9,9.248626373626374
45,4,10,8.974358974358974
45,4,11,8.823717948717949
45,4,12,9.815506715506716
45,4,13,11.086813186813187
45,4,14,12.469108669108667
45,4,15,14.285775335775336
45,4,16,15.349913974913976
45,4,17,16.578205128205127
45,4,18,17.782661782661783
45,4,19,18.656043956043955
45,4,20,19.107600732600734
45,4,21,18.63598901098901
45,4,22,18.78846153846154
45,4,23,18.751373626373628
45,5,0,18.76923076923077
45,5,1,18.76923076923077
45,5,2,18.76923076923077
45,5,3,18.76923076923077
45,5,4,18.703296703296704
45,5,5,18.643772893772894
45,5,6,19.427197802197803
45,5,7,18.664468864468866
45,5,8,17.32234432234432
45,5,9,17.54151404151404
45,5,10,17.793772893772893
45,5,11,17.607364857364857
45,5,12,17.86706349206349
45,5,13,17.93009768009768
45,5,14,17.991910866910867
45,5,15,18.83501221001221
45,5,16,18.648351648351646
45,5,17,18.850091575091575
45,5,18,18.790140415140414
45,5,19,18.88415750915751
45,5,20,18.805860805860807
45,5,21,18.959249084249084
45,5,22,18.70283882783883
45,5,23,18.710164835164836
45,6,0,18.692307692307693
45,6,1,18.692307692307693
45,6,2,18.692307692307693
45,6,3,18.692307692307693
45,6,4,18.628205128205128
45,6,5,18.601773226773226
45,6,6,19.15460927960928
45,6,7,19.012179487179488
45,6,8,18.271520146520146
45,6,9,18.66880341880342
45,6,10,18.953754578754577
45,6,11,19.357600732600734
45,6,12,20.10164835164835
45,6,13,20.544139194139195
45,6,14,20.444169719169718
45,6,15,20.582264957264957
45,6,16,20.782967032967033
45,6,17,20.90521978021978
45,6,18,20.74114774114774
45,6,19,20.812728937728938
45,6,20,20.53617216117216
45,6,21,20.519688644688646
45,6,22,20.222527472527474
45,6,23,20.277472527472526
47,0,0,3.1538461538461537
47,0,1,3.1538461538461537
47,0,2,3.1538461538461537
47,0,3,3.1538461538461537
47,0,4,3.1538461538461537
47,0,5,3.1648351648351647
47,0,6,3.722527472527472
47,0,7,6.02020757020757
47,0,8,14.17118992118992
47,0,9,17.233974358974358
47,0,10,17.983974358974358
47,0,11,18.04380341880342
47,0,12,18.398626373626374
47,0,13,19.32493894993895
47,0,14,19.56043956043956
47,0,15,17.993589743589745
47,0,16,11.812221112221113
47,0,17,4.872405372405373
47,0,18,3.0673076923076925
47,0,19,2.7495421245421245
47,0,20,2.434065934065934
47,0,21,2.1904761904761902
47,0,22,2.10989010989011
47,0,23,2.230769230769231
47,1,0,2.230769230769231
47,1,1,2.230769230769231
47,1,2,2.230769230769231
47,1,3,2.230769230769231
47,1,4,2.230769230769231
47,1,5,2.1575091575091574
47,1,6,2.873168498168498
47,1,7,5.425152625152625
47,1,8,16.466333666333664
47,1,9,20.38351648351648
47,1,10,21.921855921855922
47,1,11,22.17257464757465
47,1,12,21.97713675213675
47,1,13,22.779181929181927
47,1,14,22.6492673992674
47,1,15,20.07743645243645
47,1,16,10.836946386946387
47,1,17,4.033424908424909
47,1,18,2.881410256410256
47,1,19,2.337912087912088
47,1,20,2.1904761904761902
47,1,21,1.9743589743589745
47,1,22,1.7802197802197801
47,1,23,1.8333333333333333
47,2,0,1.8461538461538463
47,2,1,1.8461538461538463
47,2,2,1.8461538461538463
47,2,3,1.8461538461538463
47,2,4,1.8461538461538463
47,2,5,1.8791208791208793
47,2,6,2.304945054945055
47,2,7,4.242704517704518
47,2,8,18.150485625485626
47,2,9,23.52045177045177
47,2,10,25.148137973137974
47,2,11,26.160714285714285
47,2,12,27.02695915195915
47,2,13,27.509157509157507
47,2,14,26.66675824175824
47,2,15,23.855827505827506
47,2,16,14.776184926184927
47,2,17,3.483982683982684
47,2,18,1.094017094017094
47,2,19,0.7225274725274725
47,2,20,0.7234432234432234
47,2,21,0.6799450549450549
47,2,22,0.6254578754578755
47,2,23,0.6153846153846154
47,3,0,0.6153846153846154
47,3,1,0.6153846153846154
47,3,2,0.6666666666666666
47,3,3,0.6666666666666666
47,3,4,0.6666666666666666
47,3,5,0.7380952380952381
47,3,6,1.4394841269841272
47,3,7,4.130005411255412
47,3,8,15.12487073112073
47,3,9,20.116137566137567
47,3,10,20.76984126984127
47,3,11,21.075468975468976
47,3,12,19.878968253968253
47,3,13,20.79575702075702
47,3,14,21.579090354090354
47,3,15,19.56627539127539
47,3,16,12.037296037296038
47,3,17,5.4945054945054945
47,3,18,4.1239316239316235
47,3,19,3.279304029304029
47,3,20,2.822344322344322
47,3,21,2.501373626373626
47,3,22,2.536172161172161
47,3,23,2.5027472527472527
47,4,0,2.4615384615384617
47,4,1,2.4615384615384617
47,4,2,2.4615384615384617
47,4,3,2.4615384615384617
47,4,4,2.4615384615384617
47,4,5,2.472527472527472
47,4,6,2.8347069597069594
47,4,7,5.071611721611721
47,4,8,9.619261294261294
47,4,9,12.104395604395604
47,4,10,13.909188034188036
47,4,11,14.017643467643467
47,4,12,12.943253968253968
47,4,13,13.247557997557998
47,4,14,12.966941391941392
47,4,15,10.954822954822955
47,4,16,7.593040293040293
47,4,17,4.982600732600732
47,4,18,3.9244505494505497
47,4,19,3.3928571428571432
47,4,20,3.1190476190476195
47,4,21,3.06959706959707
47,4,22,2.661172161172161
47,4,23,2.4102564102564106
47,5,0,2.3846153846153846
47,5,1,2.3846153846153846
47,5,2,2.3846153846153846
47,5,3,2.3846153846153846
47,5,4,2.3846153846153846
47,5,5,2.3864468864468864
47,5,6,2.3424908424908426
47,5,7,2.3956043956043955
47,5,8,2.2632783882783882
47,5,9,2.177655677655678
47,5,10,2.342948717948718
47,5,11,2.392857142857143
47,5,12,2.757173382173382
47,5,13,2.998168498168498
47,5,14,3.0915750915750917
47,5,15,2.9890109890109895
47,5,16,2.652014652014652
47,5,17,2.5961538461538463
47,5,18,2.380952380952381
47,5,19,2.41025641025641
47,5,20,2.4285714285714284
47,5,21,2.657509157509158
47,5,22,2.65018315018315
47,5,23,2.7829670329670333
47,6,0,2.8461538461538463
47,6,1,2.8461538461538463
47,6,2,2.8461538461538463
47,6,3,2.8461538461538463
47,6,4,2.8461538461538463
47,6,5,2.9120879120879124
47,6,6,2.840659340659341
47,6,7,2.6483516483516487
47,6,8,2.626373626373626
47,6,9,2.457875457875458
47,6,10,2.608058608058608
47,6,11,2.564102564102564
47,6,12,2.791208791208791
47,6,13,2.874084249084249
47,6,14,3.205128205128205
47,6,15,3.399267399267399
47,6,16,3.1428571428571432
47,6,17,3.0604395604395602
47,6,18,3.2802197802197806
47,6,19,3.401098901098901
47,6,20,3.3475274725274726
47,6,21,3.373626373626374
47,6,22,3.186813186813187
47,6,23,3.1758241758241756
48,0,0,8.692307692307692
48,0,1,8.692307692307692
48,0,2,8.692307692307692
48,0,3,8.692307692307692
48,0,4,8.167124542124542
48,0,5,7.738095238095237
48,0,6,8.96947496947497
48,0,7,8.722971472971473
48,0,8,8.799111999111998
48,0,9,7.886263736263737
48,0,10,7.701831501831502
48,0,11,7.16924741924742
48,0,12,8.176129426129426
48,0,13,9.478235653235654
48,0,14,10.671855921855922
48,0,15,10.68464590964591
48,0,16,12.060431235431235
48,0,17,14.472200022200022
48,0,18,14.969658119658119
48,0,19,14.937271062271062
48,0,20,15.267246642246644
48,0,21,15.358547008547008
48,0,22,15.295787545787546
48,0,23,15.638278388278387
48,1,0,15.692307692307692
48,1,1,15.692307692307692
48,1,2,15.692307692307692
48,1,3,15.692307692307692
48,1,4,15.270604395604396
48,1,5,15.027930402930403
48,1,6,14.548443223443222
48,1,7,11.19817404817405
48,1,8,9.070473970473971
48,1,9,8.507326007326007
48,1,10,8.99540737040737
48,1,11,8.840506715506717
48,1,12,9.068223443223443
48,1,13,9.962912087912088
48,1,14,11.28144078144078
48,1,15,11.957614607614609
48,1,16,16.171969696969697
48,1,17,19.94698912198912
48,1,18,20.159659784659784
48,1,19,20.308363858363858
48,1,20,20.70619658119658
48,1,21,22.092338217338217
48,1,22,22.37142857142857
48,1,23,23.10744810744811
48,2,0,22.615384615384617
48,2,1,22.615384615384617
48,2,2,22.615384615384617
48,2,3,22.615384615384617
48,2,4,20.9514652014652
48,2,5,18.61462148962149
48,2,6,17.30418192918193
48,2,7,14.087140637140637
48,2,8,14.194444444444445
48,2,9,13.239560439560439
48,2,10,12.47100122100122
48,2,11,11.787210012210013
48,2,12,10.916083916083917
48,2,13,11.841805416805416
48,2,14,13.595848595848596
48,2,15,13.703482628482629
48,2,16,14.742504717504717
48,2,17,16.76680819180819
48,2,18,16.647538572538572
48,2,19,16.231310356310356
48,2,20,16.604029304029304
48,2,21,18.27960927960928
48,2,22,18.46382783882784
48,2,23,18.66712454212454
48,3,0,18.76923076923077
48,3,1,18.76923076923077
48,3,2,18.821428571428573
48,3,3,18.833333333333332
48,3,4,17.281580687830687
48,3,5,15.64345238095238
48,3,6,15.929166666666667
48,3,7,11.48699494949495
48,3,8,9.18933682058682
48,3,9,8.237665343915344
48,3,10,8.73992673992674
48,3,11,7.922313797313797
48,3,12,8.552966477966477
48,3,13,9.241644466644466
48,3,14,10.884951159951159
48,3,15,12.06653069153069
48,3,16,16.853166278166277
48,3,17,19.30777000777001
48,3,18,18.86031746031746
48,3,19,18.78205128205128
48,3,20,18.753815628815627
48,3,21,18.946428571428573
48,3,22,19.84508547008547
48,3,23,20.82967032967033
48,4,0,20.923076923076923
48,4,1,20.923076923076923
48,4,2,20.923076923076923
48,4,3,20.923076923076923
48,4,4,20.422619047619044
48,4,5,19.520604395604394
48,4,6,18.690712065712066
48,4,7,15.408663558663559
48,4,8,13.734798534798536
48,4,9,11.8756105006105
48,4,10,10.539196914196914
48,4,11,10.48064713064713
48,4,12,11.710622710622712
48,4,13,12.484604284604284
48,4,14,13.513492063492064
48,4,15,13.567837717837717
48,4,16,15.327078477078476
48,4,17,16.91667499167499
48,4,18,15.582142857142857
48,4,19,14.765262515262517
48,4,20,14.405677655677655
48,4,21,14.041727716727717
48,4,22,15.219627594627594
48,4,23,16.12087912087912
48,5,0,16.23076923076923
48,5,1,16.23076923076923
48,5,2,16.23076923076923
48,5,3,16.23076923076923
48,5,4,16.32967032967033
48,5,5,16.243589743589745
48,5,6,15.95054945054945
48,5,7,15.413461538461538
48,5,8,13.908882783882785
48,5,9,11.978021978021978
48,5,10,11.654517704517703
48,5,11,10.671611721611722
48,5,12,11.453907203907203
48,5,13,10.26037851037851
48,5,14,9.513431013431013
48,5,15,8.991361416361416
48,5,16,10.401770451770451
48,5,17,11.452838827838828
48,5,18,12.720543345543346
48,5,19,12.427960927960926
48,5,20,12.551739926739925
48,5,21,12.421092796092797
48,5,22,12.35042735042735
48,5,23,12.801739926739925
48,6,0,12.923076923076923
48,6,1,12.923076923076923
48,6,2,12.923076923076923
48,6,3,12.923076923076923
48,6,4,12.802197802197801
48,6,5,12.626831501831502
48,6,6,12.397893772893772
48,6,7,12.647283272283271
48,6,8,11.837759462759463
48,6,9,10.6760323010323
48,6,10,11.461172161172161
48,6,11,10.307081807081808
48,6,12,9.104517704517704
48,6,13,7.997557997557997
48,6,14,7.612651237651237
48,6,15,7.2318376068376065
48,6,16,7.626068376068376
48,6,17,7.458791208791208
48,6,18,7.676739926739927
48,6,19,7.56456043956044
48,6,20,7.972222222222222
48,6,21,8.515567765567765
48,6,22,8.344017094017094
48,6,23,8.632478632478634
49,0,0,15.0
49,0,1,15.0
49,0,2,15.0
49,0,3,15.0
49,0,4,13.822344322344321
49,0,5,9.781282606282605
49,0,6,7.7415334665334665
49,0,7,7.5807109557109555
49,0,8,6.082881007881008
49,0,9,5.492216117216117
49,0,10,5.924145299145299
49,0,11,5.627369852369853
49,0,12,6.653846153846154
49,0,13,6.496733821733821
49,0,14,7.428224553224553
49,0,15,12.3506216006216
49,0,16,15.887451437451439
49,0,17,14.587237762237761
49,0,18,14.544172494172493
49,0,19,14.451906426906428
49,0,20,15.513156288156289
49,0,21,16.023504273504276
49,0,22,17.575091575091577
49,0,23,18.98717948717949
49,1,0,19.23076923076923
49,1,1,19.23076923076923
49,1,2,19.23076923076923
49,1,3,19.23076923076923
49,1,4,17.4013431013431
49,1,5,12.342857142857143
49,1,6,8.932459207459207
49,1,7,4.531002331002331
49,1,8,2.887762237762238
49,1,9,1.8797313797313797
49,1,10,2.3753052503052503
49,1,11,2.59478021978022
49,1,12,3.3875763125763125
49,1,13,4.704670329670329
49,1,14,7.56486013986014
49,1,15,15.187762237762238
49,1,16,20.185314685314687
49,1,17,16.650233100233102
49,1,18,14.91559829059829
49,1,19,16.515947940947942
49,1,20,17.658455433455433
49,1,21,19.16424963924964
49,1,22,20.54004884004884
49,1,23,21.41971916971917
49,2,0,20.384615384615383
49,2,1,20.384615384615383
49,2,2,20.384615384615383
49,2,3,20.384615384615383
49,2,4,18.45631868131868
49,2,5,12.314346764346764
49,2,6,7.794522144522144
49,2,7,5.085664335664335
49,2,8,4.252272727272727
49,2,9,3.6351648351648356
49,2,10,4.246789321789321
49,2,11,4.003135753135753
49,2,12,4.865420690420691
49,2,13,5.392735042735042
49,2,14,8.197047397047397
49,2,15,18.195182595182594
49,2,16,23.569930069930066
49,2,17,19.61829836829837
49,2,18,19.893706293706295
49,2,19,20.750457875457872
49,2,20,20.495024420024418
49,2,21,21.01742979242979
49,2,22,21.924542124542125
49,2,23,21.846153846153847
49,3,0,21.846153846153847
49,3,1,21.846153846153847
49,3,2,21.75
49,3,3,21.75
49,3,4,20.095734126984127
49,3,5,12.569775132275133
49,3,6,7.500252525252525
49,3,7,3.7342171717171717
49,3,8,3.7347222222222225
49,3,9,3.397321428571429
49,3,10,5.57899877899878
49,3,11,5.688034188034188
49,3,12,6.648504273504273
49,3,13,7.9254884004884
49,3,14,9.905094905094906
49,3,15,17.76993006993007
49,3,16,25.579836829836832
49,3,17,22.085198135198137
49,3,18,18.82026307026307
49,3,19,17.976923076923075
49,3,20,18.56838439338439
49,3,21,20.239504939504936
49,3,22,20.939102564102562
49,3,23,21.679206904206904
49,4,0,21.846153846153847
49,4,1,21.846153846153847
49,4,2,21.91346153846154
49,4,3,21.923076923076923
49,4,4,19.879090354090355
49,4,5,13.041544566544568
49,4,6,9.874184149184149
49,4,7,6.305011655011655
49,4,8,4.16013986013986
49,4,9,4.026800976800977
49,4,10,3.813919413919414
49,4,11,4.1494338994339
49,4,12,4.784096459096459
49,4,13,6.025427350427351
49,4,14,9.344200244200245
49,4,15,13.146231546231547
49,4,16,15.979370629370628
49,4,17,16.824242424242424
49,4,18,15.626312576312577
49,4,19,15.587332112332112
49,4,20,15.246031746031747
49,4,21,15.64835164835165
49,4,22,17.337881562881563
49,4,23,17.953754578754577
49,5,0,18.307692307692307
49,5,1,18.307692307692307
49,5,2,18.384615384615383
49,5,3,18.384615384615383
49,5,4,18.1996336996337
49,5,5,17.807692307692307
49,5,6,16.106532356532355
49,5,7,14.014180264180265
49,5,8,12.19459706959707
49,5,9,11.28464590964591
49,5,10,10.380475080475081
49,5,11,8.713919413919415
49,5,12,8.293817293817295
49,5,13,8.577258852258852
49,5,14,8.47973137973138
49,5,15,9.542876567876569
49,5,16,9.596406371406372
49,5,17,10.47026862026862
49,5,18,10.589468864468863
49,5,19,11.507783882783883
49,5,20,12.370726495726498
49,5,21,13.69563492063492
49,5,22,13.93931623931624
49,5,23,15.013308913308915
49,6,0,15.384615384615385
49,6,1,15.384615384615385
49,6,2,15.384615384615385
49,6,3,15.384615384615385
49,6,4,15.215201465201464
49,6,5,14.37408424908425
49,6,6,14.292429792429791
49,6,7,14.350274725274724
49,6,8,12.833089133089134
49,6,9,11.34372571872572
49,6,10,9.628693528693528
49,6,11,8.607850482850482
49,6,12,7.196558996558997
49,6,13,6.836663336663336
49,6,14,7.536630036630037
49,6,15,8.77559385059385
49,6,16,9.426587301587302
49,6,17,10.304822954822955
49,6,18,11.296370296370297
49,6,19,13.60576923076923
49,6,20,14.151251526251526
49,6,21,14.48046398046398
49,6,22,14.546245421245422
49,6,23,14.872710622710624
5,0,0,13.373626373626374
5,0,1,13.384615384615385
5,0,2,13.384615384615385
5,0,3,13.384615384615385
5,0,4,12.95054945054945
5,0,5,20.382295482295483
5,0,6,20.44434731934732
5,0,7,10.513170163170164
5,0,8,7.601359751359752
5,0,9,11.778424353424354
5,0,10,11.144150294150295
5,0,11,8.005144855144856
5,0,12,12.658524808524808
5,0,13,11.16868686868687
5,0,14,11.237290487290487
5,0,15,14.856002331002331
5,0,16,25.0004662004662
5,0,17,31.364724164724162
5,0,18,31.436807636807636
5,0,19,31.38061383061383
5,0,20,31.98874736374736
5,0,21,31.021275946275946
5,0,22,30.012210012210012
5,0,23,29.908272283272286
5,1,0,29.923076923076923
5,1,1,29.923076923076923
5,1,2,29.923076923076923
5,1,3,29.923076923076923
5,1,4,29.05741758241758
5,1,5,28.552719502719505
5,1,6,24.16958041958042
5,1,7,5.596736596736596
5,1,8,7.682983682983683
5,1,9,11.983158508158509
5,1,10,10.572494172494173
5,1,11,8.012226662226663
5,1,12,9.479312354312354
5,1,13,10.757470307470308
5,1,14,12.42511655011655
5,1,15,17.376923076923077
5,1,16,33.01282051282051
5,1,17,36.15792540792541
5,1,18,35.912703962703965
5,1,19,36.14116161616162
5,1,20,36.254800754800755
5,1,21,36.35767288267288
5,1,22,35.10415140415141
5,1,23,34.879884004884005
5,2,0,34.84615384615385
5,2,1,34.84615384615385
5,2,2,34.84615384615385
5,2,3,34.84615384615385
5,2,4,34.10637973137973
5,2,5,31.525718725718725
5,2,6,28.243006993006993
5,2,7,7.322843822843823
5,2,8,6.0732323232323235
5,2,9,12.526806526806526
5,2,10,12.238850038850039
5,2,11,8.61041181041181
5,2,12,9.446697746697748
5,2,13,8.627097902097903
5,2,14,9.549531024531024
5,2,15,15.205128205128204
5,2,16,28.967948717948715
5,2,17,33.89801864801865
5,2,18,34.653030303030306
5,2,19,34.244055944055944
5,2,20,33.94624542124542
5,2,21,33.34772727272727
5,2,22,32.44478576978577
5,2,23,32.842032967032964
5,3,0,32.92307692307692
5,3,1,32.92307692307692
5,3,2,32.666666666666664
5,3,3,32.666666666666664
5,3,4,32.086309523809526
5,3,5,28.65340909090909
5,3,6,24.92373737373737
5,3,7,7.1060606060606055
5,3,8,6.092045454545453
5,3,9,13.131857031857031
5,3,10,11.589452214452214
5,3,11,7.773543123543124
5,3,12,9.776923076923076
5,3,13,8.710175935175936
5,3,14,8.62402874902875
5,3,15,10.009673659673659
5,3,16,19.686480186480185
5,3,17,28.662820512820513
5,3,18,30.918881118881117
5,3,19,31.846386946386946
5,3,20,31.668162393162394
5,3,21,31.4529859029859
5,3,22,30.804151404151405
5,3,23,29.967032967032967
5,4,0,30.076923076923077
5,4,1,30.076923076923077
5,4,2,30.076923076923077
5,4,3,30.076923076923077
5,4,4,29.49587912087912
5,4,5,27.722183372183373
5,4,6,29.152389277389275
5,4,7,19.42132867132867
5,4,8,10.073853923853923
5,4,9,12.392171717171719
5,4,10,9.843745143745142
5,4,11,5.97031857031857
5,4,12,6.123199023199023
5,4,13,8.486230436230436
5,4,14,11.642257742257742
5,4,15,15.278360528360528
5,4,16,22.187062937062937
5,4,17,28.942307692307693
5,4,18,30.015209790209788
5,4,19,29.919055944055945
5,4,20,29.768142968142968
5,4,21,29.279895104895104
5,4,22,28.00503663003663
5,4,23,26.68125763125763
5,5,0,26.78846153846154
5,5,1,26.846153846153847
5,5,2,26.846153846153847
5,5,3,26.846153846153847
5,5,4,26.42948717948718
5,5,5,24.86813186813187
5,5,6,23.767399267399266
5,5,7,21.84035409035409
5,5,8,18.01853146853147
5,5,9,17.98212898212898
5,5,10,16.415456765456767
5,5,11,16.74910644910645
5,5,12,14.107009657009657
5,5,13,13.280186480186481
5,5,14,12.493162393162391
5,5,15,12.944852369852368
5,5,16,13.146289821289823
5,5,17,14.452417027417027
5,5,18,15.772746697746697
5,5,19,17.638358863358864
5,5,20,18.130108780108777
5,5,21,16.32625152625153
5,5,22,15.699525474525474
5,5,23,13.526709401709402
5,6,0,13.461538461538462
5,6,1,13.461538461538462
5,6,2,13.461538461538462
5,6,3,13.461538461538462
5,6,4,13.325091575091575
5,6,5,12.47985347985348
5,6,6,11.259920634920634
5,6,7,10.29514652014652
5,6,8,10.16633089133089
5,6,9,10.790986790986791
5,6,10,13.221678321678322
5,6,11,11.35534188034188
5,6,12,11.508411033411033
5,6,13,12.721592296592295
5,6,14,11.319017094017095
5,6,15,12.408469308469309
5,6,16,12.095654345654346
5,6,17,11.919230769230769
5,6,18,13.113522588522589
5,6,19,13.306166056166056
5,6,20,13.352319902319902
5,6,21,13.395848595848596
5,6,22,13.067460317460318
5,6,23,13.075091575091575
50,0,0,23.384615384615383
50,0,1,23.384615384615383
50,0,2,23.384615384615383
50,0,3,23.384615384615383
50,0,4,23.37179487179487
50,0,5,21.03315018315018
50,0,6,18.73962148962149
50,0,7,16.153368853368853
50,0,8,11.107295482295482
50,0,9,9.167629592629593
50,0,10,7.522435897435897
50,0,11,6.923995448995449
50,0,12,6.3753302253302255
50,0,13,6.169258519258519
50,0,14,6.3778998778998774
50,0,15,6.96493783993784
50,0,16,9.543317793317794
50,0,17,12.850227550227551
50,0,18,14.386358086358086
50,0,19,17.60326617826618
50,0,20,19.306898656898657
50,0,21,20.74642857142857
50,0,22,21.257631257631257
50,0,23,21.923076923076923
50,1,0,22.153846153846153
50,1,1,22.153846153846153
50,1,2,22.153846153846153
50,1,3,22.153846153846153
50,1,4,22.08653846153846
50,1,5,19.232905982905983
50,1,6,16.03106893106893
50,1,7,13.976495726495727
50,1,8,8.978724053724054
50,1,9,7.717643467643468
50,1,10,7.654761904761904
50,1,11,7.200030525030526
50,1,12,7.442032967032967
50,1,13,7.8810134310134305
50,1,14,7.965048840048839
50,1,15,8.307556332556333
50,1,16,10.418958818958819
50,1,17,14.898523698523698
50,1,18,16.093725718725718
50,1,19,18.508585858585857
50,1,20,21.31932234432234
50,1,21,21.93605006105006
50,1,22,22.541086691086694
50,1,23,23.04258241758242
50,2,0,21.53846153846154
50,2,1,21.53846153846154
50,2,2,21.53846153846154
50,2,3,21.53846153846154
50,2,4,21.25824175824176
50,2,5,17.67295482295482
50,2,6,14.420490620490622
50,2,7,11.698989898989899
50,2,8,5.25457042957043
50,2,9,3.8855311355311355
50,2,10,3.6486568986568986
50,2,11,3.745054945054945
50,2,12,4.208219558219558
50,2,13,4.558119658119658
50,2,14,5.030677655677655
50,2,15,5.808954933954935
50,2,16,8.809188034188034
50,2,17,13.321464646464646
50,2,18,14.55073815073815
50,2,19,16.4999777999778
50,2,20,18.56874236874237
50,2,21,19.353846153846153
50,2,22,21.07735042735043
50,2,23,22.383241758241756
50,3,0,22.846153846153847
50,3,1,22.846153846153847
50,3,2,21.833333333333332
50,3,3,21.833333333333332
50,3,4,21.875
50,3,5,19.739574314574316
50,3,6,17.778373015873015
50,3,7,13.146464646464645
50,3,8,7.737857744107743
50,3,9,6.538789682539683
50,3,10,7.4191086691086685
50,3,11,7.431929181929182
50,3,12,7.1500610500610495
50,3,13,6.640692640692641
50,3,14,6.526343101343101
50,3,15,7.0577117327117325
50,3,16,9.679770229770229
50,3,17,14.221658896658898
50,3,18,15.141330891330892
50,3,19,16.469194694194695
50,3,20,19.2985347985348
50,3,21,19.493345543345544
50,3,22,19.458791208791208
50,3,23,20.2779304029304
50,4,0,20.384615384615383
50,4,1,20.384615384615383
50,4,2,20.384615384615383
50,4,3,20.384615384615383
50,4,4,20.419261294261293
50,4,5,17.9490231990232
50,4,6,15.942765567765568
50,4,7,15.850702075702076
50,4,8,11.635078810078811
50,4,9,10.40564713064713
50,4,10,8.859004884004884
50,4,11,8.498778998778999
50,4,12,7.85521978021978
50,4,13,7.801379176379176
50,4,14,9.457356532356531
50,4,15,10.414393939393939
50,4,16,10.821717171717172
50,4,17,13.494311244311245
50,4,18,13.241525141525141
50,4,19,15.30326617826618
50,4,20,17.1775641025641
50,4,21,17.838369963369964
50,4,22,19.078601953601954
50,4,23,20.392094017094017
50,5,0,20.76923076923077
50,5,1,20.76923076923077
50,5,2,20.76923076923077
50,5,3,20.76923076923077
50,5,4,20.769383394383397
50,5,5,18.86492673992674
50,5,6,17.242521367521366
50,5,7,17.677197802197803
50,5,8,16.87996170496171
50,5,9,14.626221001221001
50,5,10,12.922832722832721
50,5,11,12.067521367521367
50,5,12,12.846750471750472
50,5,13,12.453632478632478
50,5,14,12.731837606837606
50,5,15,14.020543345543343
50,5,16,15.588431013431014
50,5,17,17.556082806082806
50,5,18,18.982753357753356
50,5,19,20.293223443223443
50,5,20,20.68681318681319
50,5,21,20.53977411477411
50,5,22,21.061263736263736
50,5,23,22.240384615384617
50,6,0,22.384615384615383
50,6,1,22.384615384615383
50,6,2,22.384615384615383
50,6,3,22.384615384615383
50,6,4,22.238095238095237
50,6,5,21.00076312576312
50,6,6,20.06013431013431
50,6,7,20.57371794871795
50,6,8,20.127472527472527
50,6,9,19.609188034188033
50,6,10,17.828724053724052
50,6,11,16.867094017094015
50,6,12,15.962637362637363
50,6,13,15.46901431901432
50,6,14,15.604001554001552
50,6,15,15.910714285714286
50,6,16,16.440750915750915
50,6,17,16.72252747252747
50,6,18,17.753121878121878
50,6,19,19.187301587301587
50,6,20,20.40509768009768
50,6,21,21.5006105006105
50,6,22,22.216483516483514
50,6,23,23.141178266178265
51,0,0,11.76923076923077
51,0,1,11.76923076923077
51,0,2,11.76923076923077
51,0,3,11.76923076923077
51,0,4,11.76923076923077
51,0,5,10.546703296703297
51,0,6,9.073107448107448
51,0,7,9.357905982905983
51,0,8,10.493894993894994
51,0,9,11.016483516483516
51,0,10,11.243589743589743
51,0,11,11.084249084249084
51,0,12,10.500946275946275
51,0,13,11.077686202686202
51,0,14,11.505494505494507
51,0,15,11.637973137973137
51,0,16,12.698260073260075
51,0,17,12.73076923076923
51,0,18,12.948717948717949
51,0,19,12.598901098901099
51,0,20,12.322710622710623
51,0,21,11.870879120879122
51,0,22,11.833333333333334
51,0,23,11.794871794871796
51,1,0,11.76923076923077
51,1,1,11.76923076923077
51,1,2,11.76923076923077
51,1,3,11.76923076923077
51,1,4,11.802197802197801
51,1,5,10.61492673992674
51,1,6,7.236721611721611
51,1,7,7.506410256410257
51,1,8,7.649877899877899
51,1,9,8.399572649572649
51,1,10,8.79029304029304
51,1,11,8.299450549450551
51,1,12,7.98580586080586
51,1,13,8.265873015873016
51,1,14,7.691391941391942
51,1,15,7.737240537240537
51,1,16,6.936355311355312
51,1,17,6.2460622710622715
51,1,18,6.273351648351649
51,1,19,6.362637362637362
51,1,20,5.8072344322344325
51,1,21,5.4006410256410255
51,1,22,4.977106227106227
51,1,23,4.753205128205129
51,2,0,5.153846153846154
51,2,1,5.153846153846154
51,2,2,5.153846153846154
51,2,3,5.153846153846154
51,2,4,5.153846153846154
51,2,5,5.144688644688644
51,2,6,4.101648351648351
51,2,7,4.78038628038628
51,2,8,5.02045177045177
51,2,9,5.402014652014652
51,2,10,5.922161172161172
51,2,11,6.106074481074481
51,2,12,6.499084249084249
51,2,13,7.35989010989011
51,2,14,7.49496336996337
51,2,15,6.852564102564102
51,2,16,7.192002442002442
51,2,17,7.029304029304029
51,2,18,6.552655677655678
51,2,19,6.381105006105006
51,2,20,6.082417582417582
51,2,21,5.278388278388278
51,2,22,4.879578754578755
51,2,23,4.3003663003663
51,3,0,4.153846153846154
51,3,1,4.153846153846154
51,3,2,4.416666666666667
51,3,3,4.416666666666667
51,3,4,4.347222222222222
51,3,5,3.7718253968253967
51,3,6,2.626984126984127
51,3,7,3.702480158730159
51,3,8,4.187797619047619
51,3,9,4.069444444444445
51,3,10,3.9711538461538463
51,3,11,4.041208791208791
51,3,12,3.960927960927961
51,3,13,3.974358974358975
51,3,14,4.026831501831501
51,3,15,4.0256410256410255
51,3,16,4.310897435897436
51,3,17,4.876221001221001
51,3,18,4.684981684981685
51,3,19,4.401648351648352
51,3,20,3.811660561660562
51,3,21,2.8113553113553116
51,3,22,2.21474358974359
51,3,23,2.1630036630036633
51,4,0,2.1538461538461537
51,4,1,2.1538461538461537
51,4,2,2.1538461538461537
51,4,3,2.1538461538461537
51,4,4,2.1538461538461537
51,4,5,2.131868131868132
51,4,6,1.8901098901098903
51,4,7,2.183150183150183
51,4,8,2.0618131868131866
51,4,9,2.211080586080586
51,4,10,2.010989010989011
51,4,11,1.915903540903541
51,4,12,1.9945054945054947
51,4,13,2.254120879120879
51,4,14,2.590811965811966
51,4,15,2.5491452991452994
51,4,16,3.4756105006105007
51,4,17,4.066849816849817
51,4,18,4.242216117216118
51,4,19,5.037087912087912
51,4,20,5.717490842490842
51,4,21,5.815018315018316
51,4,22,5.596459096459096
51,4,23,5.269230769230769
51,5,0,5.230769230769231
51,5,1,5.230769230769231
51,5,2,5.230769230769231
51,5,3,5.230769230769231
51,5,4,5.142857142857143
51,5,5,4.989010989010989
51,5,6,4.802197802197802
51,5,7,4.6501831501831505
51,5,8,4.6611721611721615
51,5,9,5.378968253968254
51,5,10,5.532051282051283
51,5,11,6.229395604395605
51,5,12,6.793498168498169
51,5,13,7.810897435897436
51,5,14,8.437271062271062
51,5,15,9.014652014652015
51,5,16,9.313644688644688
51,5,17,9.304029304029303
51,5,18,9.727564102564102
51,5,19,9.736568986568987
51,5,20,9.762362637362637
51,5,21,9.793650793650794
51,5,22,9.690476190476192
51,5,23,9.7985347985348
51,6,0,9.846153846153847
51,6,1,9.846153846153847
51,6,2,9.846153846153847
51,6,3,9.846153846153847
51,6,4,9.846153846153847
51,6,5,9.846153846153847
51,6,6,9.95558608058608
51,6,7,10.345238095238095
51,6,8,10.808516483516485
51,6,9,10.760989010989011
51,6,10,10.97985347985348
51,6,11,11.622710622710624
51,6,12,11.712454212454212
51,6,13,11.664835164835164
51,6,14,11.924420024420025
51,6,15,11.647435897435896
51,6,16,11.579365079365079
51,6,17,11.20650183150183
51,6,18,11.142246642246644
51,6,19,11.515262515262517
51,6,20,11.924145299145298
51,6,21,12.076923076923077
51,6,22,11.79120879120879
51,6,23,11.795329670329672
52,0,0,17.53846153846154
52,0,1,17.53846153846154
52,0,2,17.53846153846154
52,0,3,17.53846153846154
52,0,4,17.655677655677657
52,0,5,19.10546398046398
52,0,6,21.112520812520813
52,0,7,20.788941613941613
52,0,8,21.464432789432788
52,0,9,20.614102564102566
52,0,10,20.178571428571427
52,0,11,21.173351648351648
52,0,12,21.600335775335775
52,0,13,21.70558608058608
52,0,14,21.884615384615383
52,0,15,20.639926739926743
52,0,16,19.019055944055943
52,0,17,15.714590964590965
52,0,18,14.292124542124542
52,0,19,13.01129426129426
52,0,20,12.680128205128206
52,0,21,11.891941391941392
52,0,22,11.703296703296703
52,0,23,11.48076923076923
52,1,0,11.461538461538462
52,1,1,11.461538461538462
52,1,2,11.461538461538462
52,1,3,11.461538461538462
52,1,4,11.47985347985348
52,1,5,12.444139194139193
52,1,6,12.208660783660784
52,1,7,14.747358197358198
52,1,8,17.61660839160839
52,1,9,18.012765012765012
52,1,10,17.053601953601955
52,1,11,17.44187201687202
52,1,12,17.93028083028083
52,1,13,16.56211843711844
52,1,14,16.003357753357754
52,1,15,14.646756021756023
52,1,16,12.758161283161284
52,1,17,8.696403596403597
52,1,18,6.091025641025642
52,1,19,5.558150183150183
52,1,20,5.139804639804639
52,1,21,4.053571428571429
52,1,22,3.0457875457875456
52,1,23,2.826923076923077
52,2,0,3.0
52,2,1,3.0
52,2,2,3.0
52,2,3,3.0
52,2,4,3.0897435897435894
52,2,5,4.642673992673993
52,2,6,8.902766677766678
52,2,7,11.528477078477078
52,2,8,15.432248307248308
52,2,9,17.03021978021978
52,2,10,18.13171550671551
52,2,11,18.08637196137196
52,2,12,17.983211233211232
52,2,13,17.650702075702075
52,2,14,16.96498778998779
52,2,15,14.175091575091576
52,2,16,10.718861693861694
52,2,17,6.002186702186702
52,2,18,3.8742979242979247
52,2,19,3.236568986568986
52,2,20,2.8583638583638584
52,2,21,2.633699633699634
52,2,22,2.724358974358974
52,2,23,2.389194139194139
52,3,0,2.4615384615384617
52,3,1,2.4615384615384617
52,3,2,2.5833333333333335
52,3,3,2.5833333333333335
52,3,4,2.607142857142857
52,3,5,4.153273809523809
52,3,6,6.611171236171235
52,3,7,10.007070707070707
52,3,8,12.327904040404041
52,3,9,12.152017195767195
52,3,10,12.24847374847375
52,3,11,13.731410256410255
52,3,12,14.238980463980464
52,3,13,13.8743894993895
52,3,14,13.571092796092795
52,3,15,12.141880341880341
52,3,16,9.608924408924409
52,3,17,6.112814962814962
52,3,18,4.850122100122101
52,3,19,3.581043956043956
52,3,20,3.325091575091575
52,3,21,2.6364468864468864
52,3,22,2.4615384615384617
52,3,23,2.5233516483516487
52,4,0,2.5384615384615383
52,4,1,2.5384615384615383
52,4,2,2.5384615384615383
52,4,3,2.5384615384615383
52,4,4,2.576923076923077
52,4,5,3.2594627594627594
52,4,6,5.732572982572983
52,4,7,9.80422632922633
52,4,8,10.644444444444444
52,4,9,10.378357753357752
52,4,10,10.402472527472527
52,4,11,10.725885225885227
52,4,12,11.277075702075702
52,4,13,11.336691086691086
52,4,14,11.48937728937729
52,4,15,10.51947496947497
52,4,16,9.898504273504273
52,4,17,8.083558108558108
52,4,18,7.211050061050061
52,4,19,7.5532661782661785
52,4,20,7.30540293040293
52,4,21,7.299450549450549
52,4,22,7.278388278388278
52,4,23,6.927197802197802
52,5,0,6.923076923076923
52,5,1,6.923076923076923
52,5,2,6.923076923076923
52,5,3,6.923076923076923
52,5,4,7.133699633699634
52,5,5,7.252747252747254
52,5,6,7.774725274725275
52,5,7,8.586996336996338
52,5,8,9.661324786324785
52,5,9,11.472374847374848
52,5,10,13.21843711843712
52,5,11,14.512667887667886
52,5,12,15.56443833943834
52,5,13,15.95363247863248
52,5,14,15.775208125208126
52,5,15,15.893106893106893
52,5,16,15.491452991452991
52,5,17,15.693223443223443
52,5,18,15.947954822954824
52,5,19,15.841269841269842
52,5,20,15.95558608058608
52,5,21,15.913919413919414
52,5,22,16.0236568986569
52,5,23,15.835164835164836
52,6,0,15.846153846153847
52,6,1,15.846153846153847
52,6,2,15.846153846153847
52,6,3,15.846153846153847
52,6,4,15.751831501831502
52,6,5,16.20787545787546
52,6,6,17.201923076923077
52,6,7,17.841208791208793
52,6,8,17.807692307692307
52,6,9,17.727869352869355
52,6,10,19.089202464202465
52,6,11,20.43681318681319
52,6,12,21.760286935286935
52,6,13,22.447557997557997
52,6,14,21.865628815628817
52,6,15,21.35225885225885
52,6,16,20.803349428349428
52,6,17,20.60989010989011
52,6,18,20.099358974358974
52,6,19,19.238095238095237
52,6,20,18.75412087912088
52,6,21,18.043040293040292
52,6,22,17.752747252747252
52,6,23,17.567307692307693
53,0,0,2.6153846153846154
53,0,1,2.6153846153846154
53,0,2,2.6153846153846154
53,0,3,2.6153846153846154
53,0,4,2.6153846153846154
53,0,5,2.6465201465201464
53,0,6,3.0164835164835164
53,0,7,6.2490897990897984
53,0,8,11.196581196581196
53,0,9,12.044261294261295
53,0,10,12.166666666666666
53,0,11,12.304029304029305
53,0,12,11.873382173382172
53,0,13,11.583333333333334
53,0,14,11.468864468864469
53,0,15,10.49496336996337
53,0,16,7.815934065934067
53,0,17,6.445512820512819
53,0,18,6.018772893772894
53,0,19,5.582417582417582
53,0,20,5.276556776556777
53,0,21,5.007326007326008
53,0,22,4.595238095238096
53,0,23,4.395604395604396
53,1,0,4.384615384615385
53,1,1,4.384615384615385
53,1,2,4.384615384615385
53,1,3,4.384615384615385
53,1,4,4.373626373626373
53,1,5,4.3076923076923075
53,1,6,5.297435897435898
53,1,7,12.271134421134422
53,1,8,20.715878565878565
53,1,9,22.547313797313798
53,1,10,22.75228937728938
53,1,11,22.93482905982906
53,1,12,23.20634920634921
53,1,13,22.50289987789988
53,1,14,21.249725274725275
53,1,15,18.66819291819292
53,1,16,12.920665445665446
53,1,17,9.303418803418804
53,1,18,7.668498168498169
53,1,19,6.796703296703297
53,1,20,6.320970695970696
53,1,21,5.705280830280831
53,1,22,5.228937728937729
53,1,23,4.945054945054945
53,2,0,5.230769230769231
53,2,1,5.230769230769231
53,2,2,5.230769230769231
53,2,3,5.230769230769231
53,2,4,5.164835164835164
53,2,5,5.032967032967033
53,2,6,5.673534798534798
53,2,7,12.455827505827507
53,2,8,22.530189255189253
53,2,9,25.16346153846154
53,2,10,23.741758241758244
53,2,11,23.2257326007326
53,2,12,22.346916971916976
53,2,13,20.847832722832724
53,2,14,19.295787545787547
53,2,15,17.106018981018984
53,2,16,10.295279720279721
53,2,17,5.236263736263736
53,2,18,3.0869963369963367
53,2,19,2.56959706959707
53,2,20,2.087912087912088
53,2,21,1.565934065934066
53,2,22,0.8086080586080586
53,2,23,0.6153846153846154
53,3,0,0.6153846153846154
53,3,1,0.6153846153846154
53,3,2,0.4166666666666667
53,3,3,0.4166666666666667
53,3,4,0.4285714285714286
53,3,5,0.47222222222222227
53,3,6,1.0510912698412698
53,3,7,6.147811447811448
53,3,8,14.446203102453103
53,3,9,17.21081349206349
53,3,10,16.237637362637365
53,3,11,16.05448717948718
53,3,12,15.122252747252748
53,3,13,15.038156288156289
53,3,14,14.73992673992674
53,3,15,12.955738705738707
53,3,16,7.178349428349429
53,3,17,3.560958485958486
53,3,18,2.7796092796092795
53,3,19,1.946733821733822
53,3,20,1.228937728937729
53,3,21,0.9391025641025641
53,3,22,0.7142857142857142
53,3,23,0.47863247863247865
53,4,0,0.46153846153846156
53,4,1,0.46153846153846156
53,4,2,0.46153846153846156
53,4,3,0.46153846153846156
53,4,4,0.4358974358974359
53,4,5,0.38461538461538464
53,4,6,0.7490842490842492
53,4,7,3.282589632589633
53,4,8,6.500946275946276
53,4,9,7.227106227106227
53,4,10,6.957264957264957
53,4,11,6.479395604395605
53,4,12,5.849969474969475
53,4,13,5.736263736263736
53,4,14,5.617673992673994
53,4,15,4.4496336996337
53,4,16,3.1196581196581197
53,4,17,2.6034798534798536
53,4,18,2.5883699633699635
53,4,19,2.2857142857142856
53,4,20,2.311355311355311
53,4,21,2.490842490842491
53,4,22,2.3956043956043955
53,4,23,2.166666666666667
53,5,0,2.1538461538461537
53,5,1,2.1538461538461537
53,5,2,2.1538461538461537
53,5,3,2.1538461538461537
53,5,4,2.1538461538461537
53,5,5,2.166666666666667
53,5,6,2.230769230769231
53,5,7,2.230769230769231
53,5,8,2.1758241758241756
53,5,9,2.468864468864469
53,5,10,2.7779304029304033
53,5,11,3.0329670329670333
53,5,12,3.2747252747252746
53,5,13,3.205128205128205
53,5,14,2.8470695970695967
53,5,15,2.6703296703296706
53,5,16,2.6978021978021975
53,5,17,2.479395604395604
53,5,18,2.676282051282051
53,5,19,2.93040293040293
53,5,20,2.9697802197802194
53,5,21,2.9514652014652016
53,5,22,2.5842490842490844
53,5,23,2.504120879120879
53,6,0,2.5384615384615383
53,6,1,2.5384615384615383
53,6,2,2.5384615384615383
53,6,3,2.5384615384615383
53,6,4,2.5
53,6,5,2.543956043956044
53,6,6,2.7893772893772892
53,6,7,2.782051282051282
53,6,8,2.9322344322344325
53,6,9,3.384157509157509
53,6,10,3.8154761904761902
53,6,11,3.9107142857142856
53,6,12,3.4224664224664227
53,6,13,2.7979242979242978
53,6,14,2.5869963369963367
53,6,15,2.491758241758242
53,6,16,2.344017094017094
53,6,17,2.469017094017094
53,6,18,2.2564102564102564
53,6,19,2.6996336996337
53,6,20,2.9890109890109886
53,6,21,2.9652014652014653
53,6,22,2.6359890109890114
53,6,23,2.6153846153846154
54,0,0,15.461538461538462
54,0,1,15.461538461538462
54,0,2,15.615384615384615
54,0,3,15.615384615384615
54,0,4,15.45054945054945
54,0,5,15.581227106227107
54,0,6,16.375152625152626
54,0,7,16.7002442002442
54,0,8,18.26776556776557
54,0,9,17.43757631257631
54,0,10,16.822344322344325
54,0,11,15.470895770895769
54,0,12,14.639041514041516
54,0,13,14.342032967032965
54,0,14,13.77045177045177
54,0,15,12.48870573870574
54,0,16,10.527111777111777
54,0,17,9.976648351648352
54,0,18,9.723443223443223
54,0,19,9.919871794871796
54,0,20,10.137362637362637
54,0,21,10.381410256410257
54,0,22,10.653846153846153
54,0,23,10.340659340659341
54,1,0,10.307692307692308
54,1,1,10.307692307692308
54,1,2,10.307692307692308
54,1,3,10.307692307692308
54,1,4,10.346153846153847
54,1,5,10.606410256410255
54,1,6,11.759615384615385
54,1,7,13.624175824175826
54,1,8,16.92165612165612
54,1,9,15.815781440781441
54,1,10,14.684065934065934
54,1,11,13.203907203907203
54,1,12,12.471306471306471
54,1,13,12.110653235653235
54,1,14,11.851648351648352
54,1,15,11.02075702075702
54,1,16,7.290628815628816
54,1,17,4.5989010989010985
54,1,18,4.407356532356532
54,1,19,4.604395604395605
54,1,20,5.20970695970696
54,1,21,4.945970695970696
54,1,22,4.6941391941391934
54,1,23,4.750915750915751
54,2,0,3.769230769230769
54,2,1,3.769230769230769
54,2,2,3.769230769230769
54,2,3,3.769230769230769
54,2,4,3.769230769230769
54,2,5,3.921245421245421
54,2,6,5.425641025641026
54,2,7,6.536904761904761
54,2,8,9.742368742368742
54,2,9,9.111721611721611
54,2,10,8.573260073260073
54,2,11,6.574023199023198
54,2,12,5.558302808302808
54,2,13,5.078907203907203
54,2,14,4.615384615384615
54,2,15,3.556776556776557
54,2,16,1.089133089133089
54,2,17,0.36526251526251524
54,2,18,0.5879120879120879
54,2,19,0.7014652014652014
54,2,20,1.1195054945054945
54,2,21,1.5604395604395604
54,2,22,2.0952380952380953
54,2,23,2.311355311355311
54,3,0,2.3846153846153846
54,3,1,2.3846153846153846
54,3,2,2.5833333333333335
54,3,3,2.5833333333333335
54,3,4,2.4404761904761902
54,3,5,2.5039682539682544
54,3,6,3.4338624338624335
54,3,7,4.832428451178451
54,3,8,6.863789682539682
54,3,9,6.684193121693121
54,3,10,6.2962454212454215
54,3,11,4.784035409035409
54,3,12,4.378968253968254
54,3,13,4.147435897435898
54,3,14,3.998168498168498
54,3,15,3.967490842490842
54,3,16,1.9179181929181932
54,3,17,1.1056166056166055
54,3,18,1.0148046398046398
54,3,19,1.4444444444444444
54,3,20,1.7875457875457874
54,3,21,2.536324786324786
54,3,22,2.291208791208791
54,3,23,2.1456043956043955
54,4,0,2.3076923076923075
54,4,1,2.3076923076923075
54,4,2,2.3076923076923075
54,4,3,2.3076923076923075
54,4,4,2.0448717948717947
54,4,5,2.10989010989011
54,4,6,2.94459706959707
54,4,7,3.956596181596182
54,4,8,5.832570207570208
54,4,9,5.239316239316239
54,4,10,4.521978021978022
54,4,11,3.087454212454212
54,4,12,2.5267094017094016
54,4,13,2.3635531135531136
54,4,14,2.5673076923076925
54,4,15,2.112789987789988
54,4,16,1.398046398046398
54,4,17,1.6266788766788767
54,4,18,2.083638583638584
54,4,19,2.8711288711288714
54,4,20,3.559065934065934
54,4,21,6.06425518925519
54,4,22,7.763125763125762
54,4,23,8.917582417582418
54,5,0,9.384615384615385
54,5,1,9.384615384615385
54,5,2,9.384615384615385
54,5,3,9.384615384615385
54,5,4,8.957570207570207
54,5,5,8.710622710622712
54,5,6,9.18543956043956
54,5,7,9.390567765567765
54,5,8,9.170329670329672
54,5,9,8.813797313797314
54,5,10,9.214285714285714
54,5,11,9.660714285714286
54,5,12,9.547619047619047
54,5,13,9.64514652014652
54,5,14,9.047405372405372
54,5,15,8.960164835164836
54,5,16,9.582783882783882
54,5,17,9.705128205128206
54,5,18,9.613553113553113
54,5,19,9.782661782661783
54,5,20,10.350091575091575
54,5,21,11.850610500610502
54,5,22,13.236111111111112
54,5,23,13.956196581196581
54,6,0,13.846153846153847
54,6,1,13.846153846153847
54,6,2,13.846153846153847
54,6,3,13.846153846153847
54,6,4,13.715659340659341
54,6,5,13.441391941391942
54,6,6,13.838827838827838
54,6,7,14.02930402930403
54,6,8,14.807692307692308
54,6,9,15.0503663003663
54,6,10,13.957875457875458
54,6,11,12.97161172161172
54,6,12,12.020604395604396
54,6,13,11.902319902319903
54,6,14,12.063492063492065
54,6,15,12.214285714285714
54,6,16,11.716575091575093
54,6,17,11.911630036630036
54,6,18,12.491300366300367
54,6,19,14.34661172161172
54,6,20,14.702228327228328
54,6,21,15.70497557997558
54,6,22,15.838827838827838
54,6,23,15.51572039072039
55,0,0,4.538461538461538
55,0,1,4.538461538461538
55,0,2,4.538461538461538
55,0,3,4.538461538461538
55,0,4,4.538461538461538
55,0,5,4.581043956043956
55,0,6,6.268131868131868
55,0,7,10.842624042624042
55,0,8,17.44176934176934
55,0,9,18.869505494505496
55,0,10,19.29532967032967
55,0,11,18.97100122100122
55,0,12,17.85320512820513
55,0,13,17.624847374847374
55,0,14,16.113858363858363
55,0,15,13.329101454101455
55,0,16,6.934479409479409
55,0,17,2.797069597069597
55,0,18,2.5714285714285716
55,0,19,2.4725274725274726
55,0,20,2.291941391941392
55,0,21,2.1446886446886446
55,0,22,2.125
55,0,23,2.021978021978022
55,1,0,2.076923076923077
55,1,1,2.076923076923077
55,1,2,2.076923076923077
55,1,3,2.076923076923077
55,1,4,2.076923076923077
55,1,5,2.208791208791209
55,1,6,4.711263736263737
55,1,7,12.927039627039628
55,1,8,23.128477078477076
55,1,9,24.446428571428573
55,1,10,24.359432234432234
55,1,11,23.084920634920636
55,1,12,22.860958485958484
55,1,13,23.117710067710068
55,1,14,20.84374236874237
55,1,15,14.448276723276724
55,1,16,3.9962398712398715
55,1,17,0.9682234432234432
55,1,18,0.6025641025641025
55,1,19,0.9592490842490842
55,1,20,0.8058608058608059
55,1,21,0.826098901098901
55,1,22,0.6923076923076923
55,1,23,0.6923076923076923
55,2,0,1.0
55,2,1,1.0
55,2,2,1.0
55,2,3,1.0
55,2,4,1.0
55,2,5,1.3264652014652016
55,2,6,4.597557997557998
55,2,7,13.765578865578865
55,2,8,25.20203962703963
55,2,9,26.80692918192918
55,2,10,27.5743894993895
55,2,11,25.675518925518926
55,2,12,23.900241425241425
55,2,13,23.611713286713286
55,2,14,20.45967920967921
55,2,15,12.927117327117326
55,2,16,3.428948828948829
55,2,17,0.3402014652014652
55,2,18,0.23015873015873017
55,2,19,0.40338827838827834
55,2,20,0.5370879120879122
55,2,21,0.6611721611721612
55,2,22,0.7912087912087913
55,2,23,0.7692307692307693
55,3,0,0.7692307692307693
55,3,1,0.7692307692307693
55,3,2,0.8333333333333334
55,3,3,0.8333333333333334
55,3,4,0.7976190476190476
55,3,5,1.130456349206349
55,3,6,3.8270502645502646
55,3,7,11.873484848484848
55,3,8,21.00479797979798
55,3,9,22.98505291005291
55,3,10,21.006898656898656
55,3,11,18.53706016206016
55,3,12,16.30986790986791
55,3,13,16.553724053724054
55,3,14,14.419871794871796
55,3,15,8.686752136752137
55,3,16,0.942987567987568
55,3,17,0.3418803418803419
55,3,18,0.3356643356643356
55,3,19,0.1282051282051282
55,3,20,0.30402930402930406
55,3,21,0.38644688644688646
55,3,22,0.6538461538461539
55,3,23,0.7005494505494506
55,4,0,0.6923076923076923
55,4,1,0.6923076923076923
55,4,2,0.6923076923076923
55,4,3,0.6923076923076923
55,4,4,0.6923076923076923
55,4,5,0.6881868131868132
55,4,6,2.3324175824175826
55,4,7,5.808363858363858
55,4,8,10.635836385836386
55,4,9,12.199175824175825
55,4,10,12.836630036630037
55,4,11,12.096275946275947
55,4,12,10.287434787434789
55,4,13,10.00124875124875
55,4,14,8.313547563547562
55,4,15,5.21553724053724
55,4,16,1.758028083028083
55,4,17,0.9821428571428571
55,4,18,1.26007326007326
55,4,19,1.815018315018315
55,4,20,1.7472527472527473
55,4,21,2.0054945054945055
55,4,22,2.1483516483516483
55,4,23,2.171245421245421
55,5,0,2.230769230769231
55,5,1,2.230769230769231
55,5,2,2.230769230769231
55,5,3,2.230769230769231
55,5,4,2.1758241758241756
55,5,5,2.1538461538461537
55,5,6,2.2032967032967035
55,5,7,2.7765567765567765
55,5,8,3.1126373626373627
55,5,9,3.417582417582418
55,5,10,3.615842490842491
55,5,11,3.592948717948718
55,5,12,2.9336080586080584
55,5,13,2.7274114774114775
55,5,14,2.673382173382173
55,5,15,2.9336080586080584
55,5,16,3.5709706959706957
55,5,17,3.424908424908425
55,5,18,3.6891025641025643
55,5,19,3.8214285714285716
55,5,20,4.071428571428571
55,5,21,3.8589743589743586
55,5,22,3.945054945054945
55,5,23,4.131868131868132
55,6,0,4.3076923076923075
55,6,1,4.3076923076923075
55,6,2,4.3076923076923075
55,6,3,4.3076923076923075
55,6,4,4.208791208791209
55,6,5,4.153846153846154
55,6,6,4.315018315018315
55,6,7,4.3809523809523805
55,6,8,4.697802197802198
55,6,9,4.965201465201465
55,6,10,4.805860805860806
55,6,11,4.538461538461538
55,6,12,4.428571428571429
55,6,13,4.623168498168498
55,6,14,4.437728937728938
55,6,15,4.500457875457875
55,6,16,4.680708180708181
55,6,17,4.749542124542125
55,6,18,4.534798534798535
55,6,19,4.423076923076923
55,6,20,4.4633699633699635
55,6,21,4.851648351648351
55,6,22,4.835164835164836
55,6,23,4.576923076923077
56,0,0,8.153846153846153
56,0,1,8.153846153846153
56,0,2,8.153846153846153
56,0,3,8.153846153846153
56,0,4,7.992673992673992
56,0,5,8.93482905982906
56,0,6,10.123321123321123
56,0,7,12.842310467310467
56,0,8,18.421853146853145
56,0,9,19.51338661338661
56,0,10,18.656593406593405
56,0,11,16.995917970917972
56,0,12,16.599603174603175
56,0,13,16.868220668220665
56,0,14,16.035561660561658
56,0,15,13.03065268065268
56,0,16,8.020521145521146
56,0,17,5.70919080919081
56,0,18,6.116941391941392
56,0,19,7.386752136752136
56,0,20,8.01449938949939
56,0,21,8.003052503052503
56,0,22,8.212454212454212
56,0,23,8.678571428571429
56,1,0,8.846153846153847
56,1,1,8.846153846153847
56,1,2,8.846153846153847
56,1,3,8.846153846153847
56,1,4,8.661630036630036
56,1,5,9.201923076923077
56,1,6,10.312942612942614
56,1,7,14.030652680652679
56,1,8,26.125135975135972
56,1,9,28.792857142857144
56,1,10,27.571672771672773
56,1,11,25.440517815517815
56,1,12,23.19131701631702
56,1,13,24.061252636252636
56,1,14,22.12057387057387
56,1,15,16.581773781773784
56,1,16,6.8419580419580415
56,1,17,3.278243978243978
56,1,18,3.3831862581862584
56,1,19,4.331196581196581
56,1,20,5.0015262515262515
56,1,21,5.329059829059829
56,1,22,4.871336996336996
56,1,23,4.988553113553114
56,2,0,6.6923076923076925
56,2,1,6.6923076923076925
56,2,2,6.6923076923076925
56,2,3,6.6923076923076925
56,2,4,6.482295482295482
56,2,5,7.871947496947497
56,2,6,8.766686091686092
56,2,7,14.262121212121212
56,2,8,23.68225663225663
56,2,9,24.632570207570208
56,2,10,24.58440170940171
56,2,11,22.98070818070818
56,2,12,20.9471250971251
56,2,13,22.04747197247197
56,2,14,21.082853257853255
56,2,15,15.517346542346543
56,2,16,8.313106338106339
56,2,17,4.523076923076923
56,2,18,3.2788461538461537
56,2,19,3.473987123987124
56,2,20,4.11462148962149
56,2,21,4.156593406593407
56,2,22,4.457417582417582
56,2,23,5.184981684981685
56,3,0,5.153846153846154
56,3,1,5.230769230769231
56,3,2,5.166666666666667
56,3,3,5.166666666666667
56,3,4,5.088789682539683
56,3,5,6.503968253968254
56,3,6,7.306845238095238
56,3,7,11.2875
56,3,8,21.06795033670034
56,3,9,22.505092592592593
56,3,10,21.68629426129426
56,3,11,20.260198135198134
56,3,12,18.39702797202797
56,3,13,18.34065934065934
56,3,14,16.92633755133755
56,3,15,13.092246642246643
56,3,16,6.9408313908313914
56,3,17,3.2797924297924297
56,3,18,3.928693528693529
56,3,19,4.082262182262182
56,3,20,4.641117216117216
56,3,21,4.6440781440781445
56,3,22,4.5537240537240535
56,3,23,4.407051282051283
56,4,0,4.461538461538462
56,4,1,4.461538461538462
56,4,2,4.461538461538462
56,4,3,4.461538461538462
56,4,4,4.254120879120879
56,4,5,4.599542124542125
56,4,6,6.018070818070819
56,4,7,8.340423465423466
56,4,8,11.043953268953269
56,4,9,11.213186813186812
56,4,10,10.503021978021978
56,4,11,9.813339438339439
56,4,12,9.438714063714063
56,4,13,9.46334498834499
56,4,14,8.301373626373627
56,4,15,7.129526029526029
56,4,16,5.9477106227106225
56,4,17,5.213245088245088
56,4,18,4.5110805860805865
56,4,19,3.9606227106227108
56,4,20,4.038461538461538
56,4,21,3.7783882783882783
56,4,22,4.039377289377289
56,4,23,4.532967032967033
56,5,0,4.945054945054945
56,5,1,5.098901098901099
56,5,2,5.153846153846154
56,5,3,5.153846153846154
56,5,4,5.230769230769231
56,5,5,5.460164835164836
56,5,6,5.750915750915751
56,5,7,5.86996336996337
56,5,8,5.755799755799756
56,5,9,5.646661671661671
56,5,10,5.107142857142857
56,5,11,4.017857142857142
56,5,12,4.279456654456654
56,5,13,5.973962148962149
56,5,14,6.4078421578421585
56,5,15,6.3272588522588515
56,5,16,6.408730158730159
56,5,17,6.9155982905982905
56,5,18,7.193986568986569
56,5,19,6.842490842490842
56,5,20,6.902472527472527
56,5,21,6.04532967032967
56,5,22,6.231227106227106
56,5,23,6.485958485958486
56,6,0,6.6410256410256405
56,6,1,6.6923076923076925
56,6,2,6.6923076923076925
56,6,3,6.6923076923076925
56,6,4,6.736263736263736
56,6,5,6.877289377289377
56,6,6,7.215201465201465
56,6,7,7.178876678876678
56,6,8,7.339896214896215
56,6,9,7.192002442002442
56,6,10,7.3423382173382175
56,6,11,7.952838827838828
56,6,12,7.426282051282052
56,6,13,7.695568320568321
56,6,14,7.437454212454213
56,6,15,8.04065934065934
56,6,16,7.780982905982905
56,6,17,8.385225885225886
56,6,18,8.931013431013431
56,6,19,9.102625152625153
56,6,20,8.73397435897436
56,6,21,8.182387057387057
56,6,22,7.73992673992674
56,6,23,8.078296703296703
57,0,0,6.6923076923076925
57,0,1,6.6923076923076925
57,0,2,6.6923076923076925
57,0,3,6.6923076923076925
57,0,4,6.452838827838828
57,0,5,6.266483516483516
57,0,6,6.095695970695971
57,0,7,6.312778887778888
57,0,8,7.632326007326008
57,0,9,7.5576923076923075
57,0,10,7.707875457875458
57,0,11,7.681410256410256
57,0,12,7.715964590964591
57,0,13,8.102564102564102
57,0,14,8.595848595848596
57,0,15,8.536477411477412
57,0,16,6.903540903540904
57,0,17,5.574084249084249
57,0,18,4.947649572649572
57,0,19,5.402472527472527
57,0,20,5.948717948717948
57,0,21,6.5054945054945055
57,0,22,6.772893772893773
57,0,23,6.571428571428571
57,1,0,6.538461538461538
57,1,1,6.538461538461538
57,1,2,6.538461538461538
57,1,3,6.538461538461538
57,1,4,6.487179487179487
57,1,5,6.313644688644688
57,1,6,5.978021978021977
57,1,7,5.724725274725275
57,1,8,8.367765567765568
57,1,9,9.017857142857142
57,1,10,8.577380952380953
57,1,11,8.101617826617828
57,1,12,7.823260073260073
57,1,13,8.29120879120879
57,1,14,9.247313797313797
57,1,15,8.897788322788323
57,1,16,7.199969474969475
57,1,17,5.347313797313797
57,1,18,5.311813186813187
57,1,19,6.148809523809524
57,1,20,6.294871794871795
57,1,21,6.938644688644688
57,1,22,6.798534798534798
57,1,23,6.5476190476190474
57,2,0,7.3076923076923075
57,2,1,7.3076923076923075
57,2,2,7.3076923076923075
57,2,3,7.3076923076923075
57,2,4,7.175824175824176
57,2,5,7.003663003663004
57,2,6,6.312271062271062
57,2,7,5.453651903651903
57,2,8,8.39041514041514
57,2,9,9.243589743589745
57,2,10,9.110653235653235
57,2,11,8.818223443223443
57,2,12,9.441575091575091
57,2,13,10.625152625152625
57,2,14,11.323260073260075
57,2,15,10.142246642246644
57,2,16,8.012545787545788
57,2,17,6.307631257631257
57,2,18,5.427808302808303
57,2,19,5.522741147741148
57,2,20,6.263736263736264
57,2,21,6.71978021978022
57,2,22,6.5572344322344325
57,2,23,6.384615384615385
57,3,0,6.384615384615385
57,3,1,6.384615384615385
57,3,2,6.083333333333333
57,3,3,6.083333333333333
57,3,4,5.982142857142858
57,3,5,5.853174603174604
57,3,6,5.249503968253968
57,3,7,5.106162818662819
57,3,8,7.726394901394902
57,3,9,8.423115079365079
57,3,10,8.780677655677655
57,3,11,8.641575091575092
57,3,12,8.702838827838828
57,3,13,9.134981684981685
57,3,14,9.352564102564102
57,3,15,8.652960927960928
57,3,16,7.380189255189255
57,3,17,5.653998778998779
57,3,18,5.6572039072039075
57,3,19,6.574175824175824
57,3,20,6.727106227106227
57,3,21,6.809523809523809
57,3,22,6.3910256410256405
57,3,23,6.400335775335775
57,4,0,6.384615384615385
57,4,1,6.384615384615385
57,4,2,6.384615384615385
57,4,3,6.384615384615385
57,4,4,6.05128205128205
57,4,5,5.6996336996337
57,4,6,5.32493894993895
57,4,7,5.275976800976801
57,4,8,6.641483516483516
57,4,9,7.088522588522588
57,4,10,7.250457875457875
57,4,11,6.7791514041514045
57,4,12,6.464285714285714
57,4,13,6.424450549450549
57,4,14,6.347069597069597
57,4,15,5.960775335775336
57,4,16,5.221611721611722
57,4,17,3.8415750915750917
57,4,18,3.203144078144078
57,4,19,3.1396520146520146
57,4,20,3.218864468864469
57,4,21,3.1891025641025643
57,4,22,3.657509157509158
57,4,23,4.250457875457875
57,5,0,4.230769230769231
57,5,1,4.230769230769231
57,5,2,4.230769230769231
57,5,3,4.230769230769231
57,5,4,4.141025641025641
57,5,5,4.0879120879120885
57,5,6,4.208791208791209
57,5,7,4.204212454212454
57,5,8,4.721459096459096
57,5,9,4.045787545787546
57,5,10,4.362637362637363
57,5,11,4.281135531135531
57,5,12,4.095238095238096
57,5,13,4.207264957264957
57,5,14,4.277747252747253
57,5,15,4.242216117216118
57,5,16,4.357600732600733
57,5,17,4.387362637362637
57,5,18,4.479395604395604
57,5,19,4.682539682539683
57,5,20,4.950549450549451
57,5,21,5.353937728937729
57,5,22,5.681318681318682
57,5,23,5.91620879120879
57,6,0,5.923076923076923
57,6,1,5.923076923076923
57,6,2,5.923076923076923
57,6,3,5.923076923076923
57,6,4,5.923076923076923
57,6,5,5.934065934065933
57,6,6,5.891941391941392
57,6,7,5.714285714285714
57,6,8,5.441849816849817
57,6,9,5.201465201465202
57,6,10,4.993131868131869
57,6,11,4.907509157509158
57,6,12,4.553113553113553
57,6,13,4.548565323565324
57,6,14,4.489010989010989
57,6,15,4.5673076923076925
57,6,16,4.752747252747253
57,6,17,4.927197802197802
57,6,18,5.053113553113553
57,6,19,5.36996336996337
57,6,20,5.571428571428571
57,6,21,5.756410256410256
57,6,22,6.258699633699634
57,6,23,6.683150183150183
58,0,0,20.076923076923077
58,0,1,20.076923076923077
58,0,2,20.076923076923077
58,0,3,20.076923076923077
58,0,4,19.994047619047617
58,0,5,20.996275946275947
58,0,6,17.858516483516485
58,0,7,18.582239982239983
58,0,8,21.190628815628813
58,0,9,21.95665445665446
58,0,10,22.763278388278387
58,0,11,23.546489621489624
58,0,12,23.41224053724054
58,0,13,24.855982905982906
58,0,14,22.6987678987679
58,0,15,19.413503163503165
58,0,16,19.220079920079918
58,0,17,19.89484126984127
58,0,18,21.44687812187812
58,0,19,23.16178266178266
58,0,20,23.86996336996337
58,0,21,24.0260989010989
58,0,22,21.5760989010989
58,0,23,20.02335164835165
58,1,0,20.076923076923077
58,1,1,20.076923076923077
58,1,2,20.076923076923077
58,1,3,20.076923076923077
58,1,4,20.2736568986569
58,1,5,20.986752136752138
58,1,6,14.437765012765015
58,1,7,19.604972804972803
58,1,8,32.914743589743594
58,1,9,34.016178266178265
58,1,10,33.27457264957265
58,1,11,33.12094017094017
58,1,12,32.94212454212454
58,1,13,34.33044178044178
58,1,14,32.05336052836053
58,1,15,26.625641025641023
58,1,16,20.471522921522926
58,1,17,19.391608391608393
58,1,18,19.79304861804862
58,1,19,17.51800976800977
58,1,20,17.42106227106227
58,1,21,17.295543345543344
58,1,22,15.056623931623932
58,1,23,13.373168498168498
58,2,0,13.153846153846153
58,2,1,13.153846153846153
58,2,2,13.153846153846153
58,2,3,13.153846153846153
58,2,4,13.45589133089133
58,2,5,15.341977466977466
58,2,6,12.146367521367521
58,2,7,16.38648018648019
58,2,8,29.53034188034188
58,2,9,29.083991008991006
58,2,10,29.57466422466422
58,2,11,30.358599733599736
58,2,12,31.57284104784105
58,2,13,32.594094794094794
58,2,14,30.74575424575425
58,2,15,26.894871794871793
58,2,16,22.437296037296036
58,2,17,19.534110334110334
58,2,18,19.745809745809748
58,2,19,18.80757020757021
58,2,20,17.94490231990232
58,2,21,17.378754578754577
58,2,22,15.862118437118436
58,2,23,14.489010989010989
58,3,0,14.538461538461538
58,3,1,14.538461538461538
58,3,2,13.916666666666666
58,3,3,13.916666666666666
58,3,4,14.814980158730158
58,3,5,15.83520622895623
58,3,6,12.39781746031746
58,3,7,18.278535353535354
58,3,8,29.346085858585855
58,3,9,28.065781440781443
58,3,10,28.230450105450107
58,3,11,28.777350427350427
58,3,12,27.48766788766789
58,3,13,28.20054945054945
58,3,14,25.992277167277166
58,3,15,21.665423465423466
58,3,16,17.753302253302255
58,3,17,15.617518592518593
58,3,18,17.507051282051282
58,3,19,16.32832722832723
58,3,20,15.562210012210013
58,3,21,14.531593406593405
58,3,22,13.44035409035409
58,3,23,11.361568986568987
58,4,0,11.23076923076923
58,4,1,11.23076923076923
58,4,2,11.23076923076923
58,4,3,11.23076923076923
58,4,4,12.105158730158731
58,4,5,16.780497280497283
58,4,6,14.767132867132867
58,4,7,15.626490176490176
58,4,8,21.574647574647575
58,4,9,22.26172161172161
58,4,10,21.972039072039074
58,4,11,22.556271506271507
58,4,12,22.209829059829058
58,4,13,24.463616938616937
58,4,14,23.215956265956265
58,4,15,19.102428127428126
58,4,16,15.201800976800977
58,4,17,15.78424630924631
58,4,18,16.8007326007326
58,4,19,16.147741147741147
58,4,20,15.54945054945055
58,4,21,15.650183150183151
58,4,22,14.039041514041514
58,4,23,12.79945054945055
58,5,0,12.846153846153847
58,5,1,12.846153846153847
58,5,2,12.846153846153847
58,5,3,12.846153846153847
58,5,4,12.846153846153847
58,5,5,12.978021978021978
58,5,6,13.08974358974359
58,5,7,12.275641025641024
58,5,8,12.239468864468865
58,5,9,12.266233766233766
58,5,10,12.198992673992674
58,5,11,13.159798534798536
58,5,12,13.803113553113551
58,5,13,15.717754467754467
58,5,14,15.41910866910867
58,5,15,15.854090354090355
58,5,16,16.727289377289377
58,5,17,16.22967032967033
58,5,18,16.374877899877898
58,5,19,16.563186813186814
58,5,20,16.156440781440782
58,5,21,15.744047619047619
58,5,22,14.737484737484738
58,5,23,14.044871794871796
58,6,0,14.0
58,6,1,14.0
58,6,2,14.0
58,6,3,14.0
58,6,4,14.0
58,6,5,13.963369963369964
58,6,6,14.062271062271062
58,6,7,13.870421245421245
58,6,8,14.397893772893772
58,6,9,14.91025641025641
58,6,10,15.129578754578755
58,6,11,16.839194139194138
58,6,12,19.037212787212788
58,6,13,20.577380952380956
58,6,14,21.524725274725274
58,6,15,20.809218559218557
58,6,16,21.409706959706963
58,6,17,22.010989010989007
58,6,18,21.924908424908423
58,6,19,21.87789987789988
58,6,20,21.949175824175825
58,6,21,21.421245421245423
58,6,22,20.307692307692307
58,6,23,20.14346764346764
59,0,0,3.1538461538461537
59,0,1,3.1538461538461537
59,0,2,3.1538461538461537
59,0,3,3.1538461538461537
59,0,4,3.10989010989011
59,0,5,2.695054945054945
59,0,6,1.8974358974358976
59,0,7,1.698870573870574
59,0,8,4.25542513042513
59,0,9,2.999847374847375
59,0,10,2.013583638583639
59,0,11,1.2486263736263736
59,0,12,1.7292429792429793
59,0,13,1.1538461538461537
59,0,14,1.198107448107448
59,0,15,1.1781135531135531
59,0,16,0.6433150183150182
59,0,17,0.6071428571428571
59,0,18,0.603021978021978
59,0,19,0.8461538461538461
59,0,20,0.9084249084249085
59,0,21,1.840201465201465
59,0,22,2.402930402930403
59,0,23,2.3695054945054945
59,1,0,2.3846153846153846
59,1,1,2.3846153846153846
59,1,2,2.3846153846153846
59,1,3,2.3846153846153846
59,1,4,2.333333333333333
59,1,5,1.6826923076923077
59,1,6,1.9916666666666667
59,1,7,2.8202158952158953
59,1,8,5.85538073038073
59,1,9,5.131227106227106
59,1,10,4.24969474969475
59,1,11,2.5565018315018313
59,1,12,3.946733821733822
59,1,13,3.3983516483516487
59,1,14,3.2367216117216113
59,1,15,2.376831501831502
59,1,16,0.6787240537240536
59,1,17,0.8910256410256411
59,1,18,2.643925518925519
59,1,19,2.714438339438339
59,1,20,2.427197802197802
59,1,21,3.2106227106227108
59,1,22,4.146886446886447
59,1,23,4.230769230769231
59,2,0,3.769230769230769
59,2,1,3.769230769230769
59,2,2,3.769230769230769
59,2,3,3.769230769230769
59,2,4,3.8021978021978025
59,2,5,3.337912087912088
59,2,6,2.4995421245421245
59,2,7,2.3724053724053724
59,2,8,7.477625152625152
59,2,9,6.74551282051282
59,2,10,4.955586080586081
59,2,11,2.627228327228327
59,2,12,3.921123321123321
59,2,13,3.373626373626374
59,2,14,3.642857142857143
59,2,15,2.599358974358974
59,2,16,2.1686507936507935
59,2,17,2.5105311355311355
59,2,18,2.7168803418803416
59,2,19,2.525030525030525
59,2,20,2.1373626373626373
59,2,21,2.605006105006105
59,2,22,3.095695970695971
59,2,23,2.907051282051282
59,3,0,2.923076923076923
59,3,1,2.923076923076923
59,3,2,3.0833333333333335
59,3,3,3.0833333333333335
59,3,4,3.0476190476190474
59,3,5,2.6944444444444446
59,3,6,2.519345238095238
59,3,7,2.526223544973545
59,3,8,6.600694444444444
59,3,9,6.836375661375661
59,3,10,5.4945054945054945
59,3,11,3.3069902319902322
59,3,12,3.6860500610500613
59,3,13,3.4497863247863245
59,3,14,3.4104090354090357
59,3,15,2.695054945054945
59,3,16,1.7715201465201464
59,3,17,2.433608058608059
59,3,18,2.991605616605616
59,3,19,3.4536019536019538
59,3,20,3.012820512820513
59,3,21,3.123168498168498
59,3,22,3.2899877899877903
59,3,23,3.0989010989010994
59,4,0,3.1153846153846154
59,4,1,3.1538461538461537
59,4,2,3.1538461538461537
59,4,3,3.1538461538461537
59,4,4,3.1538461538461537
59,4,5,2.9549755799755797
59,4,6,2.3516483516483517
59,4,7,2.888888888888889
59,4,8,6.673534798534798
59,4,9,5.889652014652015
59,4,10,4.242673992673993
59,4,11,2.647283272283272
59,4,12,2.823260073260073
59,4,13,3.573260073260073
59,4,14,3.926739926739927
59,4,15,3.9711538461538463
59,4,16,3.092948717948718
59,4,17,3.183150183150183
59,4,18,4.116758241758242
59,4,19,5.34478021978022
59,4,20,5.216117216117216
59,4,21,5.415750915750915
59,4,22,5.73580586080586
59,4,23,5.612637362637362
59,5,0,5.615384615384615
59,5,1,5.615384615384615
59,5,2,5.758241758241758
59,5,3,5.769230769230769
59,5,4,5.963369963369963
59,5,5,6.155677655677655
59,5,6,5.846153846153846
59,5,7,5.46978021978022
59,5,8,4.6506410256410255
59,5,9,3.911019536019536
59,5,10,3.029304029304029
59,5,11,2.429945054945055
59,5,12,2.4249084249084247
59,5,13,2.723901098901099
59,5,14,3.0356227106227105
59,5,15,2.8173076923076925
59,5,16,2.6923076923076925
59,5,17,2.717948717948718
59,5,18,2.6684981684981683
59,5,19,2.465659340659341
59,5,20,2.4867216117216113
59,5,21,2.8035714285714284
59,5,22,3.21978021978022
59,5,23,3.3392857142857144
59,6,0,3.3846153846153846
59,6,1,3.3846153846153846
59,6,2,3.3846153846153846
59,6,3,3.3846153846153846
59,6,4,3.3846153846153846
59,6,5,3.228937728937729
59,6,6,2.911172161172161
59,6,7,2.246794871794872
59,6,8,1.8241758241758244
59,6,9,1.5196886446886446
59,6,10,1.482875457875458
59,6,11,1.8846153846153846
59,6,12,1.6492673992673992
59,6,13,1.7042124542124542
59,6,14,1.678266178266178
59,6,15,1.3012820512820513
59,6,16,1.032967032967033
59,6,17,1.119047619047619
59,6,18,1.3571428571428572
59,6,19,1.4139194139194138
59,6,20,1.4029304029304028
59,6,21,1.8722527472527473
59,6,22,2.5586080586080584
59,6,23,3.0961538461538463
6,0,0,12.846153846153847
6,0,1,12.846153846153847
6,0,2,12.846153846153847
6,0,3,12.846153846153847
6,0,4,12.895604395604396
6,0,5,13.071550671550671
6,0,6,12.080280830280829
6,0,7,11.659459984459984
6,0,8,10.746489621489623
6,0,9,12.296886446886447
6,0,10,12.629700854700854
6,0,11,11.804273504273503
6,0,12,10.225535575535575
6,0,13,9.174603174603174
6,0,14,8.070054945054945
6,0,15,8.260225885225886
6,0,16,7.622302697302697
6,0,17,8.053477078477078
6,0,18,8.504273504273504
6,0,19,7.660989010989011
6,0,20,6.240995115995116
6,0,21,5.8778998778998774
6,0,22,5.653846153846154
6,0,23,5.812271062271062
6,1,0,5.923076923076923
6,1,1,5.923076923076923
6,1,2,5.923076923076923
6,1,3,5.923076923076923
6,1,4,5.934065934065933
6,1,5,5.4859890109890115
6,1,6,4.452411477411477
6,1,7,3.0244810744810744
6,1,8,2.948845598845599
6,1,9,3.4077533577533576
6,1,10,3.6460622710622705
6,1,11,3.842185592185592
6,1,12,3.0422771672771676
6,1,13,4.351648351648351
6,1,14,3.8446581196581198
6,1,15,2.4742368742368743
6,1,16,2.2452380952380953
6,1,17,2.943253968253968
6,1,18,3.307997557997558
6,1,19,4.286477411477412
6,1,20,4.21978021978022
6,1,21,2.7696886446886446
6,1,22,2.1373626373626373
6,1,23,2.503663003663004
6,2,0,3.1538461538461537
6,2,1,3.1538461538461537
6,2,2,3.1538461538461537
6,2,3,3.1538461538461537
6,2,4,3.0659340659340657
6,2,5,2.630189255189255
6,2,6,1.9010989010989012
6,2,7,1.6868131868131866
6,2,8,2.0195360195360195
6,2,9,2.6296703296703297
6,2,10,2.275030525030525
6,2,11,1.8773809523809524
6,2,12,2.0883699633699635
6,2,13,2.8301892551892553
6,2,14,3.3435897435897437
6,2,15,3.399669774669775
6,2,16,1.5674963924963925
6,2,17,1.467826617826618
6,2,18,2.138247863247863
6,2,19,2.7643467643467643
6,2,20,2.6475885225885225
6,2,21,1.5584554334554335
6,2,22,1.1717032967032968
6,2,23,1.049908424908425
6,3,0,1.0
6,3,1,1.0
6,3,2,1.0833333333333333
6,3,3,1.0833333333333333
6,3,4,1.0476190476190477
6,3,5,1.181547619047619
6,3,6,1.2987433862433864
6,3,7,1.1017406204906204
6,3,8,1.8399801587301585
6,3,9,3.1787367724867726
6,3,10,3.729993386243386
6,3,11,3.733852258852259
6,3,12,3.678632478632479
6,3,13,4.10505328005328
6,3,14,4.14514652014652
6,3,15,4.206837606837607
6,3,16,2.918162393162393
6,3,17,3.252877677877678
6,3,18,3.7336080586080587
6,3,19,4.322985347985348
6,3,20,4.371336996336996
6,3,21,4.235347985347985
6,3,22,3.4771062271062267
6,3,23,3.0847069597069594
6,4,0,2.923076923076923
6,4,1,2.923076923076923
6,4,2,2.9166666666666665
6,4,3,2.9166666666666665
6,4,4,2.928571428571429
6,4,5,3.023313492063492
6,4,6,2.485945767195767
6,4,7,1.7936507936507937
6,4,8,1.6037698412698411
6,4,9,2.0889550264550265
6,4,10,3.1721611721611724
6,4,11,4.351190476190476
6,4,12,3.9168803418803417
6,4,13,4.424603174603175
6,4,14,4.119413919413919
6,4,15,4.045940170940171
6,4,16,3.8805500055500057
6,4,17,4.064338439338439
6,4,18,5.988583638583639
6,4,19,8.227311577311578
6,4,20,9.056471306471307
6,4,21,9.52954822954823
6,4,22,8.127960927960928
6,4,23,7.671550671550672
6,5,0,7.461538461538462
6,5,1,7.461538461538462
6,5,2,7.461538461538462
6,5,3,7.461538461538462
6,5,4,7.461538461538462
6,5,5,8.01007326007326
6,5,6,8.24587912087912
6,5,7,7.989010989010989
6,5,8,7.960164835164836
6,5,9,8.766208791208792
6,5,10,9.057844932844933
6,5,11,9.449342324342323
6,5,12,10.117490842490842
6,5,13,10.668720168720169
6,5,14,11.13476800976801
6,5,15,12.282509157509157
6,5,16,11.481990231990231
6,5,17,11.88537851037851
6,5,18,13.130799755799757
6,5,19,14.575244200244198
6,5,20,14.786904761904763
6,5,21,13.731776556776557
6,5,22,13.150641025641026
6,5,23,12.972527472527473
6,6,0,13.0
6,6,1,13.0
6,6,2,13.0
6,6,3,13.0
6,6,4,12.948717948717949
6,6,5,12.999542124542124
6,6,6,12.987484737484738
6,6,7,12.924603174603174
6,6,8,13.280677655677655
6,6,9,13.703052503052504
6,6,10,13.678266178266178
6,6,11,13.552136752136752
6,6,12,14.087942612942614
6,6,13,14.49908424908425
6,6,14,14.538461538461538
6,6,15,14.387057387057386
6,6,16,13.479517704517706
6,6,17,13.177808302808302
6,6,18,13.621947496947497
6,6,19,13.499236874236875
6,6,20,13.551739926739925
6,6,21,12.849816849816849
6,6,22,12.66681929181929
6,6,23,12.846153846153847
60,0,0,9.923076923076923
60,0,1,9.923076923076923
60,0,2,9.923076923076923
60,0,3,9.971153846153847
60,0,4,9.41941391941392
60,0,5,8.884226884226884
60,0,6,9.174786324786325
60,0,7,6.045393495393496
60,0,8,3.987798312798313
60,0,9,4.844169719169719
60,0,10,4.837148962148962
60,0,11,5.388245088245089
60,0,12,5.637601287601287
60,0,13,6.524816849816849
60,0,14,7.491888666888666
60,0,15,7.358863358863359
60,0,16,9.968883893883893
60,0,17,14.213542013542014
60,0,18,16.034676434676435
60,0,19,17.113888888888887
60,0,20,17.6990231990232
60,0,21,18.060195360195358
60,0,22,18.298687423687422
60,0,23,20.064102564102562
60,1,0,20.67032967032967
60,1,1,20.692307692307693
60,1,2,20.692307692307693
60,1,3,20.692307692307693
60,1,4,20.128021978021977
60,1,5,18.666727716727717
60,1,6,15.604662004662003
60,1,7,8.656915306915307
60,1,8,5.6743006993007
60,1,9,4.964590964590964
60,1,10,3.688064713064713
60,1,11,4.836790986790986
60,1,12,5.178113553113553
60,1,13,5.259493284493284
60,1,14,6.3550061050061055
60,1,15,8.336802086802086
60,1,16,12.235780885780885
60,1,17,17.033547008547007
60,1,18,18.752780552780553
60,1,19,19.622924297924296
60,1,20,19.044993894993897
60,1,21,19.842551892551892
60,1,22,20.786630036630036
60,1,23,21.77396214896215
60,2,0,22.263736263736266
60,2,1,22.307692307692307
60,2,2,22.307692307692307
60,2,3,22.307692307692307
60,2,4,21.81669719169719
60,2,5,21.4006105006105
60,2,6,18.095243645243645
60,2,7,9.197494172494173
60,2,8,4.131956931956932
60,2,9,7.547710622710623
60,2,10,7.839710289710291
60,2,11,7.716708291708292
60,2,12,7.077838827838828
60,2,13,6.320521145521146
60,2,14,6.312576312576312
60,2,15,9.182378732378734
60,2,16,12.976223776223776
60,2,17,18.320071595071592
60,2,18,18.335941835941835
60,2,19,19.55509768009768
60,2,20,20.51720224220224
60,2,21,21.263675213675217
60,2,22,22.194536019536017
60,2,23,24.351373626373626
60,3,0,25.076923076923077
60,3,1,25.076923076923077
60,3,2,25.635416666666668
60,3,3,25.666666666666668
60,3,4,25.021329365079367
60,3,5,24.05820105820106
60,3,6,20.812881794131794
60,3,7,11.56388888888889
60,3,8,6.521245421245421
60,3,9,8.602722277722277
60,3,10,7.243056943056943
60,3,11,6.627819402819403
60,3,12,5.505860805860806
60,3,13,6.1929459429459435
60,3,14,8.103432678432679
60,3,15,8.434121434121435
60,3,16,11.055769230769231
60,3,17,13.077949827949826
60,3,18,14.25460372960373
60,3,19,15.014468864468864
60,3,20,15.045299145299143
60,3,21,15.511524586524587
60,3,22,16.875213675213676
60,3,23,19.291361416361415
60,4,0,19.692307692307693
60,4,1,19.692307692307693
60,4,2,19.692307692307693
60,4,3,19.692307692307693
60,4,4,18.849175824175823
60,4,5,18.552960927960928
60,4,6,16.324358974358976
60,4,7,11.831118881118881
60,4,8,5.612637362637363
60,4,9,6.008638583638584
60,4,10,6.595634920634921
60,4,11,8.180799755799756
60,4,12,10.655433455433455
60,4,13,8.828907203907203
60,4,14,8.121733821733821
60,4,15,8.141758241758241
60,4,16,9.527544677544677
60,4,17,11.706818181818182
60,4,18,12.720906870906871
60,4,19,12.402350427350427
60,4,20,12.305780330780332
60,4,21,11.1245115995116
60,4,22,12.50030525030525
60,4,23,14.50091575091575
60,5,0,14.923076923076923
60,5,1,14.967032967032967
60,5,2,15.0
60,5,3,15.0
60,5,4,14.970238095238095
60,5,5,14.602411477411477
60,5,6,14.792582417582416
60,5,7,15.312271062271064
60,5,8,13.230838605838606
60,5,9,12.3253996003996
60,5,10,10.661882561882562
60,5,11,8.243259518259519
60,5,12,7.414577089577089
60,5,13,8.736038961038961
60,5,14,9.913156288156289
60,5,15,9.003907203907204
60,5,16,9.364840714840714
60,5,17,10.468101343101344
60,5,18,10.530677655677655
60,5,19,10.40972915972916
60,5,20,9.689907314907314
60,5,21,10.334249084249084
60,5,22,11.098809523809525
60,5,23,12.141025641025642
60,6,0,12.509615384615385
60,6,1,12.538461538461538
60,6,2,12.626373626373626
60,6,3,12.692307692307692
60,6,4,12.76923076923077
60,6,5,12.630799755799757
60,6,6,11.7014652014652
60,6,7,10.64362026862027
60,6,8,9.444444444444445
60,6,9,8.735958485958486
60,6,10,5.878613053613053
60,6,11,4.671794871794872
60,6,12,6.04993894993895
60,6,13,5.52051282051282
60,6,14,4.615359640359641
60,6,15,3.8624847374847375
60,6,16,3.525641025641026
60,6,17,3.8856338106338106
60,6,18,4.392887667887668
60,6,19,4.395695970695971
60,6,20,5.508241758241758
60,6,21,6.392307692307692
60,6,22,7.854090354090355
60,6,23,9.577380952380953
61,0,0,2.3076923076923075
61,0,1,2.3076923076923075
61,0,2,2.3076923076923075
61,0,3,2.3076923076923075
61,0,4,2.2527472527472527
61,0,5,1.956043956043956
61,0,6,1.385989010989011
61,0,7,1.1404151404151404
61,0,8,0.401007326007326
61,0,9,0.18498168498168496
61,0,10,0.20054945054945056
61,0,11,0.7338217338217338
61,0,12,1.0444139194139195
61,0,13,0.7426739926739927
61,0,14,0.7863247863247863
61,0,15,0.22710622710622713
61,0,16,0.316025641025641
61,0,17,0.32783882783882784
61,0,18,0.3745421245421245
61,0,19,0.3076923076923077
61,0,20,0.38461538461538464
61,0,21,1.1543040293040294
61,0,22,1.5183150183150182
61,0,23,1.6570512820512822
61,1,0,1.6923076923076923
61,1,1,1.6923076923076923
61,1,2,1.6923076923076923
61,1,3,1.6923076923076923
61,1,4,1.6923076923076923
61,1,5,1.39010989010989
61,1,6,0.39267399267399267
61,1,7,1.007992007992008
61,1,8,0.29441391941391937
61,1,9,0.3621794871794872
61,1,10,0.3507326007326007
61,1,11,0.5842490842490842
61,1,12,0.7518315018315018
61,1,13,0.7371794871794872
61,1,14,0.613095238095238
61,1,15,0.25198412698412703
61,1,16,0.3516483516483516
61,1,17,0.49038461538461536
61,1,18,0.7623626373626374
61,1,19,1.021978021978022
61,1,20,1.316849816849817
61,1,21,2.0045787545787546
61,1,22,2.1263736263736264
61,1,23,2.0
61,2,0,2.076923076923077
61,2,1,2.076923076923077
61,2,2,2.076923076923077
61,2,3,2.076923076923077
61,2,4,2.065934065934066
61,2,5,1.596001221001221
61,2,6,0.6945970695970696
61,2,7,1.724114774114774
61,2,8,1.6399572649572651
61,2,9,1.1575091575091574
61,2,10,1.034798534798535
61,2,11,1.1591880341880343
61,2,12,1.4766483516483515
61,2,13,1.4807692307692308
61,2,14,1.4404761904761902
61,2,15,1.0645604395604396
61,2,16,1.6955128205128203
61,2,17,2.263583638583639
61,2,18,2.2005494505494503
61,2,19,2.245879120879121
61,2,20,2.4368131868131866
61,2,21,2.899267399267399
61,2,22,3.3846153846153846
61,2,23,3.582417582417582
61,3,0,3.6153846153846154
61,3,1,3.6153846153846154
61,3,2,2.5
61,3,3,2.5
61,3,4,2.4404761904761902
61,3,5,2.632936507936508
61,3,6,3.3763227513227516
61,3,7,5.098710317460317
61,3,8,5.627480158730158
61,3,9,5.267857142857143
61,3,10,5.749084249084249
61,3,11,5.357600732600732
61,3,12,5.0059523809523805
61,3,13,4.652930402930403
61,3,14,4.110347985347985
61,3,15,3.3333333333333335
61,3,16,2.146214896214896
61,3,17,2.1305860805860806
61,3,18,1.9056776556776556
61,3,19,1.7362637362637363
61,3,20,1.8919413919413919
61,3,21,2.2234432234432235
61,3,22,3.0160256410256414
61,3,23,3.0329670329670333
61,4,0,3.0
61,4,1,3.0
61,4,2,3.0
61,4,3,3.0
61,4,4,3.0
61,4,5,3.1529304029304033
61,4,6,4.566849816849817
61,4,7,5.13427960927961
61,4,8,5.559676434676434
61,4,9,5.214743589743589
61,4,10,5.147283272283273
61,4,11,4.623168498168498
61,4,12,4.007783882783883
61,4,13,4.646672771672772
61,4,14,4.452869352869353
61,4,15,3.458791208791209
61,4,16,3.0923382173382175
61,4,17,2.9555860805860807
61,4,18,3.2527472527472527
61,4,19,3.032051282051282
61,4,20,2.843864468864469
61,4,21,3.2170329670329667
61,4,22,3.8795787545787546
61,4,23,4.0085470085470085
61,5,0,4.0
61,5,1,4.0
61,5,2,4.0
61,5,3,4.0
61,5,4,4.0
61,5,5,3.8978937728937733
61,5,6,3.3516483516483513
61,5,7,3.2147435897435894
61,5,8,2.723748473748474
61,5,9,3.5875457875457877
61,5,10,3.9104395604395603
61,5,11,5.137362637362637
61,5,12,4.309523809523809
61,5,13,3.7886141636141635
61,5,14,3.167765567765568
61,5,15,2.445054945054945
61,5,16,1.9056776556776558
61,5,17,2.009157509157509
61,5,18,1.9528388278388276
61,5,19,1.858974358974359
61,5,20,1.793040293040293
61,5,21,2.1135531135531136
61,5,22,2.5755494505494507
61,5,23,2.835164835164835
61,6,0,2.8461538461538463
61,6,1,2.8461538461538463
61,6,2,2.8461538461538463
61,6,3,2.8461538461538463
61,6,4,2.8205128205128203
61,6,5,2.5952380952380953
61,6,6,2.171245421245421
61,6,7,1.8997252747252746
61,6,8,1.6282051282051282
61,6,9,1.3095238095238098
61,6,10,1.098901098901099
61,6,11,0.722985347985348
61,6,12,0.5347985347985348
61,6,13,0.2838827838827839
61,6,14,0.33882783882783885
61,6,15,0.46886446886446886
61,6,16,0.5311355311355311
61,6,17,0.6318681318681318
61,6,18,0.657967032967033
61,6,19,0.9322344322344323
61,6,20,1.0769230769230769
61,6,21,1.6205128205128205
61,6,22,2.2545787545787546
61,6,23,2.3333333333333335
62,0,0,6.076923076923077
62,0,1,6.076923076923077
62,0,2,6.076923076923077
62,0,3,6.076923076923077
62,0,4,6.624542124542125
62,0,5,7.88064713064713
62,0,6,9.355830280830281
62,0,7,14.47139527139527
62,0,8,19.35115995115995
62,0,9,20.688630813630816
62,0,10,20.19068986568987
62,0,11,19.16258741258741
62,0,12,19.620226995226997
62,0,13,19.25576923076923
62,0,14,18.093406593406595
62,0,15,15.067116217116219
62,0,16,8.363752913752915
62,0,17,5.010592185592186
62,0,18,4.358641358641359
62,0,19,4.486294261294261
62,0,20,3.361111111111111
62,0,21,3.3635531135531136
62,0,22,4.155677655677656
62,0,23,4.3076923076923075
62,1,0,4.3076923076923075
62,1,1,4.3076923076923075
62,1,2,4.3076923076923075
62,1,3,4.3076923076923075
62,1,4,5.091117216117216
62,1,5,7.024877899877899
62,1,6,10.895687645687646
62,1,7,15.720862470862471
62,1,8,24.4459595959596
62,1,9,29.17591575091575
62,1,10,30.148473748473748
62,1,11,29.73702408702409
62,1,12,28.41829836829837
62,1,13,28.77411477411477
62,1,14,27.735347985347985
62,1,15,23.317948717948717
62,1,16,11.984848484848486
62,1,17,7.507284382284382
62,1,18,5.51055611055611
62,1,19,5.258760683760684
62,1,20,3.648093573093573
62,1,21,2.2864774114774113
62,1,22,2.626373626373626
62,1,23,2.7362637362637363
62,2,0,2.769230769230769
62,2,1,2.769230769230769
62,2,2,2.769230769230769
62,2,3,2.769230769230769
62,2,4,3.4033882783882783
62,2,5,5.652777777777778
62,2,6,9.33900543900544
62,2,7,14.958236208236208
62,2,8,25.276146076146077
62,2,9,29.7981462981463
62,2,10,31.154884004884007
62,2,11,29.88030303030303
62,2,12,28.067948717948717
62,2,13,27.586136086136086
62,2,14,24.355377955377953
62,2,15,18.508275058275057
62,2,16,9.014335664335665
62,2,17,4.549261849261849
62,2,18,3.963969363969364
62,2,19,2.781532356532357
62,2,20,2.4157509157509156
62,2,21,2.3576007326007327
62,2,22,2.8809523809523805
62,2,23,3.2545787545787546
62,3,0,3.230769230769231
62,3,1,3.230769230769231
62,3,2,3.25
62,3,3,3.25
62,3,4,3.9156746031746033
62,3,5,5.236276455026455
62,3,6,7.818476430976431
62,3,7,10.883585858585858
62,3,8,15.998148148148148
62,3,9,18.217511423761422
62,3,10,19.12081807081807
62,3,11,18.78723498723499
62,3,12,18.87167277167277
62,3,13,19.071886446886445
62,3,14,17.971939171939173
62,3,15,14.612276612276613
62,3,16,8.669949494949496
62,3,17,4.7548174048174054
62,3,18,3.959129759129759
62,3,19,4.462454212454213
62,3,20,3.3746947496947497
62,3,21,2.278113553113553
62,3,22,2.883699633699634
62,3,23,3.524267399267399
62,4,0,3.5384615384615383
62,4,1,3.5384615384615383
62,4,2,3.5384615384615383
62,4,3,3.5384615384615383
62,4,4,4.412087912087912
62,4,5,6.142551892551893
62,4,6,8.152014652014653
62,4,7,10.866278166278166
62,4,8,12.710367410367411
62,4,9,13.713095238095237
62,4,10,14.232997557997559
62,4,11,13.129584304584304
62,4,12,12.944966144966145
62,4,13,12.015750915750916
62,4,14,10.006585081585083
62,4,15,7.993570318570319
62,4,16,4.213320013320013
62,4,17,2.737690087690088
62,4,18,3.2626678876678876
62,4,19,4.55503663003663
62,4,20,3.8187118437118435
62,4,21,3.392857142857143
62,4,22,4.039835164835165
62,4,23,4.868894993894994
62,5,0,5.076923076923077
62,5,1,5.076923076923077
62,5,2,5.076923076923077
62,5,3,5.076923076923077
62,5,4,5.076923076923077
62,5,5,4.948717948717948
62,5,6,4.233516483516484
62,5,7,4.2579670329670325
62,5,8,3.932539682539683
62,5,9,3.0358669108669107
62,5,10,3.377960927960928
62,5,11,4.044719169719169
62,5,12,4.073382173382173
62,5,13,2.9475302475302474
62,5,14,3.175976800976801
62,5,15,3.3433760683760685
62,5,16,3.8422466422466424
62,5,17,4.11996336996337
62,5,18,5.136996336996337
62,5,19,4.992704517704518
62,5,20,5.353205128205128
62,5,21,5.125
62,5,22,4.7339743589743595
62,5,23,4.996336996336996
62,6,0,5.076923076923077
62,6,1,5.076923076923077
62,6,2,5.076923076923077
62,6,3,5.076923076923077
62,6,4,5.115384615384615
62,6,5,5.157509157509158
62,6,6,5.190842490842491
62,6,7,5.40521978021978
62,6,8,4.432967032967033
62,6,9,4.0186202686202686
62,6,10,3.5257936507936503
62,6,11,4.122069597069597
62,6,12,4.356562881562882
62,6,13,3.7504578754578755
62,6,14,3.761935286935287
62,6,15,5.167857142857143
62,6,16,5.561172161172161
62,6,17,5.267857142857143
62,6,18,4.7725274725274724
62,6,19,5.718406593406593
62,6,20,6.133699633699634
62,6,21,6.354395604395605
62,6,22,5.928571428571429
62,6,23,6.064102564102564
63,0,0,16.307692307692307
63,0,1,16.307692307692307
63,0,2,16.307692307692307
63,0,3,16.307692307692307
63,0,4,16.423076923076923
63,0,5,16.780067155067155
63,0,6,17.56473803973804
63,0,7,18.26923076923077
63,0,8,19.458119658119656
63,0,9,19.456501831501832
63,0,10,18.3010989010989
63,0,11,17.963980463980462
63,0,12,18.37579365079365
63,0,13,19.075702075702075
63,0,14,18.612332112332112
63,0,15,17.29011544011544
63,0,16,17.84065934065934
63,0,17,19.39859584859585
63,0,18,19.39435286935287
63,0,19,19.40018315018315
63,0,20,18.644993894993895
63,0,21,17.75824175824176
63,0,22,17.924450549450547
63,0,23,17.96153846153846
63,1,0,18.0
63,1,1,18.0
63,1,2,18.0
63,1,3,18.0
63,1,4,18.124084249084248
63,1,5,18.665750915750916
63,1,6,20.268861693861695
63,1,7,20.997086247086244
63,1,8,22.41471028971029
63,1,9,23.47481684981685
63,1,10,22.905830280830283
63,1,11,23.60347985347985
63,1,12,23.38271728271728
63,1,13,22.92628205128205
63,1,14,22.40167887667888
63,1,15,20.318661893661893
63,1,16,18.776126651126653
63,1,17,19.646911421911422
63,1,18,21.749902874902872
63,1,19,21.49587912087912
63,1,20,21.219474969474966
63,1,21,19.85164835164835
63,1,22,19.5
63,1,23,18.978021978021978
63,2,0,18.923076923076923
63,2,1,18.923076923076923
63,2,2,18.923076923076923
63,2,3,18.923076923076923
63,2,4,18.065781440781443
63,2,5,14.604487179487178
63,2,6,9.54602342102342
63,2,7,13.358352758352758
63,2,8,17.287257187257186
63,2,9,20.39957264957265
63,2,10,20.557539682539684
63,2,11,18.76472693972694
63,2,12,19.607600732600734
63,2,13,19.84594017094017
63,2,14,17.479334554334553
63,2,15,15.376090576090576
63,2,16,14.260916860916861
63,2,17,14.147721722721723
63,2,18,13.780733155733156
63,2,19,13.720329670329669
63,2,20,12.909798534798536
63,2,21,10.868589743589743
63,2,22,10.26923076923077
63,2,23,9.981684981684982
63,3,0,10.0
63,3,1,10.0
63,3,2,10.833333333333334
63,3,3,10.833333333333334
63,3,4,10.888888888888888
63,3,5,11.053406084656084
63,3,6,11.863089225589226
63,3,7,13.75871212121212
63,3,8,18.090515271765273
63,3,9,19.381448412698415
63,3,10,18.347985347985347
63,3,11,17.467826617826617
63,3,12,18.702930402930402
63,3,13,19.74441391941392
63,3,14,20.316239316239315
63,3,15,18.181257631257633
63,3,16,15.343978243978244
63,3,17,14.71645299145299
63,3,18,14.468467643467644
63,3,19,14.291483516483517
63,3,20,13.943986568986569
63,3,21,12.390109890109889
63,3,22,11.860347985347984
63,3,23,11.380494505494504
63,4,0,11.307692307692308
63,4,1,11.307692307692308
63,4,2,11.307692307692308
63,4,3,11.307692307692308
63,4,4,11.172619047619047
63,4,5,10.60042735042735
63,4,6,10.184115884115885
63,4,7,12.312412587412588
63,4,8,14.163949938949939
63,4,9,14.707112332112333
63,4,10,14.563095238095238
63,4,11,14.27867132867133
63,4,12,14.886263736263736
63,4,13,13.149358974358973
63,4,14,12.215834165834167
63,4,15,12.349605949605948
63,4,16,12.794572094572096
63,4,17,12.172039072039071
63,4,18,12.864468864468865
63,4,19,13.84188034188034
63,4,20,13.867216117216117
63,4,21,13.164224664224664
63,4,22,12.140262515262517
63,4,23,11.646520146520146
63,5,0,11.615384615384615
63,5,1,11.615384615384615
63,5,2,11.615384615384615
63,5,3,11.615384615384615
63,5,4,11.365384615384615
63,5,5,11.723443223443223
63,5,6,12.263736263736263
63,5,7,12.884615384615385
63,5,8,13.338827838827838
63,5,9,13.728021978021978
63,5,10,13.611721611721613
63,5,11,13.979884004884005
63,5,12,14.514194139194139
63,5,13,15.95970695970696
63,5,14,16.81312576312576
63,5,15,16.353479853479854
63,5,16,15.633394383394384
63,5,17,15.504079254079254
63,5,18,15.170787545787546
63,5,19,14.39072039072039
63,5,20,14.21474358974359
63,5,21,14.4235347985348
63,5,22,13.95879120879121
63,5,23,13.907509157509157
63,6,0,13.923076923076923
63,6,1,13.923076923076923
63,6,2,13.923076923076923
63,6,3,13.923076923076923
63,6,4,13.984890109890111
63,6,5,14.64514652014652
63,6,6,15.093406593406595
63,6,7,15.133699633699633
63,6,8,15.369047619047619
63,6,9,15.701159951159951
63,6,10,16.66681929181929
63,6,11,16.454212454212453
63,6,12,16.59010989010989
63,6,13,16.93040293040293
63,6,14,16.748418248418247
63,6,15,17.05952380952381
63,6,16,17.1759768009768
63,6,17,17.022893772893774
63,6,18,17.06822344322344
63,6,19,16.775091575091576
63,6,20,16.756410256410255
63,6,21,16.582417582417584
63,6,22,16.18666056166056
63,6,23,16.208791208791208
64,0,0,16.846153846153847
64,0,1,16.846153846153847
64,0,2,16.846153846153847
64,0,3,16.846153846153847
64,0,4,15.947344322344323
64,0,5,13.970238095238095
64,0,6,13.943192918192919
64,0,7,12.385003885003886
64,0,8,11.822677322677324
64,0,9,12.013278388278387
64,0,10,12.014957264957266
64,0,11,11.734770784770785
64,0,12,12.121642246642248
64,0,13,13.208028083028085
64,0,14,13.03470695970696
64,0,15,13.832051282051282
64,0,16,14.83383560883561
64,0,17,16.375524475524475
64,0,18,16.498704073704076
64,0,19,15.606532356532357
64,0,20,15.490903540903542
64,0,21,16.03205128205128
64,0,22,16.34285714285714
64,0,23,16.175824175824175
64,1,0,16.153846153846153
64,1,1,16.153846153846153
64,1,2,16.153846153846153
64,1,3,16.153846153846153
64,1,4,15.829670329670328
64,1,5,12.57020757020757
64,1,6,10.960625485625485
64,1,7,9.832420357420357
64,1,8,8.806335331335331
64,1,9,9.692776667776668
64,1,10,10.676312576312577
64,1,11,10.948970473970473
64,1,12,11.418284493284492
64,1,13,11.63003663003663
64,1,14,12.219017094017094
64,1,15,15.26476578976579
64,1,16,17.87793317793318
64,1,17,21.14013209013209
64,1,18,19.853768453768453
64,1,19,18.252197802197802
64,1,20,18.002472527472527
64,1,21,18.300824175824175
64,1,22,18.994200244200243
64,1,23,19.35668498168498
64,2,0,19.76923076923077
64,2,1,19.76923076923077
64,2,2,19.76923076923077
64,2,3,19.76923076923077
64,2,4,17.767399267399266
64,2,5,10.832967032967032
64,2,6,8.982109557109556
64,2,7,8.455400155400156
64,2,8,10.305147630147632
64,2,9,10.160744810744811
64,2,10,9.740648240648241
64,2,11,10.287312687312689
64,2,12,11.869696969696971
64,2,13,12.985042735042734
64,2,14,12.443192918192919
64,2,15,13.815007215007215
64,2,16,16.82226107226107
64,2,17,19.294749694749694
64,2,18,18.564202464202463
64,2,19,16.53162393162393
64,2,20,15.6492673992674
64,2,21,15.576709401709401
64,2,22,15.697252747252747
64,2,23,15.826007326007327
64,3,0,15.846153846153847
64,3,1,15.846153846153847
64,3,2,15.571428571428571
64,3,3,15.583333333333334
64,3,4,14.63095238095238
64,3,5,10.061342592592593
64,3,6,9.368716931216932
64,3,7,6.695496632996633
64,3,8,7.228673641173642
64,3,9,7.227612433862434
64,3,10,8.428406084656084
64,3,11,9.16409632034632
64,3,12,10.527136752136753
64,3,13,10.941039516039515
64,3,14,11.394050394050394
64,3,15,12.865295815295816
64,3,16,14.485042735042734
64,3,17,14.840559440559442
64,3,18,13.976923076923075
64,3,19,13.441727716727716
64,3,20,12.644841269841269
64,3,21,11.880036630036631
64,3,22,12.422771672771672
64,3,23,13.127136752136751
64,4,0,13.384615384615385
64,4,1,13.384615384615385
64,4,2,13.384615384615385
64,4,3,13.384615384615385
64,4,4,13.384615384615385
64,4,5,13.477869352869353
64,4,6,12.924542124542125
64,4,7,12.587820512820512
64,4,8,11.722069597069597
64,4,9,10.987545787545788
64,4,10,10.878388278388277
64,4,11,9.01990231990232
64,4,12,9.16515429015429
64,4,13,9.154090354090354
64,4,14,9.665476190476191
64,4,15,11.282081807081807
64,4,16,12.515598290598291
64,4,17,11.80448717948718
64,4,18,11.5757326007326
64,4,19,11.767551892551893
64,4,20,12.196428571428573
64,4,21,12.150641025641024
64,4,22,12.370421245421246
64,4,23,12.60393772893773
64,5,0,12.692307692307692
64,5,1,12.692307692307692
64,5,2,12.692307692307692
64,5,3,12.692307692307692
64,5,4,12.659340659340659
64,5,5,12.510989010989011
64,5,6,12.751831501831502
64,5,7,12.486416361416362
64,5,8,12.329670329670328
64,5,9,11.669017094017095
64,5,10,12.00964590964591
64,5,11,11.968711843711844
64,5,12,12.028038628038628
64,5,13,12.3248778998779
64,5,14,12.846886446886447
64,5,15,12.788003663003662
64,5,16,12.676573426573428
64,5,17,11.797588522588523
64,5,18,12.898809523809522
64,5,19,12.924908424908425
64,5,20,13.005036630036631
64,5,21,12.933150183150182
64,5,22,12.716117216117217
64,5,23,12.844017094017094
64,6,0,13.0
64,6,1,13.0
64,6,2,13.0
64,6,3,13.0
64,6,4,13.0
64,6,5,12.986263736263735
64,6,6,12.713827838827838
64,6,7,12.941391941391942
64,6,8,13.268412143412142
64,6,9,13.779670329670328
64,6,10,14.211385836385837
64,6,11,14.953327228327227
64,6,12,15.96123321123321
64,6,13,16.246031746031747
64,6,14,15.785714285714286
64,6,15,16.148712398712398
64,6,16,16.629273504273502
64,6,17,16.54410866910867
64,6,18,16.652014652014653
64,6,19,16.883608058608058
64,6,20,17.037087912087912
64,6,21,17.208791208791208
64,6,22,17.05448717948718
64,6,23,16.865384615384617
65,0,0,8.461538461538462
65,0,1,8.461538461538462
65,0,2,8.461538461538462
65,0,3,8.461538461538462
65,0,4,8.458333333333332
65,0,5,7.849969474969475
65,0,6,7.956723831723831
65,0,7,18.844688644688645
65,0,8,27.927547452547454
65,0,9,26.869588744588746
65,0,10,24.399847374847376
65,0,11,20.701862026862027
65,0,12,19.80601343101343
65,0,13,19.66620324120324
65,0,14,16.85716228216228
65,0,15,8.779409479409479
65,0,16,2.7816822066822064
65,0,17,2.1982461982461983
65,0,18,2.8807081807081807
65,0,19,3.571478521478521
65,0,20,4.208424908424909
65,0,21,4.9928876678876675
65,0,22,5.2554945054945055
65,0,23,5.633241758241758
65,1,0,5.6923076923076925
65,1,1,5.6923076923076925
65,1,2,5.6923076923076925
65,1,3,5.6923076923076925
65,1,4,5.624542124542125
65,1,5,5.049847374847375
65,1,6,5.047397047397047
65,1,7,19.21153846153846
65,1,8,29.52195027195027
65,1,9,28.91865079365079
65,1,10,26.777899877899877
65,1,11,22.841602841602842
65,1,12,20.0030414030414
65,1,13,19.469322344322343
65,1,14,16.841178266178268
65,1,15,8.083449883449884
65,1,16,0.9048951048951049
65,1,17,0.7895548895548896
65,1,18,1.419230769230769
65,1,19,2.577747252747253
65,1,20,4.460592185592185
65,1,21,5.636752136752136
65,1,22,6.191575091575091
65,1,23,6.175824175824176
65,2,0,6.923076923076923
65,2,1,6.923076923076923
65,2,2,6.923076923076923
65,2,3,6.923076923076923
65,2,4,6.8791208791208796
65,2,5,6.817155067155067
65,2,6,6.1945998445998445
65,2,7,15.891025641025642
65,2,8,25.96944444444444
65,2,9,26.412876012876016
65,2,10,24.26688034188034
65,2,11,19.041491841491844
65,2,12,18.23756798756799
65,2,13,19.21505439005439
65,2,14,18.51447163947164
65,2,15,11.968298368298369
65,2,16,3.757284382284382
65,2,17,2.085042735042735
65,2,18,3.199331224331224
65,2,19,2.835805860805861
65,2,20,3.288156288156288
65,2,21,4.22008547008547
65,2,22,4.743437118437119
65,2,23,4.950549450549451
65,3,0,5.076923076923077
65,3,1,5.076923076923077
65,3,2,5.083333333333333
65,3,3,5.083333333333333
65,3,4,5.075
65,3,5,4.5747685185185185
65,3,6,4.080333092833093
65,3,7,18.47222222222222
65,3,8,31.54412878787879
65,3,9,32.23224206349206
65,3,10,29.317404817404817
65,3,11,25.42696192696193
65,3,12,20.836355311355312
65,3,13,22.190895215895218
65,3,14,21.259645909645908
65,3,15,15.46013986013986
65,3,16,5.635120435120435
65,3,17,2.0185980685980685
65,3,18,1.583993783993784
65,3,19,1.471825396825397
65,3,20,3.2331807081807082
65,3,21,3.516239316239316
65,3,22,4.166666666666667
65,3,23,4.126648351648352
65,4,0,4.230769230769231
65,4,1,4.230769230769231
65,4,2,4.230769230769231
65,4,3,4.230769230769231
65,4,4,4.128663003663004
65,4,5,3.5398962148962148
65,4,6,4.232697857697858
65,4,7,11.682983682983682
65,4,8,19.985062160062164
65,4,9,19.90485347985348
65,4,10,17.819200244200243
65,4,11,10.98520646020646
65,4,12,11.282539682539683
65,4,13,12.531807081807083
65,4,14,10.893803418803419
65,4,15,8.556870906870907
65,4,16,5.192321567321567
65,4,17,3.6012459762459765
65,4,18,3.3698717948717944
65,4,19,3.3945360195360195
65,4,20,3.0448107448107447
65,4,21,2.9455128205128203
65,4,22,4.012820512820513
65,4,23,4.451007326007327
65,5,0,4.60989010989011
65,5,1,4.769230769230769
65,5,2,4.769230769230769
65,5,3,4.769230769230769
65,5,4,4.794871794871795
65,5,5,4.720695970695971
65,5,6,4.8734737484737485
65,5,7,5.4397130647130645
65,5,8,5.62026862026862
65,5,9,4.758760683760683
65,5,10,4.076617826617826
65,5,11,3.765212565212565
65,5,12,2.5775030525030522
65,5,13,2.2904456654456657
65,5,14,2.9754273504273505
65,5,15,2.627869352869353
65,5,16,2.475885225885226
65,5,17,2.7143772893772895
65,5,18,3.575702075702076
65,5,19,3.738095238095238
65,5,20,3.581043956043956
65,5,21,3.9957264957264957
65,5,22,4.923229548229548
65,5,23,5.360347985347985
65,6,0,5.384615384615385
65,6,1,5.384615384615385
65,6,2,5.384615384615385
65,6,3,5.384615384615385
65,6,4,5.388736263736264
65,6,5,5.403846153846154
65,6,6,5.41025641025641
65,6,7,5.81043956043956
65,6,8,5.155372405372405
65,6,9,3.8908730158730154
65,6,10,2.8076923076923075
65,6,11,2.212912087912088
65,6,12,1.5515873015873016
65,6,13,1.0137057387057387
65,6,14,1.9016788766788768
65,6,15,2.570987345987346
65,6,16,3.7334554334554335
65,6,17,4.95976245976246
65,6,18,5.2758547008547
65,6,19,5.85989010989011
65,6,20,7.429029304029304
65,6,21,8.745421245421245
65,6,22,8.673992673992673
65,6,23,8.415750915750916
66,0,0,19.53846153846154
66,0,1,19.53846153846154
66,0,2,19.53846153846154
66,0,3,19.53846153846154
66,0,4,20.237026862026863
66,0,5,19.430494505494504
66,0,6,19.0254662004662
66,0,7,19.798273948273952
66,0,8,20.94074259074259
66,0,9,20.434157509157508
66,0,10,16.95598013098013
66,0,11,13.416361416361415
66,0,12,12.491144966144967
66,0,13,14.209881784881786
66,0,14,13.518259518259518
66,0,15,10.43875013875014
66,0,16,6.602602952602952
66,0,17,5.6941391941391934
66,0,18,7.069067044067044
66,0,19,10.37967587967588
66,0,20,11.939971139971139
66,0,21,14.56456043956044
66,0,22,16.28021978021978
66,0,23,16.607142857142858
66,1,0,16.615384615384617
66,1,1,16.615384615384617
66,1,2,16.615384615384617
66,1,3,16.615384615384617
66,1,4,16.829212454212453
66,1,5,15.491666666666665
66,1,6,14.153651903651904
66,1,7,9.472610722610723
66,1,8,12.332051282051282
66,1,9,15.110947385947386
66,1,10,12.572860472860473
66,1,11,8.182928182928183
66,1,12,7.506646131646131
66,1,13,9.5486568986569
66,1,14,8.709246309246309
66,1,15,3.085431235431235
66,1,16,4.132284382284382
66,1,17,5.64044289044289
66,1,18,9.238955488955488
66,1,19,12.707303807303807
66,1,20,16.71673604173604
66,1,21,19.83854756354756
66,1,22,21.50989010989011
66,1,23,22.921398046398046
66,2,0,22.833333333333332
66,2,1,22.846153846153847
66,2,2,22.846153846153847
66,2,3,22.846153846153847
66,2,4,21.988797313797313
66,2,5,17.6749222999223
66,2,6,15.216938616938618
66,2,7,13.106060606060606
66,2,8,19.243822843822844
66,2,9,23.213675213675213
66,2,10,21.45720390720391
66,2,11,15.185261960261961
66,2,12,13.22417304917305
66,2,13,13.113927738927739
66,2,14,11.791663891663891
66,2,15,5.099417249417249
66,2,16,1.98997668997669
66,2,17,3.7224941724941725
66,2,18,7.737101787101787
66,2,19,11.114724164724164
66,2,20,11.906462981462981
66,2,21,16.409337884337884
66,2,22,17.604578754578753
66,2,23,18.587412587412587
66,3,0,19.0
66,3,1,19.0
66,3,2,19.333333333333332
66,3,3,19.333333333333332
66,3,4,19.871858465608465
66,3,5,19.519002525252525
66,3,6,17.859343434343433
66,3,7,14.1875
66,3,8,16.525042087542086
66,3,9,17.65568181818182
66,3,10,15.755827505827504
66,3,11,10.334987234987235
66,3,12,9.477991452991454
66,3,13,10.872746697746699
66,3,14,10.502000777000775
66,3,15,6.143900543900544
66,3,16,3.0193861693861694
66,3,17,4.1501554001554
66,3,18,7.292909867909868
66,3,19,11.979836829836831
66,3,20,15.257997557997557
66,3,21,18.496578421578423
66,3,22,20.954517704517706
66,3,23,22.909340659340657
66,4,0,23.384615384615383
66,4,1,23.384615384615383
66,4,2,23.384615384615383
66,4,3,23.384615384615383
66,4,4,23.051490176490177
66,4,5,19.164346764346764
66,4,6,18.914024864024864
66,4,7,19.562937062937063
66,4,8,18.788811188811188
66,4,9,18.808821733821734
66,4,10,16.330880230880233
66,4,11,10.912490287490288
66,4,12,9.641317016317016
66,4,13,9.936985236985237
66,4,14,10.091025641025642
66,4,15,9.433838383838385
66,4,16,6.905594405594406
66,4,17,7.741558441558441
66,4,18,7.163558663558664
66,4,19,9.098310023310024
66,4,20,10.84007104007104
66,4,21,13.324053724053725
66,4,22,14.903144078144079
66,4,23,17.7745337995338
66,5,0,18.692307692307693
66,5,1,18.692307692307693
66,5,2,18.736263736263737
66,5,3,18.76923076923077
66,5,4,19.03113553113553
66,5,5,19.10485347985348
66,5,6,18.856379731379732
66,5,7,18.32455044955045
66,5,8,16.045787545787547
66,5,9,12.215415140415141
66,5,10,8.125774225774226
66,5,11,5.646090021090021
66,5,12,4.53018093018093
66,5,13,3.528993228993229
66,5,14,4.4297397047397045
66,5,15,3.852836052836053
66,5,16,3.900641025641026
66,5,17,5.798448773448773
66,5,18,7.1409451659451655
66,5,19,8.967113442113442
66,5,20,9.764957264957264
66,5,21,11.040048840048838
66,5,22,14.361568986568987
66,5,23,16.585561660561662
66,6,0,17.23076923076923
66,6,1,17.23076923076923
66,6,2,17.23076923076923
66,6,3,17.23076923076923
66,6,4,17.32967032967033
66,6,5,16.872313797313797
66,6,6,15.529761904761905
66,6,7,15.108302808302808
66,6,8,14.093711843711844
66,6,9,10.73666056166056
66,6,10,6.63064713064713
66,6,11,4.737645687645688
66,6,12,3.849131424131424
66,6,13,3.658971583971584
66,6,14,3.6572261072261076
66,6,15,4.300699300699301
66,6,16,6.549461649461649
66,6,17,8.762645687645689
66,6,18,10.68720446220446
66,6,19,12.003540903540905
66,6,20,14.435622710622711
66,6,21,17.000152625152626
66,6,22,18.02075702075702
66,6,23,19.32994782994783
67,0,0,18.53846153846154
67,0,1,18.53846153846154
67,0,2,18.53846153846154
67,0,3,18.53846153846154
67,0,4,19.109432234432234
67,0,5,20.716269841269842
67,0,6,25.22577145077145
67,0,7,21.269461094461096
67,0,8,18.11413308913309
67,0,9,16.703768453768454
67,0,10,14.96031746031746
67,0,11,13.856074481074481
67,0,12,15.211324786324784
67,0,13,16.029373404373406
67,0,14,16.308838383838385
67,0,15,17.197505272505275
67,0,16,13.101748251748251
67,0,17,11.354434454434454
67,0,18,12.104936729936728
67,0,19,12.845127095127095
67,0,20,14.443453768453768
67,0,21,16.125333000333
67,0,22,17.512210012210012
67,0,23,18.278846153846153
67,1,0,18.307692307692307
67,1,1,18.307692307692307
67,1,2,18.23076923076923
67,1,3,18.23076923076923
67,1,4,18.903846153846153
67,1,5,21.713797313797315
67,1,6,27.699397824397824
67,1,7,24.883527583527584
67,1,8,21.83626651126651
67,1,9,21.216727716727714
67,1,10,18.294871794871792
67,1,11,15.835528360528361
67,1,12,14.57948717948718
67,1,13,15.790984015984016
67,1,14,16.244322344322345
67,1,15,17.067171717171718
67,1,16,12.446969696969697
67,1,17,11.474592074592074
67,1,18,13.997297147297148
67,1,19,15.745823620823622
67,1,20,17.984626484626485
67,1,21,18.366211566211568
67,1,22,18.165689865689867
67,1,23,19.052655677655675
67,2,0,18.923076923076923
67,2,1,18.923076923076923
67,2,2,18.923076923076923
67,2,3,18.923076923076923
67,2,4,19.699328449328448
67,2,5,21.796811521811524
67,2,6,26.522804972804973
67,2,7,22.683333333333334
67,2,8,18.136946386946388
67,2,9,16.159126984126985
67,2,10,14.36416083916084
67,2,11,14.20543623043623
67,2,12,15.1499555999556
67,2,13,15.63498445998446
67,2,14,15.912576312576313
67,2,15,18.00710955710956
67,2,16,14.294172494172493
67,2,17,13.46013986013986
67,2,18,16.9495337995338
67,2,19,20.20277777777778
67,2,20,22.16458818958819
67,2,21,21.527017427017427
67,2,22,16.08931623931624
67,2,23,16.43360805860806
67,3,0,16.46153846153846
67,3,1,16.46153846153846
67,3,2,15.583333333333334
67,3,3,15.583333333333334
67,3,4,16.172453703703706
67,3,5,18.34560185185185
67,3,6,22.903914141414145
67,3,7,19.453914141414142
67,3,8,13.455218855218854
67,3,9,11.72010582010582
67,3,10,11.653815628815629
67,3,11,13.027311577311577
67,3,12,12.221581196581196
67,3,13,13.108821733821733
67,3,14,12.98370240870241
67,3,15,14.63525641025641
67,3,16,9.736499611499612
67,3,17,11.311732711732713
67,3,18,14.747222222222224
67,3,19,16.58848651348651
67,3,20,18.22944832944833
67,3,21,18.13490675990676
67,3,22,17.90940170940171
67,3,23,18.90399877899878
67,4,0,19.23076923076923
67,4,1,19.23076923076923
67,4,2,19.23076923076923
67,4,3,19.23076923076923
67,4,4,18.432081807081808
67,4,5,18.92869352869353
67,4,6,23.369250194250192
67,4,7,20.357459207459208
67,4,8,13.960869685869685
67,4,9,11.246520146520147
67,4,10,9.287026862026861
67,4,11,7.6494116994117
67,4,12,8.15030525030525
67,4,13,8.18481240981241
67,4,14,8.536657786657786
67,4,15,8.68463480963481
67,4,16,7.98572261072261
67,4,17,9.158469308469309
67,4,18,10.453496503496504
67,4,19,12.503205128205128
67,4,20,13.254517704517705
67,4,21,13.743040293040293
67,4,22,13.289652014652015
67,4,23,13.682081807081808
67,5,0,13.846153846153847
67,5,1,13.846153846153847
67,5,2,13.846153846153847
67,5,3,13.846153846153847
67,5,4,14.249847374847375
67,5,5,15.002289377289376
67,5,6,15.795054945054945
67,5,7,16.990323565323568
67,5,8,16.472680097680097
67,5,9,14.683608058608058
67,5,10,11.76862026862027
67,5,11,10.22655955155955
67,5,12,8.127122877122876
67,5,13,7.131118881118881
67,5,14,7.429254079254079
67,5,15,7.438611388611388
67,5,16,8.019441669441669
67,5,17,9.332600732600733
67,5,18,11.869882894882894
67,5,19,13.61959706959707
67,5,20,14.227503052503051
67,5,21,13.77031302031302
67,5,22,13.604881229881231
67,5,23,14.610347985347984
67,6,0,15.065934065934066
67,6,1,15.076923076923077
67,6,2,15.076923076923077
67,6,3,15.076923076923077
67,6,4,15.076923076923077
67,6,5,15.276556776556777
67,6,6,15.939010989010988
67,6,7,16.14270451770452
67,6,8,16.494810744810746
67,6,9,14.177625152625152
67,6,10,11.526864801864802
67,6,11,9.338830613830613
67,6,12,6.644849594849594
67,6,13,5.942052392052393
67,6,14,5.972899322899323
67,6,15,7.141755466755466
67,6,16,8.607905982905983
67,6,17,10.481268731268731
67,6,18,12.418722943722942
67,6,19,14.296345321345322
67,6,20,14.831684981684983
67,6,21,16.52396214896215
67,6,22,17.3996336996337
67,6,23,18.31700244200244
68,0,0,22.846153846153847
68,0,1,22.846153846153847
68,0,2,22.846153846153847
68,0,3,22.846153846153847
68,0,4,21.992673992673993
68,0,5,17.873840048840048
68,0,6,17.483605283605286
68,0,7,20.58260073260073
68,0,8,28.45471472971473
68,0,9,28.215484515484516
68,0,10,28.01516539016539
68,0,11,27.18648018648019
68,0,12,27.063325563325563
68,0,13,28.097496947496946
68,0,14,28.408219558219557
68,0,15,25.638306138306138
68,0,16,20.21083916083916
68,0,17,15.174203574203574
68,0,18,16.241625041625042
68,0,19,17.401079476079477
68,0,20,18.416605616605615
68,0,21,18.04410866910867
68,0,22,18.863949938949936
68,0,23,18.869047619047617
68,1,0,18.923076923076923
68,1,1,18.923076923076923
68,1,2,18.923076923076923
68,1,3,18.923076923076923
68,1,4,17.221153846153847
68,1,5,14.327505827505828
68,1,6,14.38923853923854
68,1,7,21.044289044289044
68,1,8,34.38881118881119
68,1,9,32.9748445998446
68,1,10,31.07554945054945
68,1,11,29.70609945609946
68,1,12,29.960489510489513
68,1,13,30.458041958041957
68,1,14,29.531701631701633
68,1,15,22.19133644133644
68,1,16,6.173193473193473
68,1,17,1.1081779331779331
68,1,18,2.6516400266400266
68,1,19,4.880672105672105
68,1,20,3.7746031746031745
68,1,21,3.3072760572760576
68,1,22,4.8072344322344325
68,1,23,5.447191697191697
68,2,0,4.076923076923077
68,2,1,4.076923076923077
68,2,2,4.076923076923077
68,2,3,4.076923076923077
68,2,4,4.1007326007326
68,2,5,5.179495504495505
68,2,6,8.774941724941725
68,2,7,18.534965034965037
68,2,8,34.39366744366744
68,2,9,33.70563325563326
68,2,10,32.817735042735045
68,2,11,31.34098679098679
68,2,12,30.26193806193806
68,2,13,31.663231213231214
68,2,14,30.164288489288488
68,2,15,22.143473193473195
68,2,16,8.556332556332556
68,2,17,2.074242424242424
68,2,18,3.082459207459207
68,2,19,3.748368298368298
68,2,20,3.558214008214008
68,2,21,3.9571733821733823
68,2,22,4.556166056166057
68,2,23,5.127289377289377
68,3,0,5.230769230769231
68,3,1,5.230769230769231
68,3,2,5.5
68,3,3,5.5
68,3,4,5.617063492063491
68,3,5,6.7289682539682545
68,3,6,8.928276815776817
68,3,7,16.18371212121212
68,3,8,29.20239898989899
68,3,9,30.037499999999998
68,3,10,26.943453768453768
68,3,11,28.385514485514484
68,3,12,28.465695415695414
68,3,13,29.345640470640472
68,3,14,27.90909090909091
68,3,15,22.71961926961927
68,3,16,11.279370629370629
68,3,17,3.2324148074148074
68,3,18,2.2015928515928516
68,3,19,2.814246864246864
68,3,20,2.3428626928626928
68,3,21,1.9916971916971917
68,3,22,3.4037490287490284
68,3,23,4.89484126984127
68,4,0,5.230769230769231
68,4,1,5.230769230769231
68,4,2,5.230769230769231
68,4,3,5.230769230769231
68,4,4,5.379578754578755
68,4,5,7.175727050727051
68,4,6,7.961438561438561
68,4,7,10.796853146853149
68,4,8,16.88100233100233
68,4,9,18.282828282828284
68,4,10,16.670804195804195
68,4,11,15.591977466977466
68,4,12,16.264102564102565
68,4,13,15.49438616938617
68,4,14,14.946961371961372
68,4,15,13.795648795648797
68,4,16,8.41025641025641
68,4,17,5.532245532245532
68,4,18,5.7347902097902095
68,4,19,6.615811965811966
68,4,20,6.69090354090354
68,4,21,5.796728271728272
68,4,22,6.32530525030525
68,4,23,6.042735042735043
68,5,0,6.538461538461538
68,5,1,6.538461538461538
68,5,2,6.538461538461538
68,5,3,6.538461538461538
68,5,4,6.538461538461538
68,5,5,7.793040293040293
68,5,6,9.047008547008547
68,5,7,8.868681318681318
68,5,8,7.0741480741480744
68,5,9,6.34531857031857
68,5,10,5.884021534021533
68,5,11,6.757353757353757
68,5,12,8.036510711510712
68,5,13,7.5785353535353535
68,5,14,7.144130869130868
68,5,15,8.01450493950494
68,5,16,8.714324564324563
68,5,17,9.430250305250306
68,5,18,11.923412698412697
68,5,19,12.387942612942613
68,5,20,13.422619047619047
68,5,21,14.02002442002442
68,5,22,15.474420024420025
68,5,23,15.818833943833944
68,6,0,16.13324175824176
68,6,1,16.153846153846153
68,6,2,16.153846153846153
68,6,3,16.153846153846153
68,6,4,16.21978021978022
68,6,5,18.451739926739926
68,6,6,20.97786935286935
68,6,7,22.036874236874237
68,6,8,20.06626984126984
68,6,9,17.144627594627593
68,6,10,15.509004884004884
68,6,11,15.4010434010434
68,6,12,13.881754356754357
68,6,13,13.201068376068376
68,6,14,13.517918192918192
68,6,15,15.993631368631368
68,6,16,18.175213675213676
68,6,17,20.01680264180264
68,6,18,21.69691697191697
68,6,19,22.818528693528695
68,6,20,22.487881562881565
68,6,21,22.199328449328448
68,6,22,22.780372405372404
68,6,23,22.721153846153847
69,0,0,25.615384615384617
69,0,1,25.615384615384617
69,0,2,25.615384615384617
69,0,3,25.615384615384617
69,0,4,23.967765567765568
69,0,5,20.98517871017871
69,0,6,22.477350427350423
69,0,7,25.75790598290598
69,0,8,28.80797535797536
69,0,9,31.235242535242534
69,0,10,32.06470473970474
69,0,11,31.921969696969697
69,0,12,29.93760683760684
69,0,13,28.940145965145966
69,0,14,26.702369852369852
69,0,15,26.00437062937063
69,0,16,22.448484848484846
69,0,17,17.892618492618492
69,0,18,18.9993006993007
69,0,19,20.568783993783995
69,0,20,20.06956654456654
69,0,21,18.153846153846153
69,0,22,19.301129426129425
69,0,23,19.005189255189258
69,1,0,19.0
69,1,1,19.0
69,1,2,19.0
69,1,3,19.0
69,1,4,17.958333333333336
69,1,5,17.532711732711732
69,1,6,21.789044289044288
69,1,7,28.397435897435898
69,1,8,31.782051282051285
69,1,9,32.78982128982129
69,1,10,32.71293706293706
69,1,11,32.780633255633255
69,1,12,32.06691919191919
69,1,13,30.873465423465422
69,1,14,27.287684537684534
69,1,15,26.99988344988345
69,1,16,21.51864801864802
69,1,17,9.258741258741258
69,1,18,7.522494172494173
69,1,19,7.924902874902874
69,1,20,6.21976911976912
69,1,21,3.7408702408702412
69,1,22,4.0401404151404146
69,1,23,4.2997557997558
69,2,0,3.769230769230769
69,2,1,3.769230769230769
69,2,2,3.769230769230769
69,2,3,3.769230769230769
69,2,4,4.698717948717948
69,2,5,9.56388888888889
69,2,6,15.583527583527585
69,2,7,24.581585081585082
69,2,8,31.364413364413362
69,2,9,30.458547008547008
69,2,10,29.597666222666223
69,2,11,29.617327117327118
69,2,12,28.210256410256413
69,2,13,27.769658119658118
69,2,14,24.07855477855478
69,2,15,21.625641025641023
69,2,16,15.243006993006993
69,2,17,6.688811188811188
69,2,18,5.418764568764568
69,2,19,4.229048729048729
69,2,20,3.6047286047286047
69,2,21,2.53476800976801
69,2,22,4.487595737595738
69,2,23,4.938186813186813
69,3,0,5.0
69,3,1,5.0
69,3,2,5.0
69,3,3,5.416666666666667
69,3,4,6.520337301587301
69,3,5,10.920265151515151
69,3,6,14.99608585858586
69,3,7,21.82638888888889
69,3,8,28.06628787878788
69,3,9,26.6138468013468
69,3,10,27.273504273504273
69,3,11,29.688189588189587
69,3,12,29.377622377622377
69,3,13,27.86447163947164
69,3,14,23.43177933177933
69,3,15,19.721212121212123
69,3,16,15.575757575757576
69,3,17,9.653846153846153
69,3,18,7.264801864801864
69,3,19,5.225641025641026
69,3,20,4.667621267621268
69,3,21,2.988003663003663
69,3,22,3.5753690753690752
69,3,23,3.766178266178266
69,4,0,4.153846153846154
69,4,1,4.153846153846154
69,4,2,4.153846153846154
69,4,3,4.153846153846154
69,4,4,4.83058608058608
69,4,5,8.319502719502719
69,4,6,13.21849261849262
69,4,7,18.815850815850816
69,4,8,24.276856476856477
69,4,9,26.225235875235875
69,4,10,26.92319347319347
69,4,11,29.487062937062937
69,4,12,27.01188811188811
69,4,13,23.625407925407924
69,4,14,20.318686868686868
69,4,15,19.00932400932401
69,4,16,17.593395493395494
69,4,17,15.347668997668999
69,4,18,13.137878787878787
69,4,19,12.063325563325565
69,4,20,11.041125541125542
69,4,21,8.537851037851038
69,4,22,7.3302503052503045
69,4,23,7.842948717948717
69,5,0,8.076923076923077
69,5,1,8.076923076923077
69,5,2,8.076923076923077
69,5,3,8.076923076923077
69,5,4,8.144688644688644
69,5,5,8.967490842490843
69,5,6,11.073565323565324
69,5,7,12.204151404151405
69,5,8,13.112609612609614
69,5,9,12.617501942501944
69,5,10,11.032711732711732
69,5,11,9.696581196581196
69,5,12,10.449203574203576
69,5,13,9.084615384615386
69,5,14,8.107128982128982
69,5,15,9.127683427683428
69,5,16,10.982964257964257
69,5,17,13.108993783993784
69,5,18,13.03355255855256
69,5,19,15.23665501165501
69,5,20,15.711249861249861
69,5,21,13.913827838827839
69,5,22,13.96454378954379
69,5,23,16.07973137973138
69,6,0,16.846153846153847
69,6,1,16.846153846153847
69,6,2,16.846153846153847
69,6,3,16.846153846153847
69,6,4,16.906593406593405
69,6,5,17.653540903540904
69,6,6,18.89547952047952
69,6,7,18.89636752136752
69,6,8,19.40996225996226
69,6,9,20.61807081807082
69,6,10,21.77264124764125
69,6,11,20.680400155400154
69,6,12,20.351356976356975
69,6,13,19.6507437007437
69,6,14,19.84001554001554
69,6,15,18.306623931623932
69,6,16,18.548951048951047
69,6,17,20.22000777000777
69,6,18,22.781845931845933
69,6,19,22.96350038850039
69,6,20,23.824572649572648
69,6,21,23.426218226218225
69,6,22,24.664529914529915
69,6,23,25.334554334554337
7,0,0,11.923076923076923
7,0,1,11.923076923076923
7,0,2,11.923076923076923
7,0,3,11.923076923076923
7,0,4,11.483058608058608
7,0,5,10.904761904761905
7,0,6,9.301282051282051
7,0,7,6.720421245421245
7,0,8,4.9958791208791204
7,0,9,4.667124542124542
7,0,10,7.018925518925519
7,0,11,7.7300061050061055
7,0,12,8.18482905982906
7,0,13,7.827838827838828
7,0,14,7.908882783882784
7,0,15,7.826007326007327
7,0,16,6.379334554334554
7,0,17,7.053571428571429
7,0,18,7.371245421245421
7,0,19,7.413308913308914
7,0,20,7.4496336996337
7,0,21,7.0256410256410255
7,0,22,7.064102564102564
7,0,23,7.076923076923077
7,1,0,7.076923076923077
7,1,1,7.076923076923077
7,1,2,7.076923076923077
7,1,3,7.076923076923077
7,1,4,6.728021978021977
7,1,5,6.054945054945055
7,1,6,4.028416028416029
7,1,7,2.231013431013431
7,1,8,1.5342490842490843
7,1,9,2.0454822954822953
7,1,10,4.124084249084249
7,1,11,5.068833943833943
7,1,12,7.592643467643468
7,1,13,8.435897435897436
7,1,14,8.391636141636141
7,1,15,7.920940170940171
7,1,16,7.144871794871795
7,1,17,8.0739010989011
7,1,18,7.842032967032967
7,1,19,7.594017094017095
7,1,20,7.361721611721611
7,1,21,7.574175824175825
7,1,22,7.45497557997558
7,1,23,7.384615384615385
7,2,0,6.230769230769231
7,2,1,6.230769230769231
7,2,2,6.230769230769231
7,2,3,6.230769230769231
7,2,4,5.946886446886447
7,2,5,5.74465811965812
7,2,6,5.559065934065933
7,2,7,3.823740148740148
7,2,8,1.375041625041625
7,2,9,1.2655677655677655
7,2,10,2.684676434676435
7,2,11,4.229298479298479
7,2,12,7.331043956043956
7,2,13,8.715659340659341
7,2,14,9.337454212454212
7,2,15,8.894841269841269
7,2,16,8.211752136752137
7,2,17,9.898445998445997
7,2,18,9.583333333333334
7,2,19,8.99496336996337
7,2,20,8.608669108669108
7,2,21,8.728327228327228
7,2,22,8.362637362637363
7,2,23,8.131410256410255
7,3,0,8.153846153846153
7,3,1,8.153846153846153
7,3,2,7.666666666666667
7,3,3,7.666666666666667
7,3,4,7.39484126984127
7,3,5,6.7752976190476195
7,3,6,5.662367724867725
7,3,7,3.1385040885040887
7,3,8,1.6469907407407407
7,3,9,4.423382173382174
7,3,10,7.419413919413921
7,3,11,9.31425518925519
7,3,12,10.451434676434676
7,3,13,13.56074481074481
7,3,14,14.199175824175825
7,3,15,13.37425074925075
7,3,16,13.53032523032523
7,3,17,13.215628815628815
7,3,18,12.874542124542124
7,3,19,12.538461538461538
7,3,20,12.46031746031746
7,3,21,12.323565323565324
7,3,22,12.205128205128204
7,3,23,11.857142857142858
7,4,0,11.846153846153847
7,4,1,11.846153846153847
7,4,2,11.846153846153847
7,4,3,11.846153846153847
7,4,4,11.440476190476192
7,4,5,10.813797313797313
7,4,6,9.809676434676435
7,4,7,8.16486568986569
7,4,8,5.170634920634921
7,4,9,4.270299145299145
7,4,10,5.542582417582418
7,4,11,6.676434676434677
7,4,12,9.336080586080586
7,4,13,10.701770451770452
7,4,14,12.442307692307692
7,4,15,11.303418803418804
7,4,16,12.65491452991453
7,4,17,12.648745698745698
7,4,18,12.03021978021978
7,4,19,12.177655677655679
7,4,20,12.0743006993007
7,4,21,12.222527472527473
7,4,22,12.080128205128204
7,4,23,11.173382173382173
7,5,0,11.076923076923077
7,5,1,11.076923076923077
7,5,2,11.076923076923077
7,5,3,11.076923076923077
7,5,4,11.202380952380953
7,5,5,11.157509157509157
7,5,6,10.901098901098901
7,5,7,11.152167277167278
7,5,8,11.803113553113555
7,5,9,11.433821733821734
7,5,10,11.710164835164836
7,5,11,11.952380952380953
7,5,12,11.847069597069597
7,5,13,11.535755910755912
7,5,14,11.26941391941392
7,5,15,11.383699633699633
7,5,16,11.95879120879121
7,5,17,12.088980463980464
7,5,18,12.1989010989011
7,5,19,12.61370573870574
7,5,20,13.038614163614163
7,5,21,13.516025641025639
7,5,22,13.173076923076923
7,5,23,12.576923076923077
7,6,0,12.538461538461538
7,6,1,12.538461538461538
7,6,2,12.538461538461538
7,6,3,12.538461538461538
7,6,4,12.525641025641026
7,6,5,12.434065934065934
7,6,6,12.254578754578754
7,6,7,12.224664224664224
7,6,8,12.617368742368742
7,6,9,11.74618437118437
7,6,10,11.1007326007326
7,6,11,11.146825396825395
7,6,12,11.365689865689866
7,6,13,12.131562881562882
7,6,14,12.298076923076923
7,6,15,12.230494505494505
7,6,16,12.902472527472527
7,6,17,12.539835164835164
7,6,18,11.233821733821733
7,6,19,11.102564102564104
7,6,20,11.177808302808304
7,6,21,11.21474358974359
7,6,22,11.686813186813188
7,6,23,11.877747252747252
70,0,0,13.153846153846153
70,0,1,13.21978021978022
70,0,2,13.23076923076923
70,0,3,13.23076923076923
70,0,4,13.776556776556777
70,0,5,15.357123432123432
70,0,6,13.501320901320902
70,0,7,9.297202797202797
70,0,8,9.050974025974027
70,0,9,7.097313797313797
70,0,10,8.073038073038074
70,0,11,9.43005328005328
70,0,12,10.858411033411034
70,0,13,12.55324397824398
70,0,14,14.541428016428016
70,0,15,15.676320901320903
70,0,16,17.952214452214452
70,0,17,19.04069819069819
70,0,18,18.144172494172494
70,0,19,18.39287656787657
70,0,20,18.289693639693642
70,0,21,17.987026862026863
70,0,22,17.584798534798534
70,0,23,17.356532356532355
70,1,0,17.307692307692307
70,1,1,17.307692307692307
70,1,2,17.307692307692307
70,1,3,17.307692307692307
70,1,4,17.502289377289376
70,1,5,17.557031857031856
70,1,6,15.60104895104895
70,1,7,10.55944055944056
70,1,8,15.524358974358973
70,1,9,15.003707403707402
70,1,10,14.955128205128204
70,1,11,16.747355422355422
70,1,12,17.953263403263403
70,1,13,18.45532523032523
70,1,14,18.386208236208237
70,1,15,18.8489121989122
70,1,16,17.34149184149184
70,1,17,18.565268065268064
70,1,18,16.913752913752912
70,1,19,15.247474747474747
70,1,20,14.983411033411034
70,1,21,13.304292929292929
70,1,22,13.547466422466423
70,1,23,13.960164835164836
70,2,0,12.461538461538462
70,2,1,12.461538461538462
70,2,2,12.461538461538462
70,2,3,12.461538461538462
70,2,4,12.614774114774114
70,2,5,12.70019425019425
70,2,6,11.712276612276613
70,2,7,9.153846153846153
70,2,8,15.624475524475525
70,2,9,14.299467199467198
70,2,10,14.817132867132868
70,2,11,16.11272338772339
70,2,12,17.11081973581974
70,2,13,17.458510933510933
70,2,14,17.8493006993007
70,2,15,18.411460761460763
70,2,16,17.25058275058275
70,2,17,17.747707847707847
70,2,18,15.10971250971251
70,2,19,14.04083139083139
70,2,20,14.386588411588413
70,2,21,14.532170607170608
70,2,22,14.64374236874237
70,2,23,14.583028083028085
70,3,0,14.692307692307692
70,3,1,14.692307692307692
70,3,2,14.692307692307692
70,3,3,14.25
70,3,4,14.137896825396824
70,3,5,14.317592592592591
70,3,6,13.6381734006734
70,3,7,8.527777777777777
70,3,8,11.894823232323233
70,3,9,12.081318681318681
70,3,10,10.658100233100233
70,3,11,11.72109557109557
70,3,12,12.919949494949494
70,3,13,13.678033078033078
70,3,14,14.812859362859363
70,3,15,16.624242424242425
70,3,16,17.424825174825177
70,3,17,16.882634032634034
70,3,18,14.679895104895103
70,3,19,13.266733266733267
70,3,20,14.281471306471305
70,3,21,12.49675047175047
70,3,22,13.188492063492065
70,3,23,13.63476800976801
70,4,0,13.923076923076923
70,4,1,13.923076923076923
70,4,2,13.923076923076923
70,4,3,13.923076923076923
70,4,4,13.666666666666666
70,4,5,14.471342546342546
70,4,6,13.199966699966701
70,4,7,7.7550782550782555
70,4,8,6.598057498057498
70,4,9,7.91041181041181
70,4,10,7.948870573870574
70,4,11,10.286119436119437
70,4,12,10.50545843045843
70,4,13,12.230730380730382
70,4,14,12.605205905205905
70,4,15,14.37953712953713
70,4,16,14.79125874125874
70,4,17,17.38927738927739
70,4,18,16.288655788655788
70,4,19,13.317210567210568
70,4,20,13.087698412698414
70,4,21,13.606723831723833
70,4,22,13.778374403374404
70,4,23,14.164468864468866
70,5,0,14.384615384615385
70,5,1,14.384615384615385
70,5,2,14.384615384615385
70,5,3,14.384615384615385
70,5,4,14.432692307692308
70,5,5,14.800213675213675
70,5,6,14.55006105006105
70,5,7,14.405433455433455
70,5,8,13.568162393162394
70,5,9,12.130555555555556
70,5,10,12.009848484848485
70,5,11,11.27031857031857
70,5,12,11.340268065268065
70,5,13,11.635825285825288
70,5,14,11.464024864024863
70,5,15,11.850097125097125
70,5,16,11.68131313131313
70,5,17,12.2750777000777
70,5,18,10.982284382284384
70,5,19,9.253601953601954
70,5,20,9.136599511599512
70,5,21,8.068711843711844
70,5,22,8.6498778998779
70,5,23,10.454517704517704
70,6,0,11.102564102564104
70,6,1,11.153846153846153
70,6,2,11.153846153846153
70,6,3,11.153846153846153
70,6,4,11.18864468864469
70,6,5,11.610989010989012
70,6,6,12.7742673992674
70,6,7,13.208028083028081
70,6,8,13.821031746031746
70,6,9,13.48870573870574
70,6,10,13.181507381507382
70,6,11,13.12070152070152
70,6,12,14.063064713064714
70,6,13,14.351351426351426
70,6,14,15.71103341103341
70,6,15,14.385878010878011
70,6,16,13.372630147630149
70,6,17,12.938389388389389
70,6,18,14.006837606837609
70,6,19,13.622755022755022
70,6,20,13.131465756465756
70,6,21,13.077380952380953
70,6,22,13.025183150183151
70,6,23,13.147741147741147
71,0,0,12.054945054945055
71,0,1,12.076923076923077
71,0,2,12.076923076923077
71,0,3,12.076923076923077
71,0,4,11.981684981684982
71,0,5,11.64545177045177
71,0,6,10.246009546009544
71,0,7,8.511119436119436
71,0,8,8.02097902097902
71,0,9,8.288492063492065
71,0,10,8.085012210012211
71,0,11,8.303968253968254
71,0,12,8.039640914640914
71,0,13,8.842460317460318
71,0,14,9.720390720390721
71,0,15,11.161752136752135
71,0,16,8.728010878010878
71,0,17,9.268009768009769
71,0,18,9.729517704517704
71,0,19,9.707128982128982
71,0,20,9.746031746031745
71,0,21,9.763736263736265
71,0,22,10.017399267399268
71,0,23,9.688186813186814
71,1,0,9.76923076923077
71,1,1,9.76923076923077
71,1,2,9.76923076923077
71,1,3,9.76923076923077
71,1,4,9.692307692307692
71,1,5,9.656593406593407
71,1,6,8.37056832056832
71,1,7,6.038655788655789
71,1,8,5.058255633255633
71,1,9,6.811202686202686
71,1,10,7.009004884004884
71,1,11,6.179773004773005
71,1,12,5.7081834831834835
71,1,13,7.017399267399268
71,1,14,7.4245781995782005
71,1,15,8.183022533022534
71,1,16,6.952355977355977
71,1,17,7.574175824175825
71,1,18,8.155921855921857
71,1,19,8.029761904761905
71,1,20,8.425518925518926
71,1,21,7.837148962148962
71,1,22,7.163919413919414
71,1,23,6.35515873015873
71,2,0,7.461538461538462
71,2,1,7.461538461538462
71,2,2,7.461538461538462
71,2,3,7.461538461538462
71,2,4,7.392857142857143
71,2,5,6.886904761904761
71,2,6,5.58489010989011
71,2,7,4.380827505827506
71,2,8,4.128113553113553
71,2,9,5.557331557331557
71,2,10,5.833272283272283
71,2,11,5.780006105006105
71,2,12,6.289210789210789
71,2,13,7.390598290598291
71,2,14,8.477655677655678
71,2,15,8.694347319347319
71,2,16,6.5792735042735035
71,2,17,5.35509768009768
71,2,18,5.1009379509379515
71,2,19,4.71463258963259
71,2,20,4.491586191586192
71,2,21,4.493437118437119
71,2,22,5.3177655677655675
71,2,23,5.162637362637363
71,3,0,5.153846153846154
71,3,1,5.153846153846154
71,3,2,5.25
71,3,3,5.25
71,3,4,4.974206349206349
71,3,5,4.697420634920635
71,3,6,3.9418650793650793
71,3,7,3.9933802308802306
71,3,8,4.772113997113997
71,3,9,6.7620039682539685
71,3,10,6.876678876678876
71,3,11,5.534554334554334
71,3,12,5.098884448884449
71,3,13,5.807905982905983
71,3,14,6.1215811965811975
71,3,15,7.4457597957597965
71,3,16,5.389296814296814
71,3,17,4.484665334665335
71,3,18,3.979084804084804
71,3,19,3.493131868131868
71,3,20,4.090811965811966
71,3,21,3.6594932844932844
71,3,22,3.577960927960928
71,3,23,3.9291208791208794
71,4,0,3.8461538461538463
71,4,1,3.8461538461538463
71,4,2,3.8461538461538463
71,4,3,3.8461538461538463
71,4,4,3.7142857142857144
71,4,5,3.643925518925519
71,4,6,3.0502136752136755
71,4,7,3.2243894993894995
71,4,8,3.1812881562881565
71,4,9,3.354206904206904
71,4,10,3.0782967032967035
71,4,11,3.111568986568986
71,4,12,4.619019869019869
71,4,13,5.222280497280497
71,4,14,5.27061272061272
71,4,15,4.580250305250305
71,4,16,4.0170024420024415
71,4,17,5.03011988011988
71,4,18,6.790689865689866
71,4,19,8.553876678876678
71,4,20,9.537484737484737
71,4,21,9.602564102564104
71,4,22,9.763153513153513
71,4,23,9.770604395604396
71,5,0,9.692307692307692
71,5,1,9.692307692307692
71,5,2,9.692307692307692
71,5,3,9.692307692307692
71,5,4,9.412087912087912
71,5,5,9.048992673992673
71,5,6,8.905372405372406
71,5,7,8.919871794871794
71,5,8,8.347680097680097
71,5,9,7.903540903540904
71,5,10,7.159310134310134
71,5,11,6.899572649572649
71,5,12,7.016819291819292
71,5,13,7.929334554334554
71,5,14,8.232142857142858
71,5,15,8.640750915750916
71,5,16,9.361874236874236
71,5,17,10.055921855921856
71,5,18,10.758821733821735
71,5,19,11.276556776556777
71,5,20,12.358974358974361
71,5,21,12.265567765567766
71,5,22,11.25946275946276
71,5,23,10.951007326007327
71,6,0,11.076923076923077
71,6,1,11.076923076923077
71,6,2,11.076923076923077
71,6,3,11.076923076923077
71,6,4,10.965201465201464
71,6,5,11.181929181929181
71,6,6,11.47664835164835
71,6,7,11.5485347985348
71,6,8,11.39035409035409
71,6,9,10.954945054945055
71,6,10,10.17057387057387
71,6,11,11.18586691086691
71,6,12,10.575313575313574
71,6,13,9.4746336996337
71,6,14,9.381196581196582
71,6,15,8.706623931623932
71,6,16,8.576129426129425
71,6,17,9.297771672771672
71,6,18,9.597802197802197
71,6,19,10.274725274725276
71,6,20,11.671855921855922
71,6,21,12.178418803418804
71,6,22,12.146520146520148
71,6,23,11.967032967032967
72,0,0,13.384615384615385
72,0,1,13.384615384615385
72,0,2,13.384615384615385
72,0,3,13.384615384615385
72,0,4,12.907509157509157
72,0,5,12.926739926739925
72,0,6,10.71565934065934
72,0,7,7.885309135309135
72,0,8,6.2791514041514045
72,0,9,6.548168498168498
72,0,10,8.030341880341881
72,0,11,9.93095238095238
72,0,12,10.802655677655677
72,0,13,9.309890109890109
72,0,14,9.043772893772895
72,0,15,7.50993450993451
72,0,16,6.39072039072039
72,0,17,5.952716727716728
72,0,18,5.537545787545787
72,0,19,6.298992673992673
72,0,20,6.846153846153846
72,0,21,6.697802197802198
72,0,22,6.581501831501831
72,0,23,5.978021978021977
72,1,0,5.923076923076923
72,1,1,5.923076923076923
72,1,2,5.923076923076923
72,1,3,5.923076923076923
72,1,4,5.517094017094018
72,1,5,5.456959706959707
72,1,6,3.618833943833944
72,1,7,1.458014208014208
72,1,8,1.4941697191697192
72,1,9,2.36996336996337
72,1,10,4.512362637362637
72,1,11,5.927594627594628
72,1,12,7.668498168498169
72,1,13,7.538752913752914
72,1,14,6.979242979242979
72,1,15,7.529878454878455
72,1,16,5.490717615717616
72,1,17,5.998076923076923
72,1,18,7.4745115995116
72,1,19,7.80006105006105
72,1,20,8.40521978021978
72,1,21,8.41529304029304
72,1,22,8.341575091575091
72,1,23,8.158730158730158
72,2,0,8.747252747252746
72,2,1,8.76923076923077
72,2,2,8.76923076923077
72,2,3,8.76923076923077
72,2,4,8.59661172161172
72,2,5,8.439865689865691
72,2,6,7.323545898545898
72,2,7,3.9967948717948714
72,2,8,2.4088827838827838
72,2,9,4.053113553113553
72,2,10,6.576923076923077
72,2,11,7.336385836385836
72,2,12,7.338064713064712
72,2,13,8.10546398046398
72,2,14,8.366117216117216
72,2,15,6.730450105450105
72,2,16,5.535495060495061
72,2,17,4.634151959151959
72,2,18,5.453601953601953
72,2,19,6.289377289377289
72,2,20,6.883699633699634
72,2,21,6.164835164835164
72,2,22,6.304029304029304
72,2,23,5.945054945054945
72,3,0,5.846153846153846
72,3,1,5.846153846153846
72,3,2,6.0
72,3,3,6.0
72,3,4,5.799603174603175
72,3,5,5.861111111111111
72,3,6,7.565906084656085
72,3,7,5.204476310726311
72,3,8,3.091516354016354
72,3,9,5.265046296296297
72,3,10,7.473443223443223
72,3,11,8.747924297924298
72,3,12,11.577439227439227
72,3,13,13.259829059829059
72,3,14,12.031257631257631
72,3,15,11.326434676434676
72,3,16,9.944796869796871
72,3,17,10.679537129537131
72,3,18,10.75399877899878
72,3,19,10.88415750915751
72,3,20,11.267399267399268
72,3,21,11.548076923076923
72,3,22,11.91025641025641
72,3,23,11.479395604395604
72,4,0,11.461538461538462
72,4,1,11.461538461538462
72,4,2,11.461538461538462
72,4,3,11.461538461538462
72,4,4,11.217032967032967
72,4,5,11.65473137973138
72,4,6,9.234432234432235
72,4,7,6.808058608058608
72,4,8,4.900649350649351
72,4,9,5.605311355311356
72,4,10,7.484432234432234
72,4,11,8.366805416805418
72,4,12,9.69969474969475
72,4,13,9.525335775335774
72,4,14,9.061111111111112
72,4,15,9.205200355200354
72,4,16,10.35576923076923
72,4,17,11.100660450660449
72,4,18,13.090201465201464
72,4,19,14.87469474969475
72,4,20,15.24053724053724
72,4,21,14.860958485958484
72,4,22,14.793956043956046
72,4,23,14.8264652014652
72,5,0,14.846153846153847
72,5,1,14.846153846153847
72,5,2,14.846153846153847
72,5,3,14.846153846153847
72,5,4,14.716727716727716
72,5,5,14.76923076923077
72,5,6,13.821886446886449
72,5,7,12.967948717948719
72,5,8,12.760775335775337
72,5,9,12.74114774114774
72,5,10,11.778724053724053
72,5,11,13.113400488400488
72,5,12,14.448870573870575
72,5,13,13.684598734598735
72,5,14,13.106074481074481
72,5,15,13.450396825396826
72,5,16,13.402472527472527
72,5,17,13.6256105006105
72,5,18,12.839102564102564
72,5,19,12.266483516483516
72,5,20,12.801739926739925
72,5,21,13.071886446886445
72,5,22,13.357600732600732
72,5,23,13.951159951159951
72,6,0,14.153846153846153
72,6,1,14.153846153846153
72,6,2,14.153846153846153
72,6,3,14.153846153846153
72,6,4,14.141025641025642
72,6,5,14.016025641025642
72,6,6,13.686813186813188
72,6,7,13.776862026862027
72,6,8,13.093864468864469
72,6,9,12.141025641025642
72,6,10,10.883089133089133
72,6,11,10.187423687423689
72,6,12,10.396367521367521
72,6,13,9.687881562881563
72,6,14,9.463827838827838
72,6,15,10.42002442002442
72,6,16,10.840201465201464
72,6,17,11.380616605616606
72,6,18,12.665750915750916
72,6,19,13.32948717948718
72,6,20,13.734737484737483
72,6,21,13.603479853479854
72,6,22,14.14423076923077
72,6,23,13.59569597069597
73,0,0,9.538461538461538
73,0,1,9.538461538461538
73,0,2,9.538461538461538
73,0,3,9.538461538461538
73,0,4,9.35897435897436
73,0,5,7.867063492063492
73,0,6,5.436965811965812
73,0,7,3.6956238206238203
73,0,8,3.3558608058608055
73,0,9,3.0636446886446884
73,0,10,3.2362637362637363
73,0,11,3.9018786768786766
73,0,12,5.458028083028083
73,0,13,4.7699938949938945
73,0,14,5.112789987789987
73,0,15,5.2114774114774125
73,0,16,4.4614940614940615
73,0,17,6.660347985347984
73,0,18,7.598931623931624
73,0,19,7.942338217338217
73,0,20,8.562881562881563
73,0,21,9.61584249084249
73,0,22,10.301739926739925
73,0,23,9.74908424908425
73,1,0,9.615384615384615
73,1,1,9.615384615384615
73,1,2,9.615384615384615
73,1,3,9.615384615384615
73,1,4,9.316849816849818
73,1,5,6.917735042735043
73,1,6,3.12016317016317
73,1,7,0.7371711621711621
73,1,8,0.5894355644355644
73,1,9,1.2933150183150182
73,1,10,1.4775641025641026
73,1,11,1.6645604395604394
73,1,12,3.475335775335775
73,1,13,4.210470085470086
73,1,14,3.984096459096459
73,1,15,3.6456654456654456
73,1,16,4.0487567987567985
73,1,17,6.565034965034965
73,1,18,7.705677655677656
73,1,19,7.134698634698635
73,1,20,6.765079365079365
73,1,21,7.766483516483517
73,1,22,8.670940170940172
73,1,23,8.833791208791208
73,2,0,9.076923076923077
73,2,1,9.076923076923077
73,2,2,9.076923076923077
73,2,3,9.076923076923077
73,2,4,8.793040293040294
73,2,5,6.718009768009768
73,2,6,2.3547008547008548
73,2,7,0.8156288156288156
73,2,8,0.8184981684981685
73,2,9,1.3827838827838828
73,2,10,1.4325813075813076
73,2,11,2.3525335775335776
73,2,12,4.28048063048063
73,2,13,4.353174603174603
73,2,14,5.27432844932845
73,2,15,6.6353230103230105
73,2,16,6.154195804195804
73,2,17,8.160619935619936
73,2,18,10.09529637029637
73,2,19,10.379806304806305
73,2,20,11.0503663003663
73,2,21,12.017643467643467
73,2,22,11.72994227994228
73,2,23,11.30448717948718
73,3,0,11.307692307692308
73,3,1,11.307692307692308
73,3,2,10.416666666666666
73,3,3,10.416666666666666
73,3,4,9.996031746031745
73,3,5,8.366236772486772
73,3,6,4.598941798941799
73,3,7,1.7111892736892738
73,3,8,0.8623947811447811
73,3,9,1.4174933862433863
73,3,10,2.855769230769231
73,3,11,5.862789987789989
73,3,12,8.565567765567765
73,3,13,8.084188034188035
73,3,14,7.327625152625152
73,3,15,6.973473748473749
73,3,16,5.9237984237984245
73,3,17,7.529700854700855
73,3,18,8.653266178266177
73,3,19,9.68967698967699
73,3,20,10.082722832722832
73,3,21,10.965842490842492
73,3,22,11.278083028083028
73,3,23,11.014194139194139
73,4,0,11.0
73,4,1,11.0
73,4,2,11.0
73,4,3,11.0
73,4,4,10.72069597069597
73,4,5,9.233821733821735
73,4,6,5.705699855699856
73,4,7,1.7454517704517705
73,4,8,1.0427655677655676
73,4,9,1.2983821733821732
73,4,10,1.0647130647130647
73,4,11,1.1065018315018316
73,4,12,1.6141941391941392
73,4,13,1.8396603396603397
73,4,14,5.253632478632478
73,4,15,6.591544566544566
73,4,16,7.4147824397824404
73,4,17,9.744413919413919
73,4,18,11.869988344988345
73,4,19,11.823912198912199
73,4,20,12.233516483516484
73,4,21,11.878663003663004
73,4,22,12.053846153846154
73,4,23,12.022588522588523
73,5,0,12.128205128205128
73,5,1,12.153846153846153
73,5,2,12.153846153846153
73,5,3,12.153846153846153
73,5,4,11.93040293040293
73,5,5,11.722527472527473
73,5,6,11.091575091575093
73,5,7,10.252289377289376
73,5,8,9.030952380952382
73,5,9,8.791239316239317
73,5,10,9.063858363858364
73,5,11,9.213492063492064
73,5,12,8.308394383394385
73,5,13,7.541819291819293
73,5,14,7.447202797202797
73,5,15,8.10576923076923
73,5,16,7.2273504273504265
73,5,17,7.785286935286935
73,5,18,9.05540293040293
73,5,19,9.63888888888889
73,5,20,10.308150183150182
73,5,21,10.655067155067155
73,5,22,11.259310134310134
73,5,23,11.986874236874238
73,6,0,12.23076923076923
73,6,1,12.23076923076923
73,6,2,12.23076923076923
73,6,3,12.23076923076923
73,6,4,12.463369963369964
73,6,5,12.400641025641026
73,6,6,11.71565934065934
73,6,7,9.973290598290598
73,6,8,8.97124542124542
73,6,9,7.130497280497281
73,6,10,6.5326617826617825
73,6,11,5.4964202464202465
73,6,12,4.963702963702963
73,6,13,4.827716727716727
73,6,14,5.531898656898656
73,6,15,5.960081585081586
73,6,16,6.27518315018315
73,6,17,6.74496336996337
73,6,18,7.403801753801754
73,6,19,7.082417582417582
73,6,20,8.22924297924298
73,6,21,8.421520146520146
73,6,22,9.259615384615385
73,6,23,9.597069597069597
74,0,0,13.076923076923077
74,0,1,13.076923076923077
74,0,2,13.076923076923077
74,0,3,13.076923076923077
74,0,4,12.913003663003662
74,0,5,12.224603174603175
74,0,6,9.55467032967033
74,0,7,6.6475274725274724
74,0,8,4.828479853479854
74,0,9,4.490842490842491
74,0,10,4.714438339438339
74,0,11,4.825854700854701
74,0,12,5.588064713064712
74,0,13,5.313888888888888
74,0,14,5.306776556776557
74,0,15,6.247252747252746
74,0,16,6.7772560772560775
74,0,17,10.091613941613941
74,0,18,10.365412365412366
74,0,19,10.931471306471307
74,0,20,11.131410256410255
74,0,21,11.835164835164836
74,0,22,12.304945054945055
74,0,23,12.624542124542124
74,1,0,12.76923076923077
74,1,1,12.76923076923077
74,1,2,12.76923076923077
74,1,3,12.76923076923077
74,1,4,12.717948717948719
74,1,5,11.950854700854702
74,1,6,8.761896436896437
74,1,7,6.194710844710845
74,1,8,4.0007464757464755
74,1,9,3.901098901098901
74,1,10,4.556318681318682
74,1,11,4.3173076923076925
74,1,12,6.307173382173382
74,1,13,7.488553113553114
74,1,14,7.642673992673992
74,1,15,8.591239316239315
74,1,16,9.459304584304585
74,1,17,11.169688644688645
74,1,18,11.611080586080586
74,1,19,11.929945054945055
74,1,20,12.25946275946276
74,1,21,12.840659340659341
74,1,22,13.74908424908425
74,1,23,14.067307692307692
74,2,0,15.076923076923077
74,2,1,15.076923076923077
74,2,2,15.076923076923077
74,2,3,15.076923076923077
74,2,4,14.992673992673993
74,2,5,13.926892551892552
74,2,6,10.986860361860362
74,2,7,7.327949827949828
74,2,8,5.480627705627706
74,2,9,4.7713120213120215
74,2,10,5.632478632478633
74,2,11,5.218711843711843
74,2,12,6.62557165057165
74,2,13,7.060073260073261
74,2,14,7.3202991452991455
74,2,15,7.290195915195915
74,2,16,7.865800865800865
74,2,17,9.563217338217338
74,2,18,9.961507936507937
74,2,19,11.454670329670328
74,2,20,11.586843711843711
74,2,21,11.930097680097681
74,2,22,12.834249084249084
74,2,23,13.24114774114774
74,3,0,13.384615384615385
74,3,1,13.461538461538462
74,3,2,13.461538461538462
74,3,3,13.833333333333334
74,3,4,13.714285714285715
74,3,5,12.593584656084657
74,3,6,9.802182539682539
74,3,7,6.283531746031746
74,3,8,4.197129028379028
74,3,9,4.6933201058201055
74,3,10,6.3414224664224665
74,3,11,6.426678876678877
74,3,12,8.859676434676434
74,3,13,9.148809523809524
74,3,14,9.132020757020758
74,3,15,12.627045177045177
74,3,16,13.88119658119658
74,3,17,14.14879564879565
74,3,18,14.100813075813077
74,3,19,15.536752136752138
74,3,20,16.612026862026863
74,3,21,17.2002442002442
74,3,22,17.92216117216117
74,3,23,18.093406593406595
74,4,0,18.076923076923077
74,4,1,18.076923076923077
74,4,2,18.076923076923077
74,4,3,18.076923076923077
74,4,4,17.926739926739927
74,4,5,16.558760683760685
74,4,6,13.927197802197801
74,4,7,10.398365523365523
74,4,8,8.897588522588523
74,4,9,8.487637362637363
74,4,10,8.041514041514041
74,4,11,8.677655677655677
74,4,12,10.129578754578754
74,4,13,11.264499389499388
74,4,14,12.800269175269175
74,4,15,14.361294261294262
74,4,16,16.784004884004883
74,4,17,17.71141636141636
74,4,18,17.40595238095238
74,4,19,17.348026973026972
74,4,20,17.661477411477414
74,4,21,17.941849816849818
74,4,22,18.35042735042735
74,4,23,18.480616605616607
74,5,0,18.615384615384617
74,5,1,18.615384615384617
74,5,2,18.615384615384617
74,5,3,18.615384615384617
74,5,4,18.5
74,5,5,18.08272283272283
74,5,6,17.240384615384617
74,5,7,16.514957264957268
74,5,8,15.420299145299147
74,5,9,15.04090354090354
74,5,10,15.410908535908534
74,5,11,15.850579975579977
74,5,12,16.89270451770452
74,5,13,17.02518315018315
74,5,14,17.084859584859586
74,5,15,16.074725274725274
74,5,16,16.341117216117215
74,5,17,15.693040293040294
74,5,18,14.83440170940171
74,5,19,14.683302808302809
74,5,20,15.03052503052503
74,5,21,14.77106227106227
74,5,22,14.347527472527473
74,5,23,14.354395604395604
74,6,0,14.384615384615385
74,6,1,14.45054945054945
74,6,2,14.461538461538462
74,6,3,14.461538461538462
74,6,4,14.494505494505496
74,6,5,14.374633699633701
74,6,6,14.402930402930403
74,6,7,13.80448717948718
74,6,8,13.441086691086692
74,6,9,12.728021978021978
74,6,10,11.8254218004218
74,6,11,11.246336996336996
74,6,12,10.516544566544566
74,6,13,10.757234432234432
74,6,14,11.239835164835164
74,6,15,11.552197802197801
74,6,16,11.542368742368742
74,6,17,11.69065934065934
74,6,18,12.051282051282053
74,6,19,12.418650793650793
74,6,20,12.434523809523808
74,6,21,12.764652014652016
74,6,22,13.506623931623931
74,6,23,13.078296703296703
75,0,0,13.076923076923077
75,0,1,13.076923076923077
75,0,2,13.076923076923077
75,0,3,13.076923076923077
75,0,4,13.076923076923077
75,0,5,12.066350316350317
75,0,6,11.702874902874903
75,0,7,6.445313020313021
75,0,8,3.2780830280830284
75,0,9,4.41941391941392
75,0,10,5.885225885225885
75,0,11,7.197802197802198
75,0,12,8.600274725274726
75,0,13,10.515506715506715
75,0,14,12.817460317460318
75,0,15,13.624173049173049
75,0,16,12.738270063270063
75,0,17,12.397455322455322
75,0,18,12.726526251526252
75,0,19,13.040842490842492
75,0,20,13.436355311355312
75,0,21,14.139652014652016
75,0,22,14.126831501831502
75,0,23,14.153846153846153
75,1,0,14.153846153846153
75,1,1,14.153846153846153
75,1,2,14.153846153846153
75,1,3,14.153846153846153
75,1,4,14.084249084249084
75,1,5,13.78131868131868
75,1,6,13.417604617604617
75,1,7,7.165567765567766
75,1,8,2.430830280830281
75,1,9,3.6809829059829062
75,1,10,6.32960927960928
75,1,11,7.636294261294261
75,1,12,9.051948051948052
75,1,13,11.764652014652016
75,1,14,13.212065712065712
75,1,15,12.183904983904984
75,1,16,14.076223776223777
75,1,17,16.04690587190587
75,1,18,19.09092574092574
75,1,19,19.632631257631257
75,1,20,19.845238095238095
75,1,21,20.42032967032967
75,1,22,20.66346153846154
75,1,23,20.621642246642246
75,2,0,21.53846153846154
75,2,1,21.53846153846154
75,2,2,21.53846153846154
75,2,3,21.53846153846154
75,2,4,21.432692307692307
75,2,5,21.03846153846154
75,2,6,22.153352203352203
75,2,7,15.43892773892774
75,2,8,7.834096459096459
75,2,9,6.4971001221001226
75,2,10,5.718864468864469
75,2,11,5.715659340659341
75,2,12,5.919566544566544
75,2,13,8.688369963369963
75,2,14,11.797924297924299
75,2,15,11.358799533799534
75,2,16,13.052020202020202
75,2,17,14.962839937839938
75,2,18,17.614285714285714
75,2,19,18.45467032967033
75,2,20,17.9739010989011
75,2,21,18.84539072039072
75,2,22,18.94410866910867
75,2,23,19.255494505494507
75,3,0,19.307692307692307
75,3,1,19.307692307692307
75,3,2,18.416666666666668
75,3,3,18.416666666666668
75,3,4,18.35515873015873
75,3,5,19.617559523809526
75,3,6,21.50843253968254
75,3,7,16.33497474747475
75,3,8,9.081003487253488
75,3,9,10.033035714285715
75,3,10,14.185134310134309
75,3,11,13.997832722832722
75,3,12,13.226678876678877
75,3,13,13.696275946275945
75,3,14,15.553907203907205
75,3,15,14.760644910644912
75,3,16,15.173948273948273
75,3,17,17.063028638028637
75,3,18,17.892399267399266
75,3,19,18.638125763125764
75,3,20,19.445054945054945
75,3,21,20.76248473748474
75,3,22,20.687271062271062
75,3,23,21.690934065934066
75,4,0,21.846153846153847
75,4,1,21.846153846153847
75,4,2,21.846153846153847
75,4,3,21.846153846153847
75,4,4,21.774725274725274
75,4,5,21.61431623931624
75,4,6,22.05338827838828
75,4,7,19.643412143412142
75,4,8,17.53021978021978
75,4,9,16.890720390720393
75,4,10,16.99406426906427
75,4,11,16.064646464646465
75,4,12,17.10989010989011
75,4,13,18.158730158730158
75,4,14,18.372716172716174
75,4,15,18.413863913863914
75,4,16,17.822216672216673
75,4,17,17.695909645909644
75,4,18,16.561904761904763
75,4,19,16.073565323565326
75,4,20,16.075091575091577
75,4,21,16.142399267399266
75,4,22,15.337759462759463
75,4,23,15.391483516483516
75,5,0,15.461538461538462
75,5,1,15.461538461538462
75,5,2,15.461538461538462
75,5,3,15.461538461538462
75,5,4,15.234432234432234
75,5,5,15.027014652014653
75,5,6,15.324725274725274
75,5,7,15.488553113553113
75,5,8,15.735347985347984
75,5,9,16.88537851037851
75,5,10,16.992032967032966
75,5,11,18.203663003663003
75,5,12,19.34747474747475
75,5,13,19.705780330780332
75,5,14,19.197191697191695
75,5,15,17.635347985347984
75,5,16,17.898931623931624
75,5,17,16.404914529914528
75,5,18,14.5233016983017
75,5,19,13.338125763125763
75,5,20,12.856227106227106
75,5,21,12.457875457875458
75,5,22,12.711538461538462
75,5,23,13.677655677655679
75,6,0,13.76923076923077
75,6,1,13.76923076923077
75,6,2,13.76923076923077
75,6,3,13.76923076923077
75,6,4,13.76923076923077
75,6,5,13.578754578754578
75,6,6,13.361263736263737
75,6,7,13.106990231990231
75,6,8,12.445054945054945
75,6,9,14.530128205128205
75,6,10,14.117612942612944
75,6,11,13.029151404151404
75,6,12,13.373962148962148
75,6,13,14.043040293040292
75,6,14,12.983669108669108
75,6,15,11.894597069597069
75,6,16,12.681227106227105
75,6,17,12.223901098901099
75,6,18,11.480311355311356
75,6,19,11.47924297924298
75,6,20,11.117673992673993
75,6,21,11.45970695970696
75,6,22,12.611904761904762
75,6,23,13.053571428571429
76,0,0,7.602564102564102
76,0,1,7.615384615384615
76,0,2,7.615384615384615
76,0,3,7.615384615384615
76,0,4,6.775946275946276
76,0,5,3.2274114774114775
76,0,6,1.2996031746031744
76,0,7,1.6226495726495727
76,0,8,1.156898656898657
76,0,9,1.924908424908425
76,0,10,2.806776556776557
76,0,11,5.1335470085470085
76,0,12,6.028540903540904
76,0,13,5.142094017094018
76,0,14,5.202075702075702
76,0,15,4.99496336996337
76,0,16,4.973698523698524
76,0,17,6.662057387057387
76,0,18,8.828321678321679
76,0,19,10.065323565323565
76,0,20,10.841117216117215
76,0,21,11.093101343101344
76,0,22,12.86370573870574
76,0,23,13.53464590964591
76,1,0,13.538461538461538
76,1,1,13.538461538461538
76,1,2,13.538461538461538
76,1,3,13.538461538461538
76,1,4,12.639652014652016
76,1,5,7.240079365079366
76,1,6,2.7866272616272614
76,1,7,1.2413919413919414
76,1,8,0.4560439560439561
76,1,9,0.309981684981685
76,1,10,0.6593406593406593
76,1,11,1.8241480741480744
76,1,12,4.912240537240537
76,1,13,6.463675213675213
76,1,14,9.09490231990232
76,1,15,9.484279609279609
76,1,16,9.41413863913864
76,1,17,12.045460095460097
76,1,18,14.325183150183149
76,1,19,15.930494505494506
76,1,20,16.708791208791208
76,1,21,18.113858363858363
76,1,22,20.30238095238095
76,1,23,21.218406593406595
76,2,0,22.53846153846154
76,2,1,22.53846153846154
76,2,2,22.53846153846154
76,2,3,22.53846153846154
76,2,4,21.630494505494504
76,2,5,16.912354312354314
76,2,6,11.670798645798644
76,2,7,6.866677766677767
76,2,8,2.321109446109446
76,2,9,2.1981379731379733
76,2,10,2.51510989010989
76,2,11,4.4216616716616715
76,2,12,7.725579975579976
76,2,13,7.8769841269841265
76,2,14,10.607509157509158
76,2,15,11.448260073260075
76,2,16,11.68529526029526
76,2,17,13.2985347985348
76,2,18,15.228876678876677
76,2,19,17.385286935286935
76,2,20,18.62087912087912
76,2,21,20.388431013431013
76,2,22,22.5279304029304
76,2,23,23.24771062271062
76,3,0,23.46153846153846
76,3,1,23.46153846153846
76,3,2,23.583333333333332
76,3,3,23.583333333333332
76,3,4,22.902777777777775
76,3,5,17.574335618085616
76,3,6,11.687037037037037
76,3,7,5.554307960557961
76,3,8,1.9255952380952381
76,3,9,1.8323412698412698
76,3,10,3.656135531135531
76,3,11,3.4652930402930404
76,3,12,6.90467032967033
76,3,13,8.281105006105006
76,3,14,11.157234432234434
76,3,15,10.526190476190475
76,3,16,10.539133089133088
76,3,17,12.241866466866467
76,3,18,14.052167277167277
76,3,19,15.494963369963369
76,3,20,17.082112332112334
76,3,21,18.27032967032967
76,3,22,20.699175824175825
76,3,23,21.11813186813187
76,4,0,21.384615384615383
76,4,1,21.45054945054945
76,4,2,21.46153846153846
76,4,3,21.46153846153846
76,4,4,20.847619047619048
76,4,5,16.87305472305472
76,4,6,12.412973137973138
76,4,7,8.757348207348208
76,4,8,5.682281607281608
76,4,9,5.320512820512821
76,4,10,5.2394993894993895
76,4,11,5.979151404151405
76,4,12,7.525702075702076
76,4,13,7.538794538794539
76,4,14,10.017970917970917
76,4,15,9.94572927072927
76,4,16,9.170085470085471
76,4,17,9.35460927960928
76,4,18,8.75473137973138
76,4,19,7.808608058608058
76,4,20,8.578205128205129
76,4,21,10.003205128205128
76,4,22,12.817612942612943
76,4,23,13.563553113553114
76,5,0,13.692307692307692
76,5,1,13.692307692307692
76,5,2,13.692307692307692
76,5,3,13.692307692307692
76,5,4,13.288461538461538
76,5,5,11.751068376068377
76,5,6,9.91025641025641
76,5,7,10.169566544566543
76,5,8,11.598304473304474
76,5,9,11.204212454212454
76,5,10,11.633119658119657
76,5,11,10.180361305361306
76,5,12,8.63429625929626
76,5,13,11.532692307692308
76,5,14,10.765984015984015
76,5,15,9.241536241536242
76,5,16,9.050213675213675
76,5,17,7.1941391941391934
76,5,18,7.0059523809523805
76,5,19,6.320512820512821
76,5,20,5.95970695970696
76,5,21,6.538461538461538
76,5,22,9.094627594627594
76,5,23,10.007326007326007
76,6,0,10.23076923076923
76,6,1,10.23076923076923
76,6,2,10.23076923076923
76,6,3,10.23076923076923
76,6,4,9.860805860805861
76,6,5,8.277319902319903
76,6,6,6.28525641025641
76,6,7,6.187271062271062
76,6,8,6.485958485958486
76,6,9,7.145787545787545
76,6,10,5.831196581196581
76,6,11,4.717460317460318
76,6,12,4.351251526251526
76,6,13,3.857295482295482
76,6,14,2.6106532356532357
76,6,15,2.402014652014652
76,6,16,3.435683760683761
76,6,17,3.457264957264957
76,6,18,2.61996336996337
76,6,19,2.5782967032967035
76,6,20,3.0541819291819294
76,6,21,4.477564102564103
76,6,22,6.396245421245421
76,6,23,7.4006410256410255
77,0,0,23.46153846153846
77,0,1,23.46153846153846
77,0,2,23.46153846153846
77,0,3,23.46153846153846
77,0,4,23.260073260073263
77,0,5,19.801251526251527
77,0,6,15.068833943833944
77,0,7,12.009798534798534
77,0,8,13.73021978021978
77,0,9,12.4267094017094
77,0,10,11.8015873015873
77,0,11,11.514013764013765
77,0,12,13.907925407925408
77,0,13,14.521825396825395
77,0,14,14.313797313797314
77,0,15,13.743037518037518
77,0,16,14.308372183372184
77,0,17,15.214041514041515
77,0,18,16.205128205128204
77,0,19,16.60424297924298
77,0,20,17.348443223443223
77,0,21,17.54471916971917
77,0,22,18.599969474969473
77,0,23,18.339285714285715
77,1,0,18.307692307692307
77,1,1,18.307692307692307
77,1,2,18.307692307692307
77,1,3,18.307692307692307
77,1,4,18.671703296703296
77,1,5,18.215262515262516
77,1,6,14.380189255189254
77,1,7,10.741933066933067
77,1,8,10.960958485958486
77,1,9,9.890079365079364
77,1,10,8.691666666666666
77,1,11,9.16056721056721
77,1,12,11.104645354645355
77,1,13,11.473482073482074
77,1,14,11.160422910422911
77,1,15,10.581349206349207
77,1,16,8.75995670995671
77,1,17,9.239241314241314
77,1,18,9.502991452991454
77,1,19,10.346275946275947
77,1,20,10.578754578754578
77,1,21,10.205433455433454
77,1,22,10.937271062271064
77,1,23,10.887362637362637
77,2,0,11.846153846153847
77,2,1,11.846153846153847
77,2,2,11.846153846153847
77,2,3,11.846153846153847
77,2,4,12.076923076923077
77,2,5,11.237551337551338
77,2,6,9.687728937728938
77,2,7,8.155633255633255
77,2,8,10.17615995115995
77,2,9,9.885134310134308
77,2,10,10.317704517704518
77,2,11,9.774528249528249
77,2,12,11.261305361305363
77,2,13,11.957264957264957
77,2,14,12.356235431235431
77,2,15,10.66864246864247
77,2,16,10.428532578532579
77,2,17,11.120532245532246
77,2,18,11.968251193251193
77,2,19,11.457631257631258
77,2,20,11.96031746031746
77,2,21,12.596153846153847
77,2,22,13.570665445665444
77,2,23,13.594627594627594
77,3,0,13.538461538461538
77,3,1,13.538461538461538
77,3,2,13.071428571428571
77,3,3,13.083333333333334
77,3,4,13.168650793650793
77,3,5,11.437996031746032
77,3,6,9.699966931216931
77,3,7,8.735143097643098
77,3,8,10.47096560846561
77,3,9,9.001058201058202
77,3,10,9.638980463980463
77,3,11,10.247619047619047
77,3,12,11.111813186813187
77,3,13,11.52867132867133
77,3,14,13.318861693861693
77,3,15,14.001942501942503
77,3,16,14.088963813963813
77,3,17,15.646756021756023
77,3,18,17.053424353424354
77,3,19,16.712393162393163
77,3,20,16.63476800976801
77,3,21,16.52518315018315
77,3,22,16.86340048840049
77,3,23,17.514499389499388
77,4,0,17.53846153846154
77,4,1,17.615384615384617
77,4,2,17.615384615384617
77,4,3,17.615384615384617
77,4,4,17.699175824175825
77,4,5,15.918345543345541
77,4,6,14.201923076923077
77,4,7,12.720795870795872
77,4,8,14.55843045843046
77,4,9,13.475849150849152
77,4,10,11.990448440448441
77,4,11,12.60473692973693
77,4,12,14.055450105450104
77,4,13,15.138045288045287
77,4,14,15.588883338883338
77,4,15,14.912831612831612
77,4,16,17.057983682983682
77,4,17,18.209576534576534
77,4,18,17.631593406593407
77,4,19,17.160897435897436
77,4,20,17.88064713064713
77,4,21,18.147680097680098
77,4,22,18.555250305250304
77,4,23,19.870268620268618
77,5,0,20.076923076923077
77,5,1,20.076923076923077
77,5,2,20.076923076923077
77,5,3,20.076923076923077
77,5,4,20.660714285714285
77,5,5,21.119047619047617
77,5,6,21.752442002442002
77,5,7,21.81346153846154
77,5,8,22.868284493284495
77,5,9,23.15674603174603
77,5,10,19.90702908202908
77,5,11,19.727827727827727
77,5,12,21.2983571983572
77,5,13,22.722902097902097
77,5,14,24.21001776001776
77,5,15,23.463111888111886
77,5,16,24.039957264957266
77,5,17,24.18672161172161
77,5,18,24.640373515373515
77,5,19,25.01419413919414
77,5,20,25.35927960927961
77,5,21,25.39423076923077
77,5,22,25.383852258852258
77,5,23,26.156898656898655
77,6,0,26.384615384615383
77,6,1,26.384615384615383
77,6,2,26.384615384615383
77,6,3,26.384615384615383
77,6,4,26.437728937728938
77,6,5,26.59551282051282
77,6,6,26.817918192918192
77,6,7,27.66300366300366
77,6,8,27.237271062271063
77,6,9,24.633441558441557
77,6,10,23.744366744366744
77,6,11,22.884848484848483
77,6,12,22.78550061050061
77,6,13,22.84299034299034
77,6,14,23.31614774114774
77,6,15,22.760470085470086
77,6,16,23.362440337440336
77,6,17,23.93038628038628
77,6,18,23.027103452103454
77,6,19,23.013431013431013
77,6,20,23.33882783882784
77,6,21,23.251221001221
77,6,22,23.661935286935286
77,6,23,23.483150183150183
78,0,0,5.6923076923076925
78,0,1,5.6923076923076925
78,0,2,5.6923076923076925
78,0,3,5.6923076923076925
78,0,4,5.571428571428571
78,0,5,4.908882783882784
78,0,6,4.573107448107448
78,0,7,3.195665445665446
78,0,8,1.8603479853479854
78,0,9,1.4670329670329672
78,0,10,1.6607142857142858
78,0,11,2.4748168498168495
78,0,12,3.0056193806193807
78,0,13,2.957112332112332
78,0,14,2.9549755799755797
78,0,15,2.995879120879121
78,0,16,3.6453907203907203
78,0,17,6.022832722832723
78,0,18,6.755189255189255
78,0,19,7.2754884004884
78,0,20,7.593406593406594
78,0,21,7.92032967032967
78,0,22,8.736263736263735
78,0,23,9.370421245421245
78,1,0,9.538461538461538
78,1,1,9.538461538461538
78,1,2,9.538461538461538
78,1,3,9.538461538461538
78,1,4,9.250457875457876
78,1,5,8.473443223443223
78,1,6,8.533882783882785
78,1,7,5.888064713064713
78,1,8,2.818070818070818
78,1,9,2.446123321123321
78,1,10,1.9471916971916972
78,1,11,1.8057081807081805
78,1,12,2.8626373626373627
78,1,13,3.1875763125763124
78,1,14,3.4444444444444438
78,1,15,2.8542429792429798
78,1,16,4.247252747252747
78,1,17,5.084737484737484
78,1,18,5.212454212454213
78,1,19,5.794871794871795
78,1,20,6.231532356532356
78,1,21,7.043040293040293
78,1,22,8.227472527472527
78,1,23,8.781593406593407
78,2,0,9.0
78,2,1,9.0
78,2,2,9.0
78,2,3,9.0
78,2,4,8.76923076923077
78,2,5,7.918498168498169
78,2,6,7.929822954822955
78,2,7,5.228418803418804
78,2,8,2.3382173382173383
78,2,9,3.085805860805861
78,2,10,3.840659340659341
78,2,11,3.81959706959707
78,2,12,4.122863247863248
78,2,13,4.45528083028083
78,2,14,4.8931623931623935
78,2,15,3.522130647130647
78,2,16,3.567796092796093
78,2,17,5.3160506160506165
78,2,18,5.558760683760683
78,2,19,6.069627594627595
78,2,20,5.9854090354090355
78,2,21,6.282509157509158
78,2,22,7.469627594627595
78,2,23,8.319291819291818
78,3,0,8.615384615384615
78,3,1,8.615384615384615
78,3,2,8.666666666666666
78,3,3,8.666666666666666
78,3,4,8.367063492063492
78,3,5,7.315476190476191
78,3,6,7.925892857142856
78,3,7,5.909689153439153
78,3,8,3.920965608465609
78,3,9,3.236111111111111
78,3,10,2.9542124542124544
78,3,11,3.693376068376068
78,3,12,3.902014652014652
78,3,13,4.008089133089133
78,3,14,4.589285714285714
78,3,15,4.152472527472527
78,3,16,4.386599511599512
78,3,17,5.5420940170940165
78,3,18,6.850885225885226
78,3,19,7.398351648351649
78,3,20,7.151251526251526
78,3,21,7.344017094017095
78,3,22,8.563034188034187
78,3,23,9.590659340659341
78,4,0,9.692307692307692
78,4,1,9.692307692307692
78,4,2,9.692307692307692
78,4,3,9.692307692307692
78,4,4,9.453296703296703
78,4,5,8.73550061050061
78,4,6,9.31931956931957
78,4,7,8.666941391941391
78,4,8,7.6440781440781445
78,4,9,7.2177960927960925
78,4,10,6.662393162393163
78,4,11,6.4919108669108665
78,4,12,6.855311355311356
78,4,13,6.728021978021977
78,4,14,6.476495726495727
78,4,15,5.510561660561661
78,4,16,5.761752136752136
78,4,17,6.856249306249306
78,4,18,7.106990231990232
78,4,19,7.517399267399268
78,4,20,7.7173382173382175
78,4,21,8.402930402930403
78,4,22,8.9757326007326
78,4,23,10.08058608058608
78,5,0,10.384615384615385
78,5,1,10.384615384615385
78,5,2,10.384615384615385
78,5,3,10.384615384615385
78,5,4,10.384615384615385
78,5,5,10.119505494505493
78,5,6,9.676434676434678
78,5,7,8.663461538461538
78,5,8,7.286019536019537
78,5,9,6.891941391941392
78,5,10,7.215201465201465
78,5,11,6.736721611721611
78,5,12,6.240842490842491
78,5,13,6.520879120879121
78,5,14,6.742826617826618
78,5,15,6.851190476190476
78,5,16,6.776098901098901
78,5,17,7.02014652014652
78,5,18,7.486568986568987
78,5,19,7.5792124542124535
78,5,20,7.570970695970696
78,5,21,7.7655677655677655
78,5,22,7.827838827838828
78,5,23,8.76007326007326
78,6,0,9.076923076923077
78,6,1,9.076923076923077
78,6,2,9.076923076923077
78,6,3,9.076923076923077
78,6,4,9.102564102564102
78,6,5,8.8992673992674
78,6,6,8.45970695970696
78,6,7,7.384615384615385
78,6,8,7.084249084249084
78,6,9,6.609126984126984
78,6,10,5.110347985347985
78,6,11,4.487637362637363
78,6,12,4.094505494505494
78,6,13,3.651098901098901
78,6,14,3.3704212454212454
78,6,15,3.5645604395604398
78,6,16,3.7696886446886446
78,6,17,3.286324786324786
78,6,18,3.2284798534798536
78,6,19,3.541666666666667
78,6,20,3.934065934065934
78,6,21,4.423076923076923
78,6,22,5.1996336996337
78,6,23,5.7037545787545785
79,0,0,0.9230769230769231
79,0,1,0.9230769230769231
79,0,2,0.9230769230769231
79,0,3,0.9230769230769231
79,0,4,0.9230769230769231
79,0,5,1.5343406593406594
79,0,6,3.331043956043956
79,0,7,6.045720945720945
79,0,8,3.8249389499389497
79,0,9,3.246642246642246
79,0,10,3.1172161172161172
79,0,11,2.7545787545787546
79,0,12,2.3411172161172162
79,0,13,1.7527472527472527
79,0,14,1.2906593406593407
79,0,15,0.945054945054945
79,0,16,0.63003663003663
79,0,17,0.6712454212454213
79,0,18,0.927960927960928
79,0,19,0.9175824175824177
79,0,20,0.9615384615384616
79,0,21,1.0769230769230769
79,0,22,1.0769230769230769
79,0,23,1.0769230769230769
79,1,0,1.0769230769230769
79,1,1,1.0769230769230769
79,1,2,1.0769230769230769
79,1,3,1.0769230769230769
79,1,4,1.1904761904761905
79,1,5,3.0897435897435903
79,1,6,6.306141081141082
79,1,7,8.65971250971251
79,1,8,6.387423687423687
79,1,9,5.864468864468865
79,1,10,5.851343101343101
79,1,11,5.107600732600732
79,1,12,5.248931623931624
79,1,13,3.9871794871794872
79,1,14,2.7728021978021977
79,1,15,1.279151404151404
79,1,16,0.358974358974359
79,1,17,0.4725274725274725
79,1,18,0.576007326007326
79,1,19,0.46886446886446886
79,1,20,0.4835164835164835
79,1,21,0.5604395604395604
79,1,22,0.6153846153846154
79,1,23,0.7252747252747253
79,2,0,0.7692307692307693
79,2,1,0.7692307692307693
79,2,2,0.7692307692307693
79,2,3,0.7692307692307693
79,2,4,0.7692307692307693
79,2,5,1.6579670329670328
79,2,6,5.126862026862027
79,2,7,9.077553002553003
79,2,8,8.254820179820179
79,2,9,6.815018315018316
79,2,10,6.537087912087912
79,2,11,5.473473748473749
79,2,12,5.084615384615384
79,2,13,4.381715506715507
79,2,14,4.561355311355312
79,2,15,2.3925796425796424
79,2,16,1.127106227106227
79,2,17,0.7724358974358976
79,2,18,0.3626373626373626
79,2,19,0.2673992673992674
79,2,20,0.2087912087912088
79,2,21,0.2747252747252747
79,2,22,0.2857142857142857
79,2,23,0.3076923076923077
79,3,0,0.3076923076923077
79,3,1,0.3076923076923077
79,3,2,0.3333333333333333
79,3,3,0.3333333333333333
79,3,4,0.40277777777777773
79,3,5,0.8650793650793651
79,3,6,3.9459325396825395
79,3,7,8.408573833573833
79,3,8,8.306878306878307
79,3,9,7.414186507936507
79,3,10,7.196428571428571
79,3,11,7.637362637362638
79,3,12,7.041819291819293
79,3,13,5.221123321123321
79,3,14,4.478021978021978
79,3,15,3.4536019536019538
79,3,16,2.7678571428571432
79,3,17,2.4035409035409034
79,3,18,2.0489926739926743
79,3,19,1.5604395604395604
79,3,20,1.3461538461538463
79,3,21,1.3205128205128207
79,3,22,1.3846153846153846
79,3,23,1.4175824175824177
79,4,0,1.4615384615384615
79,4,1,1.4615384615384615
79,4,2,1.4615384615384615
79,4,3,1.4615384615384615
79,4,4,1.4542124542124542
79,4,5,2.077838827838828
79,4,6,5.801159951159951
79,4,7,10.619627594627595
79,4,8,11.227258852258853
79,4,9,10.340201465201464
79,4,10,9.947344322344323
79,4,11,8.960164835164836
79,4,12,8.449786324786325
79,4,13,6.539835164835164
79,4,14,5.034645909645909
79,4,15,3.679029304029304
79,4,16,2.703907203907204
79,4,17,2.86492673992674
79,4,18,3.0105311355311355
79,4,19,2.7527472527472527
79,4,20,2.5641025641025643
79,4,21,2.4615384615384617
79,4,22,2.4615384615384617
79,4,23,2.5054945054945055
79,5,0,2.5384615384615383
79,5,1,2.5384615384615383
79,5,2,2.5384615384615383
79,5,3,2.5384615384615383
79,5,4,2.5384615384615383
79,5,5,2.5494505494505493
79,5,6,3.0535714285714284
79,5,7,2.8553113553113554
79,5,8,2.659340659340659
79,5,9,2.7504578754578755
79,5,10,2.5525030525030528
79,5,11,2.633699633699634
79,5,12,2.116758241758242
79,5,13,2.029304029304029
79,5,14,1.8415750915750915
79,5,15,1.626831501831502
79,5,16,1.3791208791208793
79,5,17,1.2728937728937728
79,5,18,1.0681318681318681
79,5,19,0.7564102564102565
79,5,20,0.4633699633699634
79,5,21,0.42857142857142855
79,5,22,0.46153846153846156
79,5,23,0.46153846153846156
79,6,0,0.46153846153846156
79,6,1,0.46153846153846156
79,6,2,0.46153846153846156
79,6,3,0.46153846153846156
79,6,4,0.46153846153846156
79,6,5,0.5952380952380952
79,6,6,1.0897435897435896
79,6,7,1.6043956043956045
79,6,8,1.2527472527472527
79,6,9,1.2197802197802199
79,6,10,1.148809523809524
79,6,11,0.8901098901098901
79,6,12,0.8113553113553114
79,6,13,1.478021978021978
79,6,14,1.4102564102564101
79,6,15,1.4816849816849818
79,6,16,1.2142857142857144
79,6,17,1.2240537240537241
79,6,18,1.1978021978021978
79,6,19,1.010989010989011
79,6,20,0.9230769230769231
79,6,21,0.967032967032967
79,6,22,0.9340659340659341
79,6,23,0.9230769230769231
8,0,0,6.153846153846154
8,0,1,6.153846153846154
8,0,2,6.153846153846154
8,0,3,6.153846153846154
8,0,4,6.388156288156288
8,0,5,6.932309357309356
8,0,6,7.999958374958374
8,0,7,8.490426240426242
8,0,8,8.191222666222666
8,0,9,7.492673992673992
8,0,10,7.649572649572649
8,0,11,7.622749472749472
8,0,12,7.631379731379732
8,0,13,9.068894993894993
8,0,14,10.132997557997557
8,0,15,14.796581196581197
8,0,16,19.599358974358974
8,0,17,18.78146853146853
8,0,18,18.17162004662005
8,0,19,16.45197857697858
8,0,20,15.25473137973138
8,0,21,15.21419413919414
8,0,22,15.651556776556777
8,0,23,15.704670329670328
8,1,0,15.692307692307692
8,1,1,15.692307692307692
8,1,2,15.692307692307692
8,1,3,15.692307692307692
8,1,4,15.811813186813188
8,1,5,16.792094017094016
8,1,6,14.82867132867133
8,1,7,9.478438228438229
8,1,8,6.814529914529914
8,1,9,5.986874236874237
8,1,10,5.856268731268732
8,1,11,5.95936285936286
8,1,12,7.642160617160617
8,1,13,7.883458208458209
8,1,14,11.793595293595294
8,1,15,20.394133644133642
8,1,16,27.10151515151515
8,1,17,25.707789432789433
8,1,18,23.837948162948162
8,1,19,23.029365079365082
8,1,20,21.535561660561658
8,1,21,20.991941391941392
8,1,22,21.05601343101343
8,1,23,20.96153846153846
8,2,0,20.76923076923077
8,2,1,20.76923076923077
8,2,2,20.76923076923077
8,2,3,20.76923076923077
8,2,4,19.689590964590966
8,2,5,17.765567765567766
8,2,6,17.034731934731933
8,2,7,9.76981351981352
8,2,8,5.681779331779333
8,2,9,4.478144078144078
8,2,10,4.548137973137973
8,2,11,5.386532911532911
8,2,12,6.8968115218115225
8,2,13,8.509149184149184
8,2,14,12.789588189588189
8,2,15,21.53197358197358
8,2,16,27.16728826728827
8,2,17,25.754273504273502
8,2,18,22.83522588522589
8,2,19,21.227106227106226
8,2,20,19.464041514041515
8,2,21,19.767307692307693
8,2,22,20.85705128205128
8,2,23,20.64010989010989
8,3,0,20.692307692307693
8,3,1,20.692307692307693
8,3,2,20.75
8,3,3,20.75
8,3,4,20.764318783068784
8,3,5,20.284078884078884
8,3,6,16.148737373737372
8,3,7,9.97449494949495
8,3,8,4.897853535353535
8,3,9,2.310350529100529
8,3,10,4.037576312576313
8,3,11,4.622213897213897
8,3,12,6.685633810633811
8,3,13,7.912512487512488
8,3,14,9.687179487179488
8,3,15,17.431585081585084
8,3,16,22.494405594405595
8,3,17,21.465345765345766
8,3,18,19.55316627816628
8,3,19,17.521123321123323
8,3,20,15.885836385836386
8,3,21,15.502380952380953
8,3,22,15.542490842490842
8,3,23,15.662393162393162
8,4,0,15.637362637362637
8,4,1,15.692307692307692
8,4,2,15.692307692307692
8,4,3,15.692307692307692
8,4,4,15.662087912087912
8,4,5,16.170360195360196
8,4,6,15.190909090909091
8,4,7,11.37589355089355
8,4,8,9.41010101010101
8,4,9,9.384004884004884
8,4,10,9.074023199023198
8,4,11,9.933583083583084
8,4,12,11.080799755799756
8,4,13,12.74526862026862
8,4,14,13.936480186480187
8,4,15,18.069366744366743
8,4,16,20.2000777000777
8,4,17,19.463941613941614
8,4,18,19.350641025641025
8,4,19,18.90164835164835
8,4,20,18.194749694749696
8,4,21,17.745268620268618
8,4,22,18.076923076923077
8,4,23,18.414835164835164
8,5,0,18.692307692307693
8,5,1,18.692307692307693
8,5,2,18.692307692307693
8,5,3,18.692307692307693
8,5,4,18.415750915750916
8,5,5,18.50503663003663
8,5,6,18.077289377289375
8,5,7,17.999542124542124
8,5,8,17.96825396825397
8,5,9,18.088949938949938
8,5,10,17.950549450549453
8,5,11,18.037282162282164
8,5,12,17.484615384615385
8,5,13,16.994699744699744
8,5,14,15.941514041514042
8,5,15,14.440689865689865
8,5,16,14.151709401709402
8,5,17,14.09594017094017
8,5,18,14.058455433455434
8,5,19,14.751221001221001
8,5,20,14.323717948717947
8,5,21,13.962912087912088
8,5,22,12.883058608058608
8,5,23,12.673076923076923
8,6,0,12.692307692307692
8,6,1,12.692307692307692
8,6,2,12.692307692307692
8,6,3,12.692307692307692
8,6,4,13.03525641025641
8,6,5,13.086538461538462
8,6,6,11.405586080586081
8,6,7,11.704853479853481
8,6,8,12.394383394383395
8,6,9,13.878968253968253
8,6,10,14.919322344322344
8,6,11,14.298382173382173
8,6,12,13.040384615384616
8,6,13,11.94175824175824
8,6,14,11.251862026862026
8,6,15,10.890742590742592
8,6,16,9.95418192918193
8,6,17,9.414194139194139
8,6,18,8.56043956043956
8,6,19,8.125763125763125
8,6,20,7.759004884004884
8,6,21,7.007936507936508
8,6,22,6.42032967032967
8,6,23,6.122252747252748
80,0,0,13.307692307692308
80,0,1,13.307692307692308
80,0,2,13.307692307692308
80,0,3,13.307692307692308
80,0,4,13.256410256410257
80,0,5,13.021978021978022
80,0,6,14.141056166056167
80,0,7,12.584057609057608
80,0,8,10.396245421245421
80,0,9,11.369963369963369
80,0,10,13.06043956043956
80,0,11,12.424725274725274
80,0,12,11.829517704517704
80,0,13,13.446733821733822
80,0,14,13.816025641025643
80,0,15,10.901431901431902
80,0,16,9.096245421245422
80,0,17,7.34047619047619
80,0,18,7.614010989010989
80,0,19,7.5
80,0,20,7.304029304029304
80,0,21,7.384615384615385
80,0,22,7.40018315018315
80,0,23,7.3173076923076925
80,1,0,7.3076923076923075
80,1,1,7.3076923076923075
80,1,2,7.3076923076923075
80,1,3,7.3076923076923075
80,1,4,7.3076923076923075
80,1,5,9.603479853479852
80,1,6,13.552808302808304
80,1,7,12.156818181818181
80,1,8,6.5382867132867135
80,1,9,5.476037851037851
80,1,10,9.167582417582418
80,1,11,9.019993894993895
80,1,12,9.667765567765567
80,1,13,10.324511599511599
80,1,14,11.22069597069597
80,1,15,8.095532245532246
80,1,16,7.558974358974359
80,1,17,9.322344322344323
80,1,18,9.285409035409035
80,1,19,8.554945054945055
80,1,20,8.563644688644688
80,1,21,8.736263736263735
80,1,22,8.84569597069597
80,1,23,9.013736263736265
80,2,0,9.384615384615385
80,2,1,9.384615384615385
80,2,2,9.384615384615385
80,2,3,9.384615384615385
80,2,4,9.472527472527473
80,2,5,15.501831501831502
80,2,6,20.112179487179485
80,2,7,18.9230574980575
80,2,8,17.230860805860807
80,2,9,17.18458485958486
80,2,10,17.208333333333336
80,2,11,16.646978021978022
80,2,12,16.985500610500612
80,2,13,17.11111111111111
80,2,14,15.640567765567766
80,2,15,11.808066933066934
80,2,16,10.311258186258186
80,2,17,10.211691086691086
80,2,18,11.445665445665444
80,2,19,11.076190476190476
80,2,20,11.20650183150183
80,2,21,11.234432234432234
80,2,22,11.560897435897434
80,2,23,11.494505494505496
80,3,0,11.461538461538462
80,3,1,11.461538461538462
80,3,2,10.583333333333334
80,3,3,10.583333333333334
80,3,4,10.583333333333334
80,3,5,12.67113095238095
80,3,6,15.240584415584415
80,3,7,14.047727272727272
80,3,8,13.290969215969215
80,3,9,13.378472222222221
80,3,10,14.231684981684982
80,3,11,15.015567765567766
80,3,12,16.866575091575093
80,3,13,18.19010989010989
80,3,14,17.778388278388277
80,3,15,15.192424242424241
80,3,16,12.471989121989122
80,3,17,12.6007326007326
80,3,18,14.041971916971915
80,3,19,13.50595238095238
80,3,20,13.490384615384615
80,3,21,13.630036630036631
80,3,22,13.889652014652016
80,3,23,13.884615384615385
80,4,0,13.923076923076923
80,4,1,13.923076923076923
80,4,2,13.923076923076923
80,4,3,13.923076923076923
80,4,4,13.923076923076923
80,4,5,15.158424908424909
80,4,6,16.42469474969475
80,4,7,16.674059274059275
80,4,8,16.465256965256966
80,4,9,17.421703296703296
80,4,10,16.31043956043956
80,4,11,16.81394993894994
80,4,12,17.3485347985348
80,4,13,16.923992673992675
80,4,14,17.205372405372405
80,4,15,18.088916638916636
80,4,16,17.686446886446888
80,4,17,15.848443223443223
80,4,18,15.044719169719171
80,4,19,14.942490842490844
80,4,20,14.675824175824175
80,4,21,14.73992673992674
80,4,22,15.00412087912088
80,4,23,15.067307692307692
80,5,0,15.076923076923077
80,5,1,15.076923076923077
80,5,2,15.076923076923077
80,5,3,15.076923076923077
80,5,4,15.115384615384615
80,5,5,15.155677655677655
80,5,6,15.497252747252748
80,5,7,15.537545787545788
80,5,8,15.380952380952381
80,5,9,15.07554945054945
80,5,10,16.027625152625152
80,5,11,16.12820512820513
80,5,12,17.400641025641026
80,5,13,16.983058608058606
80,5,14,16.637667887667888
80,5,15,16.323565323565326
80,5,16,15.932692307692308
80,5,17,15.460927960927961
80,5,18,15.3980463980464
80,5,19,15.196886446886445
80,5,20,14.727869352869353
80,5,21,14.76923076923077
80,5,22,14.77106227106227
80,5,23,14.615384615384615
80,6,0,14.615384615384615
80,6,1,14.615384615384615
80,6,2,14.615384615384615
80,6,3,14.615384615384615
80,6,4,14.576923076923077
80,6,5,14.487179487179487
80,6,6,14.609432234432234
80,6,7,14.467032967032965
80,6,8,13.870421245421246
80,6,9,13.785714285714286
80,6,10,13.164377289377288
80,6,11,12.6001221001221
80,6,12,13.134615384615385
80,6,13,13.365384615384615
80,6,14,13.65873015873016
80,6,15,13.74587912087912
80,6,16,13.522588522588523
80,6,17,13.011446886446887
80,6,18,13.224053724053723
80,6,19,13.151556776556777
80,6,20,12.988553113553113
80,6,21,13.0
80,6,22,13.194139194139193
80,6,23,13.206959706959708
82,0,0,6.846153846153846
82,0,1,6.846153846153846
82,0,2,6.846153846153846
82,0,3,6.846153846153846
82,0,4,6.835164835164836
82,0,5,6.406593406593406
82,0,6,5.676739926739927
82,0,7,3.646978021978022
82,0,8,2.855769230769231
82,0,9,2.9835164835164836
82,0,10,2.9839743589743586
82,0,11,2.8594322344322345
82,0,12,2.580128205128205
82,0,13,3.4294871794871797
82,0,14,3.3156288156288154
82,0,15,4.11935286935287
82,0,16,5.741758241758242
82,0,17,6.6759768009768
82,0,18,7.392277167277167
82,0,19,8.412393162393162
82,0,20,9.567765567765568
82,0,21,10.402930402930403
82,0,22,10.776556776556777
82,0,23,11.211538461538462
82,1,0,11.23076923076923
82,1,1,11.23076923076923
82,1,2,11.23076923076923
82,1,3,11.23076923076923
82,1,4,11.21978021978022
82,1,5,10.369505494505496
82,1,6,8.310592185592187
82,1,7,4.568986568986569
82,1,8,2.4560439560439558
82,1,9,2.2655677655677655
82,1,10,2.2646520146520146
82,1,11,3.2234432234432235
82,1,12,3.7097069597069603
82,1,13,4.480769230769231
82,1,14,5.107509157509157
82,1,15,6.6660561660561655
82,1,16,7.693528693528693
82,1,17,8.088369963369964
82,1,18,8.96123321123321
82,1,19,10.599358974358976
82,1,20,12.106684981684982
82,1,21,12.463827838827838
82,1,22,13.331501831501832
82,1,23,13.854395604395604
82,2,0,13.153846153846153
82,2,1,13.153846153846153
82,2,2,13.153846153846153
82,2,3,13.153846153846153
82,2,4,13.034188034188036
82,2,5,12.364468864468865
82,2,6,11.45741758241758
82,2,7,8.183760683760683
82,2,8,5.776404151404152
82,2,9,5.221611721611722
82,2,10,4.813186813186813
82,2,11,4.562728937728938
82,2,12,4.278540903540904
82,2,13,5.424450549450549
82,2,14,6.261752136752136
82,2,15,6.363736263736263
82,2,16,6.8448107448107445
82,2,17,8.054029304029303
82,2,18,9.183760683760683
82,2,19,9.950702075702075
82,2,20,10.79029304029304
82,2,21,11.695054945054945
82,2,22,12.188156288156287
82,2,23,12.635989010989011
82,3,0,12.76923076923077
82,3,1,12.76923076923077
82,3,2,13.166666666666666
82,3,3,13.166666666666666
82,3,4,12.968253968253968
82,3,5,12.656746031746032
82,3,6,12.229662698412698
82,3,7,8.613624338624339
82,3,8,5.454861111111111
82,3,9,5.036630036630037
82,3,10,4.730311355311356
82,3,11,5.034798534798535
82,3,12,4.965201465201465
82,3,13,4.941391941391942
82,3,14,5.487179487179487
82,3,15,5.886446886446886
82,3,16,6.433547008547009
82,3,17,7.229520479520479
82,3,18,6.895299145299145
82,3,19,7.702991452991453
82,3,20,9.1256105006105
82,3,21,10.357142857142858
82,3,22,10.847069597069597
82,3,23,11.669566544566546
82,4,0,11.846153846153847
82,4,1,11.846153846153847
82,4,2,11.846153846153847
82,4,3,11.846153846153847
82,4,4,11.681318681318682
82,4,5,11.123626373626374
82,4,6,10.595238095238095
82,4,7,7.444871794871795
82,4,8,4.991758241758242
82,4,9,5.176434676434677
82,4,10,5.05006105006105
82,4,11,4.492673992673993
82,4,12,4.516483516483516
82,4,13,4.792582417582418
82,4,14,5.653846153846154
82,4,15,5.872161172161172
82,4,16,6.484279609279609
82,4,17,6.933058608058608
82,4,18,6.748321123321124
82,4,19,7.320054945054944
82,4,20,7.554945054945055
82,4,21,7.937728937728938
82,4,22,8.492216117216117
82,4,23,8.913461538461538
82,5,0,9.0
82,5,1,9.0
82,5,2,9.0
82,5,3,9.0
82,5,4,9.0
82,5,5,8.84981684981685
82,5,6,8.736263736263735
82,5,7,8.246336996336996
82,5,8,7.794871794871795
82,5,9,6.650183150183151
82,5,10,6.25503663003663
82,5,11,6.895909645909645
82,5,12,7.221764346764346
82,5,13,7.196794871794872
82,5,14,7.362484737484737
82,5,15,7.236263736263736
82,5,16,7.592948717948717
82,5,17,7.611263736263736
82,5,18,7.5357142857142865
82,5,19,7.1707875457875465
82,5,20,7.012820512820512
82,5,21,7.33974358974359
82,5,22,7.877747252747254
82,5,23,8.652472527472527
82,6,0,8.692307692307692
82,6,1,8.692307692307692
82,6,2,8.692307692307692
82,6,3,8.692307692307692
82,6,4,8.692307692307692
82,6,5,8.49084249084249
82,6,6,8.26923076923077
82,6,7,8.3003663003663
82,6,8,8.24496336996337
82,6,9,7.434065934065933
82,6,10,6.7976190476190474
82,6,11,6.156227106227107
82,6,12,5.986721611721611
82,6,13,5.499542124542125
82,6,14,5.779761904761904
82,6,15,5.732600732600732
82,6,16,5.121794871794871
82,6,17,4.846153846153846
82,6,18,4.988553113553114
82,6,19,5.073260073260073
82,6,20,5.3528693528693525
82,6,21,5.772893772893773
82,6,22,6.152014652014652
82,6,23,6.7445054945054945
83,0,0,19.46153846153846
83,0,1,19.46153846153846
83,0,2,19.46153846153846
83,0,3,19.46153846153846
83,0,4,18.92032967032967
83,0,5,18.081501831501832
83,0,6,17.118742368742367
83,0,7,11.964996114996115
83,0,8,8.159340659340659
83,0,9,7.271672771672771
83,0,10,7.189560439560439
83,0,11,7.2007020757020745
83,0,12,8.692918192918192
83,0,13,9.357600732600732
83,0,14,9.522588522588523
83,0,15,10.069291819291818
83,0,16,12.313653013653013
83,0,17,14.497771672771673
83,0,18,17.862179487179485
83,0,19,19.38034188034188
83,0,20,20.226190476190478
83,0,21,21.41269841269841
83,0,22,21.944749694749696
83,0,23,22.577991452991455
83,1,0,22.615384615384617
83,1,1,22.615384615384617
83,1,2,22.615384615384617
83,1,3,22.615384615384617
83,1,4,22.358516483516482
83,1,5,20.406043956043955
83,1,6,18.6019536019536
83,1,7,11.970082695082693
83,1,8,7.703907203907203
83,1,9,7.064560439560439
83,1,10,6.339285714285714
83,1,11,7.667582417582418
83,1,12,11.230311355311356
83,1,13,12.907661782661782
83,1,14,14.763431013431015
83,1,15,15.562118437118436
83,1,16,18.184781884781884
83,1,17,23.78140748140748
83,1,18,26.24771062271062
83,1,19,27.97603785103785
83,1,20,29.720543345543344
83,1,21,30.64957264957265
83,1,22,30.565201465201465
83,1,23,30.68864468864469
83,2,0,31.0
83,2,1,31.0
83,2,2,31.0
83,2,3,31.0
83,2,4,30.914835164835168
83,2,5,28.93919413919414
83,2,6,26.897893772893774
83,2,7,18.915756465756466
83,2,8,13.297619047619047
83,2,9,12.083943833943835
83,2,10,11.15934065934066
83,2,11,11.284188034188036
83,2,12,12.590201465201464
83,2,13,13.22985347985348
83,2,14,15.202991452991453
83,2,15,16.61288156288156
83,2,16,18.8508769008769
83,2,17,22.643681318681317
83,2,18,25.424999999999997
83,2,19,27.47985347985348
83,2,20,28.328449328449327
83,2,21,28.93681318681319
83,2,22,29.14010989010989
83,2,23,29.516483516483518
83,3,0,29.615384615384617
83,3,1,29.615384615384617
83,3,2,29.740740740740744
83,3,3,29.75
83,3,4,29.55654761904762
83,3,5,28.071097883597883
83,3,6,26.722222222222225
83,3,7,20.10753367003367
83,3,8,15.673611111111112
83,3,9,14.750496031746032
83,3,10,15.289835164835164
83,3,11,15.451007326007327
83,3,12,16.185897435897434
83,3,13,17.06105006105006
83,3,14,19.36996336996337
83,3,15,20.160409035409035
83,3,16,20.512218337218336
83,3,17,23.51033966033966
83,3,18,26.46958596958597
83,3,19,27.654578754578754
83,3,20,28.724358974358974
83,3,21,29.339743589743588
83,3,22,29.760989010989015
83,3,23,30.009615384615383
83,4,0,30.065934065934066
83,4,1,30.076923076923077
83,4,2,30.076923076923077
83,4,3,30.076923076923077
83,4,4,30.029304029304026
83,4,5,28.471153846153847
83,4,6,27.418956043956044
83,4,7,24.201293151293154
83,4,8,21.901831501831502
83,4,9,20.290750915750916
83,4,10,18.855921855921856
83,4,11,18.23580586080586
83,4,12,19.09423076923077
83,4,13,19.174891774891776
83,4,14,19.698076923076922
83,4,15,20.251221001221
83,4,16,20.49521867021867
83,4,17,22.327461427461426
83,4,18,25.024175824175828
83,4,19,24.986874236874236
83,4,20,25.12118437118437
83,4,21,24.690445665445665
83,4,22,24.99969474969475
83,4,23,25.528846153846153
83,5,0,25.46153846153846
83,5,1,25.46153846153846
83,5,2,25.46153846153846
83,5,3,25.46153846153846
83,5,4,25.402472527472526
83,5,5,25.095238095238095
83,5,6,24.676739926739927
83,5,7,23.746336996336996
83,5,8,22.793040293040292
83,5,9,21.475274725274726
83,5,10,20.204822954822955
83,5,11,19.48870573870574
83,5,12,18.882875457875457
83,5,13,18.772893772893774
83,5,14,19.6735347985348
83,5,15,19.497222222222224
83,5,16,19.091774891774893
83,5,17,18.88293650793651
83,5,18,19.016025641025642
83,5,19,19.08058608058608
83,5,20,19.802808302808305
83,5,21,19.901556776556774
83,5,22,20.71657509157509
83,5,23,21.401862026862027
83,6,0,21.615384615384617
83,6,1,21.615384615384617
83,6,2,21.615384615384617
83,6,3,21.615384615384617
83,6,4,21.67032967032967
83,6,5,21.506715506715505
83,6,6,20.987179487179485
83,6,7,20.26831501831502
83,6,8,19.447802197802197
83,6,9,18.585470085470085
83,6,10,17.474664224664227
83,6,11,16.427808302808305
83,6,12,15.935897435897434
83,6,13,16.23183760683761
83,6,14,15.550824175824175
83,6,15,15.309065934065934
83,6,16,15.304945054945055
83,6,17,14.608669108669108
83,6,18,15.692155067155067
83,6,19,16.215964590964592
83,6,20,16.81486568986569
83,6,21,17.995115995115995
83,6,22,18.660256410256412
83,6,23,19.268772893772894
84,0,0,13.23076923076923
84,0,1,13.23076923076923
84,0,2,13.23076923076923
84,0,3,13.23076923076923
84,0,4,13.195970695970695
84,0,5,12.99084249084249
84,0,6,11.751953601953602
84,0,7,8.53513431013431
84,0,8,6.516178266178266
84,0,9,6.062271062271062
84,0,10,5.999084249084249
84,0,11,6.272893772893773
84,0,12,8.314255189255189
84,0,13,8.158424908424909
84,0,14,7.256257631257631
84,0,15,7.6492673992674
84,0,16,9.210236985236985
84,0,17,11.654456654456654
84,0,18,12.194902319902319
84,0,19,12.690934065934066
84,0,20,13.441849816849818
84,0,21,14.836080586080586
84,0,22,15.342490842490843
84,0,23,15.362637362637363
84,1,0,15.461538461538462
84,1,1,15.461538461538462
84,1,2,15.461538461538462
84,1,3,15.461538461538462
84,1,4,15.478021978021978
84,1,5,15.437728937728938
84,1,6,14.06303418803419
84,1,7,9.172383172383173
84,1,8,6.5752442002442
84,1,9,6.100274725274725
84,1,10,6.0787545787545785
84,1,11,7.293040293040293
84,1,12,8.606227106227106
84,1,13,8.963827838827838
84,1,14,9.15140415140415
84,1,15,11.421245421245422
84,1,16,13.774542124542124
84,1,17,16.3768315018315
84,1,18,17.60836385836386
84,1,19,18.10576923076923
84,1,20,18.851953601953603
84,1,21,19.974358974358974
84,1,22,20.384615384615383
84,1,23,20.571428571428573
84,2,0,21.23076923076923
84,2,1,21.23076923076923
84,2,2,21.23076923076923
84,2,3,21.23076923076923
84,2,4,21.12820512820513
84,2,5,21.25686813186813
84,2,6,20.00363247863248
84,2,7,13.875588300588301
84,2,8,9.965659340659341
84,2,9,9.323717948717949
84,2,10,8.869047619047619
84,2,11,9.698565323565322
84,2,12,11.39545177045177
84,2,13,11.952838827838828
84,2,14,11.261446886446887
84,2,15,11.745573870573871
84,2,16,14.071678321678322
84,2,17,18.603296703296703
84,2,18,20.32087912087912
84,2,19,20.68833943833944
84,2,20,20.627442002442002
84,2,21,21.218864468864467
84,2,22,21.987179487179485
84,2,23,22.153846153846153
84,3,0,22.153846153846153
84,3,1,22.153846153846153
84,3,2,21.833333333333332
84,3,3,21.833333333333332
84,3,4,21.86904761904762
84,3,5,21.858465608465607
84,3,6,20.994047619047617
84,3,7,15.849717412217414
84,3,8,12.912037037037038
84,3,9,12.271825396825397
84,3,10,12.982295482295482
84,3,11,12.69551282051282
84,3,12,12.692307692307692
84,3,13,12.613095238095239
84,3,14,12.320054945054945
84,3,15,12.441849816849818
84,3,16,14.24557942057942
84,3,17,16.490689865689866
84,3,18,17.053540903540902
84,3,19,17.421855921855922
84,3,20,17.903846153846153
84,3,21,18.960164835164836
84,3,22,19.61492673992674
84,3,23,20.098290598290596
84,4,0,20.153846153846153
84,4,1,20.153846153846153
84,4,2,20.153846153846153
84,4,3,20.153846153846153
84,4,4,20.166666666666668
84,4,5,19.974358974358974
84,4,6,18.84157509157509
84,4,7,15.797802197802197
84,4,8,14.170329670329672
84,4,9,13.386446886446887
84,4,10,13.371031746031747
84,4,11,13.809689153439153
84,4,12,14.575231481481481
84,4,13,14.075727513227513
84,4,14,14.407814407814406
84,4,15,14.309315684315685
84,4,16,16.397244422244423
84,4,17,17.317399267399267
84,4,18,17.537087912087912
84,4,19,17.581043956043956
84,4,20,17.733058608058606
84,4,21,19.003663003663004
84,4,22,20.324175824175825
84,4,23,20.96352258852259
84,5,0,21.153846153846153
84,5,1,21.153846153846153
84,5,2,21.153846153846153
84,5,3,21.153846153846153
84,5,4,21.0989010989011
84,5,5,21.08180708180708
84,5,6,21.102564102564102
84,5,7,20.110347985347985
84,5,8,19.052503052503052
84,5,9,17.30357142857143
84,5,10,16.193681318681318
84,5,11,15.154609279609279
84,5,12,15.004273504273502
84,5,13,14.264568764568764
84,5,14,14.144078144078144
84,5,15,14.133394383394384
84,5,16,13.838980463980464
84,5,17,14.219505494505494
84,5,18,13.99084249084249
84,5,19,13.6735347985348
84,5,20,13.522893772893772
84,5,21,13.972222222222221
84,5,22,14.929029304029305
84,5,23,15.145604395604396
84,6,0,15.307692307692308
84,6,1,15.307692307692308
84,6,2,15.307692307692308
84,6,3,15.307692307692308
84,6,4,15.232600732600732
84,6,5,14.914835164835164
84,6,6,14.547008547008547
84,6,7,14.159340659340659
84,6,8,13.282509157509157
84,6,9,12.146978021978022
84,6,10,11.885989010989011
84,6,11,11.518467643467643
84,6,12,10.667521367521367
84,6,13,10.287240537240537
84,6,14,9.999542124542124
84,6,15,9.849816849816849
84,6,16,10.407967032967035
84,6,17,11.264194139194139
84,6,18,11.41904761904762
84,6,19,11.75006105006105
84,6,20,12.575091575091575
84,6,21,12.915750915750916
84,6,22,13.176282051282051
84,6,23,13.186813186813186
85,0,0,14.153846153846153
85,0,1,14.153846153846153
85,0,2,14.153846153846153
85,0,3,14.153846153846153
85,0,4,14.175824175824175
85,0,5,14.084249084249084
85,0,6,13.281288156288156
85,0,7,9.887196137196137
85,0,8,6.754273504273504
85,0,9,6.6510989010989015
85,0,10,7.1712454212454215
85,0,11,7.168040293040293
85,0,12,8.747252747252746
85,0,13,10.333333333333334
85,0,14,10.6007326007326
85,0,15,11.840201465201464
85,0,16,12.368894993894994
85,0,17,14.980799755799755
85,0,18,17.440323565323567
85,0,19,18.700091575091577
85,0,20,19.304029304029307
85,0,21,19.729395604395606
85,0,22,20.241758241758244
85,0,23,20.46153846153846
85,1,0,20.46153846153846
85,1,1,20.46153846153846
85,1,2,20.46153846153846
85,1,3,20.46153846153846
85,1,4,20.35347985347985
85,1,5,19.556318681318682
85,1,6,17.635347985347984
85,1,7,12.363403263403264
85,1,8,5.838369963369963
85,1,9,4.840659340659341
85,1,10,4.760989010989011
85,1,11,7.752747252747252
85,1,12,11.174908424908425
85,1,13,11.495268620268622
85,1,14,12.036172161172162
85,1,15,12.640567765567766
85,1,16,14.368589743589743
85,1,17,17.23739316239316
85,1,18,19.69532967032967
85,1,19,20.41346153846154
85,1,20,20.776556776556774
85,1,21,21.611263736263734
85,1,22,22.256410256410255
85,1,23,22.671703296703296
85,2,0,23.23076923076923
85,2,1,23.23076923076923
85,2,2,23.23076923076923
85,2,3,23.23076923076923
85,2,4,23.192307692307693
85,2,5,23.4757326007326
85,2,6,22.628663003663004
85,2,7,17.013422688422686
85,2,8,9.612942612942614
85,2,9,8.559065934065934
85,2,10,7.930402930402931
85,2,11,9.087606837606838
85,2,12,11.796703296703297
85,2,13,12.923076923076923
85,2,14,13.137362637362637
85,2,15,13.446275946275945
85,2,16,14.521045621045621
85,2,17,18.319871794871794
85,2,18,20.011904761904763
85,2,19,21.72603785103785
85,2,20,22.198260073260073
85,2,21,22.56639194139194
85,2,22,23.084249084249084
85,2,23,23.35164835164835
85,3,0,23.384615384615383
85,3,1,23.384615384615383
85,3,2,23.0
85,3,3,23.0
85,3,4,22.944444444444443
85,3,5,24.054563492063494
85,3,6,24.053113553113555
85,3,7,18.30011655011655
85,3,8,10.275335775335776
85,3,9,10.439102564102566
85,3,10,11.120421245421246
85,3,11,11.746336996336996
85,3,12,17.748321123321123
85,3,13,18.2985347985348
85,3,14,17.899725274725274
85,3,15,17.848748473748472
85,3,16,19.41807081807082
85,3,17,22.51935286935287
85,3,18,24.20680708180708
85,3,19,25.031440781440782
85,3,20,25.60805860805861
85,3,21,26.154761904761905
85,3,22,26.873626373626372
85,3,23,27.324175824175825
85,4,0,27.384615384615383
85,4,1,27.384615384615383
85,4,2,27.384615384615383
85,4,3,27.384615384615383
85,4,4,27.384615384615383
85,4,5,26.85897435897436
85,4,6,25.224053724053725
85,4,7,21.55277777777778
85,4,8,17.23772893772894
85,4,9,16.31166056166056
85,4,10,15.888278388278387
85,4,11,15.847985347985347
85,4,12,16.36492673992674
85,4,13,16.169871794871796
85,4,14,15.753205128205128
85,4,15,15.53525641025641
85,4,16,16.8520757020757
85,4,17,17.80885225885226
85,4,18,17.861721611721613
85,4,19,17.673076923076923
85,4,20,17.680860805860807
85,4,21,17.816849816849818
85,4,22,18.799450549450547
85,4,23,19.209249084249084
85,5,0,19.384615384615383
85,5,1,19.384615384615383
85,5,2,19.384615384615383
85,5,3,19.384615384615383
85,5,4,19.362637362637365
85,5,5,19.282509157509157
85,5,6,19.318681318681318
85,5,7,18.91529304029304
85,5,8,17.649891774891778
85,5,9,16.687576312576315
85,5,10,16.965811965811966
85,5,11,15.404059829059829
85,5,12,14.688339438339439
85,5,13,14.008241758241759
85,5,14,13.83089133089133
85,5,15,14.316391941391942
85,5,16,14.60396547896548
85,5,17,14.407203907203906
85,5,18,14.233516483516484
85,5,19,14.44612332112332
85,5,20,14.836996336996338
85,5,21,15.26007326007326
85,5,22,15.534188034188036
85,5,23,16.09157509157509
85,6,0,16.46153846153846
85,6,1,16.46153846153846
85,6,2,16.48717948717949
85,6,3,16.53846153846154
85,6,4,16.595238095238095
85,6,5,16.532967032967033
85,6,6,16.5
85,6,7,16.07967032967033
85,6,8,15.443223443223443
85,6,9,13.613095238095239
85,6,10,12.285561660561662
85,6,11,11.36614774114774
85,6,12,10.895238095238096
85,6,13,10.453479853479852
85,6,14,10.24053724053724
85,6,15,10.467338217338218
85,6,16,11.1753663003663
85,6,17,11.8756105006105
85,6,18,12.349816849816849
85,6,19,12.764194139194139
85,6,20,13.388278388278387
85,6,21,13.525641025641026
85,6,22,13.445054945054945
85,6,23,13.79945054945055
86,0,0,32.38461538461539
86,0,1,32.38461538461539
86,0,2,32.46153846153846
86,0,3,32.46153846153846
86,0,4,32.501831501831504
86,0,5,31.20787545787546
86,0,6,29.54685314685315
86,0,7,18.651148851148854
86,0,8,13.603421578421578
86,0,9,12.357600732600732
86,0,10,11.242673992673993
86,0,11,9.136080586080585
86,0,12,9.646803196803196
86,0,13,8.857173382173382
86,0,14,9.049847374847374
86,0,15,12.218376068376067
86,0,16,20.050174825174828
86,0,17,25.479195804195804
86,0,18,28.33745421245421
86,0,19,28.572954822954824
86,0,20,29.27991452991453
86,0,21,29.315018315018314
86,0,22,29.333333333333332
86,0,23,29.296703296703296
86,1,0,29.307692307692307
86,1,1,29.307692307692307
86,1,2,29.307692307692307
86,1,3,29.307692307692307
86,1,4,29.272893772893774
86,1,5,27.154331779331777
86,1,6,24.53274503274503
86,1,7,6.68490675990676
86,1,8,0.6120879120879121
86,1,9,1.0175518925518925
86,1,10,1.7007020757020757
86,1,11,2.0085470085470085
86,1,12,1.6820818070818069
86,1,13,1.4583333333333333
86,1,14,1.4032356532356534
86,1,15,4.983366633366633
86,1,16,18.773504273504273
86,1,17,31.568045843045844
86,1,18,34.810841935841935
86,1,19,35.30112942612943
86,1,20,35.06578144078144
86,1,21,35.99038461538461
86,1,22,36.866300366300365
86,1,23,37.0
86,2,0,37.0
86,2,1,37.0
86,2,2,37.0
86,2,3,37.0
86,2,4,36.98901098901099
86,2,5,35.40729548229548
86,2,6,31.060239760239764
86,2,7,12.06899766899767
86,2,8,2.381096681096681
86,2,9,1.363858363858364
86,2,10,1.4471916971916972
86,2,11,1.9795482295482296
86,2,12,2.2512820512820513
86,2,13,2.244047619047619
86,2,14,2.882142857142857
86,2,15,9.527622377622377
86,2,16,23.77913752913753
86,2,17,35.081496281496285
86,2,18,36.50723443223443
86,2,19,36.547008547008545
86,2,20,36.10485347985348
86,2,21,36.53101343101343
86,2,22,36.60027472527473
86,2,23,36.87912087912088
86,3,0,36.92307692307692
86,3,1,36.92307692307692
86,3,2,36.92857142857143
86,3,3,36.916666666666664
86,3,4,36.87896825396825
86,3,5,35.30363756613757
86,3,6,31.864198532948535
86,3,7,16.53973063973064
86,3,8,4.768512506012506
86,3,9,6.1138583638583635
86,3,10,6.0346153846153845
86,3,11,6.784645909645909
86,3,12,4.837667887667887
86,3,13,4.099969474969475
86,3,14,3.9084249084249083
86,3,15,7.249825174825175
86,3,16,21.710994560994557
86,3,17,31.331648906648905
86,3,18,34.33537851037851
86,3,19,35.537362637362634
86,3,20,35.270604395604394
86,3,21,35.026098901098905
86,3,22,35.27747252747253
86,3,23,35.39972527472527
86,4,0,35.46153846153846
86,4,1,35.46153846153846
86,4,2,35.46153846153846
86,4,3,35.46153846153846
86,4,4,35.5
86,4,5,34.170573870573875
86,4,6,31.64364801864802
86,4,7,25.662839937839937
86,4,8,19.570848595848595
86,4,9,17.43177655677656
86,4,10,16.16935286935287
86,4,11,16.10912420912421
86,4,12,15.3501221001221
86,4,13,15.512212787212787
86,4,14,16.131937506937508
86,4,15,18.60003885003885
86,4,16,25.641020091020092
86,4,17,28.398187923187923
86,4,18,29.48561161061161
86,4,19,29.860500610500612
86,4,20,30.08516483516484
86,4,21,31.047008547008545
86,4,22,32.072496947496944
86,4,23,32.64010989010989
86,5,0,32.69230769230769
86,5,1,32.69230769230769
86,5,2,32.69230769230769
86,5,3,32.69230769230769
86,5,4,32.788919413919416
86,5,5,32.63278388278388
86,5,6,33.10470085470085
86,5,7,33.155525030525034
86,5,8,32.41101953601954
86,5,9,31.08730158730159
86,5,10,30.366255966255967
86,5,11,29.31377788877789
86,5,12,29.739360639360637
86,5,13,26.83668831168831
86,5,14,26.070665445665444
86,5,15,27.757978132978135
86,5,16,27.556621156621155
86,5,17,26.668006993006994
86,5,18,28.2251221001221
86,5,19,29.923870573870577
86,5,20,29.877442002442002
86,5,21,30.11965811965812
86,5,22,30.701770451770454
86,5,23,30.816239316239315
86,6,0,30.846153846153847
86,6,1,30.846153846153847
86,6,2,30.923076923076923
86,6,3,30.923076923076923
86,6,4,30.951159951159948
86,6,5,31.04258241758242
86,6,6,30.93452380952381
86,6,7,31.18464590964591
86,6,8,30.886904761904763
86,6,9,29.311202686202687
86,6,10,27.44380341880342
86,6,11,27.357905982905983
86,6,12,26.74640637140637
86,6,13,26.72621822621823
86,6,14,27.15601343101343
86,6,15,28.594375069375072
86,6,16,30.053063603063602
86,6,17,30.43925518925519
86,6,18,29.996198246198244
86,6,19,30.719169719169717
86,6,20,30.91971916971917
86,6,21,31.222985347985347
86,6,22,31.772893772893774
86,6,23,32.229395604395606
87,0,0,25.615384615384617
87,0,1,25.615384615384617
87,0,2,25.615384615384617
87,0,3,25.615384615384617
87,0,4,25.751373626373628
87,0,5,25.03617216117216
87,0,6,24.1268315018315
87,0,7,19.586019536019535
87,0,8,15.271520146520146
87,0,9,13.438095238095238
87,0,10,12.055097680097681
87,0,11,11.107212232212232
87,0,12,10.940934065934066
87,0,13,10.861263736263737
87,0,14,10.60576923076923
87,0,15,11.05017205017205
87,0,16,11.919108669108669
87,0,17,13.610886335886336
87,0,18,15.52912087912088
87,0,19,16.111721611721613
87,0,20,16.79532967032967
87,0,21,17.506257631257633
87,0,22,18.322344322344325
87,0,23,18.874084249084248
87,1,0,18.923076923076923
87,1,1,18.923076923076923
87,1,2,18.923076923076923
87,1,3,18.923076923076923
87,1,4,19.083638583638585
87,1,5,18.481227106227106
87,1,6,18.045787545787547
87,1,7,14.589898989898991
87,1,8,5.188489288489288
87,1,9,2.1784798534798537
87,1,10,1.2948717948717947
87,1,11,1.1303113553113553
87,1,12,0.8527167277167277
87,1,13,1.041025641025641
87,1,14,1.578907203907204
87,1,15,2.298931623931624
87,1,16,3.6415445665445665
87,1,17,10.615262515262515
87,1,18,14.915462315462317
87,1,19,18.50671550671551
87,1,20,19.809981684981686
87,1,21,20.967032967032967
87,1,22,22.39377289377289
87,1,23,23.07967032967033
87,2,0,23.483516483516482
87,2,1,23.53846153846154
87,2,2,23.53846153846154
87,2,3,23.53846153846154
87,2,4,23.654761904761905
87,2,5,23.39392551892552
87,2,6,22.37851037851038
87,2,7,17.656216006216006
87,2,8,10.940262515262514
87,2,9,8.00473137973138
87,2,10,7.262515262515263
87,2,11,6.848748473748473
87,2,12,6.6726190476190474
87,2,13,6.901404151404152
87,2,14,6.968864468864469
87,2,15,7.553571428571429
87,2,16,9.276129426129426
87,2,17,17.782905982905984
87,2,18,25.566033966033963
87,2,19,29.007539682539683
87,2,20,29.794871794871792
87,2,21,30.465750915750917
87,2,22,31.021214896214897
87,2,23,31.45787545787546
87,3,0,31.53846153846154
87,3,1,31.56043956043956
87,3,2,33.166666666666664
87,3,3,33.166666666666664
87,3,4,33.117063492063494
87,3,5,32.45982142857142
87,3,6,31.975363756613756
87,3,7,27.149684343434345
87,3,8,22.451058201058203
87,3,9,19.532203907203908
87,3,10,17.549908424908423
87,3,11,15.190018315018316
87,3,12,14.994139194139194
87,3,13,14.230006105006105
87,3,14,13.042521367521367
87,3,15,13.637362637362637
87,3,16,15.546037296037296
87,3,17,19.737179487179485
87,3,18,24.16431623931624
87,3,19,27.733127983127982
87,3,20,28.81242368742369
87,3,21,29.500457875457876
87,3,22,30.322802197802197
87,3,23,30.907509157509157
87,4,0,31.0
87,4,1,31.0
87,4,2,31.0
87,4,3,31.0
87,4,4,31.029761904761905
87,4,5,30.685195360195358
87,4,6,29.61340048840049
87,4,7,27.159279609279608
87,4,8,24.993742368742367
87,4,9,22.489010989010985
87,4,10,20.229395604395602
87,4,11,17.904334554334554
87,4,12,17.552197802197803
87,4,13,16.861568986568987
87,4,14,17.30154567654568
87,4,15,18.26510989010989
87,4,16,19.6018981018981
87,4,17,20.784981684981684
87,4,18,21.815567765567764
87,4,19,23.405982905982906
87,4,20,24.78525641025641
87,4,21,25.633547008547005
87,4,22,26.217399267399266
87,4,23,26.85286935286935
87,5,0,27.076923076923077
87,5,1,27.076923076923077
87,5,2,27.076923076923077
87,5,3,27.076923076923077
87,5,4,27.076923076923077
87,5,5,26.60805860805861
87,5,6,26.043498168498168
87,5,7,25.618589743589745
87,5,8,24.380799755799753
87,5,9,22.640873015873016
87,5,10,22.50228937728938
87,5,11,23.027777777777775
87,5,12,22.8993894993895
87,5,13,22.833516483516483
87,5,14,22.15842490842491
87,5,15,21.64270451770452
87,5,16,22.185231435231437
87,5,17,22.649725274725274
87,5,18,23.54471916971917
87,5,19,23.735195360195362
87,5,20,23.748626373626372
87,5,21,24.619047619047617
87,5,22,24.488003663003663
87,5,23,25.27228327228327
87,6,0,25.53846153846154
87,6,1,25.53846153846154
87,6,2,25.53846153846154
87,6,3,25.53846153846154
87,6,4,25.58241758241758
87,6,5,25.14316239316239
87,6,6,23.75503663003663
87,6,7,23.58021978021978
87,6,8,22.217490842490843
87,6,9,21.093589743589742
87,6,10,20.791971916971917
87,6,11,21.20680708180708
87,6,12,21.339590964590965
87,6,13,21.7271978021978
87,6,14,22.238247863247864
87,6,15,22.58470695970696
87,6,16,22.362637362637365
87,6,17,22.741452991452995
87,6,18,23.115323565323568
87,6,19,23.674908424908423
87,6,20,23.9968253968254
87,6,21,24.14010989010989
87,6,22,24.497252747252748
87,6,23,25.423687423687422
88,0,0,23.53846153846154
88,0,1,23.53846153846154
88,0,2,23.53846153846154
88,0,3,23.53846153846154
88,0,4,23.46245421245421
88,0,5,22.27457264957265
88,0,6,21.443833943833944
88,0,7,18.58543956043956
88,0,8,13.723290598290598
88,0,9,12.77991452991453
88,0,10,12.159951159951161
88,0,11,12.289377289377288
88,0,12,12.150946275946277
88,0,13,11.570054945054945
88,0,14,12.128357753357752
88,0,15,12.829822954822955
88,0,16,13.67967032967033
88,0,17,15.83507326007326
88,0,18,17.013125763125764
88,0,19,17.89331501831502
88,0,20,18.986721611721613
88,0,21,20.162393162393162
88,0,22,20.88064713064713
88,0,23,21.191086691086692
88,1,0,21.384615384615383
88,1,1,21.384615384615383
88,1,2,21.384615384615383
88,1,3,21.384615384615383
88,1,4,21.23305860805861
88,1,5,19.899725274725274
88,1,6,18.659188034188034
88,1,7,15.107392607392608
88,1,8,8.935958485958487
88,1,9,8.115384615384615
88,1,10,8.122710622710622
88,1,11,7.487332112332112
88,1,12,6.973901098901099
88,1,13,7.1094322344322345
88,1,14,7.545787545787546
88,1,15,8.533577533577533
88,1,16,10.912484737484736
88,1,17,15.031007881007882
88,1,18,16.872557997557998
88,1,19,17.92912087912088
88,1,20,18.744047619047617
88,1,21,18.90369352869353
88,1,22,20.194017094017095
88,1,23,20.78021978021978
88,2,0,21.0
88,2,1,21.0
88,2,2,21.0
88,2,3,21.0
88,2,4,20.638431013431013
88,2,5,19.107753357753356
88,2,6,17.645421245421247
88,2,7,12.81685259185259
88,2,8,7.498762348762349
88,2,9,6.454822954822955
88,2,10,6.4191086691086685
88,2,11,6.668223443223444
88,2,12,6.7670024420024415
88,2,13,6.6309523809523805
88,2,14,7.496642246642247
88,2,15,7.78556166056166
88,2,16,10.583846708846709
88,2,17,16.149053724053722
88,2,18,18.379090354090355
88,2,19,19.472560772560772
88,2,20,20.987942612942614
88,2,21,21.706043956043956
88,2,22,23.051739926739927
88,2,23,24.1013431013431
88,3,0,24.307692307692307
88,3,1,24.307692307692307
88,3,2,23.833333333333332
88,3,3,23.833333333333332
88,3,4,23.60267857142857
88,3,5,22.981646825396826
88,3,6,21.108366402116403
88,3,7,15.296022727272728
88,3,8,10.851190476190476
88,3,9,10.549603174603176
88,3,10,11.403571428571428
88,3,11,11.655372405372406
88,3,12,12.251984126984127
88,3,13,11.90583028083028
88,3,14,12.31135531135531
88,3,15,13.209859584859585
88,3,16,14.958852258852259
88,3,17,18.600557775557775
88,3,18,20.453724053724052
88,3,19,21.311738261738263
88,3,20,22.45711233211233
88,3,21,22.987637362637365
88,3,22,24.12210012210012
88,3,23,24.779304029304033
88,4,0,24.923076923076923
88,4,1,24.923076923076923
88,4,2,24.923076923076923
88,4,3,24.923076923076923
88,4,4,24.7257326007326
88,4,5,23.72481684981685
88,4,6,22.96825396825397
88,4,7,19.96920024420024
88,4,8,16.441544566544568
88,4,9,15.218406593406595
88,4,10,14.674908424908425
88,4,11,14.949114774114774
88,4,12,15.493437118437118
88,4,13,15.262210012210012
88,4,14,15.907967032967033
88,4,15,16.586691086691086
88,4,16,18.21761294261294
88,4,17,20.125732600732597
88,4,18,19.958791208791208
88,4,19,20.637667887667888
88,4,20,21.32051282051282
88,4,21,21.81456043956044
88,4,22,22.71352258852259
88,4,23,23.31181318681319
88,5,0,23.53846153846154
88,5,1,23.53846153846154
88,5,2,23.53846153846154
88,5,3,23.53846153846154
88,5,4,23.36080586080586
88,5,5,22.448107448107447
88,5,6,21.620268620268618
88,5,7,20.929057054057054
88,5,8,20.112179487179485
88,5,9,20.09655067155067
88,5,10,19.839807414807414
88,5,11,18.804639804639805
88,5,12,18.29642857142857
88,5,13,18.089285714285715
88,5,14,18.411630036630036
88,5,15,18.76068376068376
88,5,16,19.743192918192918
88,5,17,20.21978021978022
88,5,18,20.73250915750916
88,5,19,20.811965811965813
88,5,20,21.355006105006108
88,5,21,21.58108558108558
88,5,22,22.029456654456656
88,5,23,22.109126984126984
88,6,0,22.153846153846153
88,6,1,22.153846153846153
88,6,2,22.153846153846153
88,6,3,22.153846153846153
88,6,4,22.144688644688646
88,6,5,22.054945054945055
88,6,6,21.81288156288156
88,6,7,21.152472527472526
88,6,8,20.42032967032967
88,6,9,19.649114774114775
88,6,10,18.55128205128205
88,6,11,18.285409035409035
88,6,12,18.638583638583636
88,6,13,19.211996336996336
88,6,14,19.469322344322343
88,6,15,19.60778388278388
88,6,16,19.977397602397602
88,6,17,20.917765567765567
88,6,18,21.187728937728938
88,6,19,22.041208791208792
88,6,20,22.446886446886445
88,6,21,22.72664835164835
88,6,22,23.051739926739927
88,6,23,23.340811965811966
89,0,0,2.6153846153846154
89,0,1,2.6153846153846154
89,0,2,2.6153846153846154
89,0,3,2.6153846153846154
89,0,4,2.6153846153846154
89,0,5,2.56959706959707
89,0,6,2.402930402930403
89,0,7,3.925030525030525
89,0,8,6.747741147741148
89,0,9,8.093711843711844
89,0,10,8.69993894993895
89,0,11,8.156135531135531
89,0,12,7.477564102564102
89,0,13,8.019993894993895
89,0,14,7.472710622710623
89,0,15,6.902930402930403
89,0,16,3.997072372072372
89,0,17,2.386141636141636
89,0,18,2.133852258852259
89,0,19,1.8846153846153846
89,0,20,1.661172161172161
89,0,21,1.3443223443223442
89,0,22,1.2765567765567765
89,0,23,1.3846153846153846
89,1,0,1.3846153846153846
89,1,1,1.3846153846153846
89,1,2,1.3846153846153846
89,1,3,1.3846153846153846
89,1,4,1.3846153846153846
89,1,5,1.6868131868131866
89,1,6,1.5892857142857142
89,1,7,3.7879120879120878
89,1,8,7.375763125763125
89,1,9,8.90430402930403
89,1,10,9.351190476190476
89,1,11,9.458638583638583
89,1,12,8.453754578754578
89,1,13,8.787087912087912
89,1,14,8.570512820512821
89,1,15,6.565934065934067
89,1,16,3.2040598290598292
89,1,17,1.965781440781441
89,1,18,1.296245421245421
89,1,19,1.0567765567765568
89,1,20,0.9706959706959707
89,1,21,1.208791208791209
89,1,22,1.3608058608058609
89,1,23,1.4175824175824177
89,2,0,1.6153846153846154
89,2,1,1.6153846153846154
89,2,2,1.6153846153846154
89,2,3,1.6153846153846154
89,2,4,1.5989010989010988
89,2,5,1.4487179487179487
89,2,6,1.5836385836385838
89,2,7,4.185592185592186
89,2,8,8.71978021978022
89,2,9,10.474816849816849
89,2,10,11.394993894993895
89,2,11,11.55546398046398
89,2,12,10.5485347985348
89,2,13,10.332875457875458
89,2,14,9.473443223443223
89,2,15,7.739774114774115
89,2,16,3.8623043623043625
89,2,17,1.9395604395604396
89,2,18,1.7809523809523808
89,2,19,1.2225274725274724
89,2,20,1.0091575091575091
89,2,21,0.9230769230769231
89,2,22,0.8553113553113553
89,2,23,0.7884615384615384
89,3,0,0.7692307692307693
89,3,1,0.7692307692307693
89,3,2,0.8333333333333334
89,3,3,0.8333333333333334
89,3,4,0.8611111111111112
89,3,5,1.0317460317460319
89,3,6,1.2673611111111112
89,3,7,3.625462962962963
89,3,8,7.490244708994709
89,3,9,10.290376984126985
89,3,10,9.993589743589743
89,3,11,9.395787545787545
89,3,12,7.403846153846154
89,3,13,7.800824175824176
89,3,14,6.8809523809523805
89,3,15,4.85454822954823
89,3,16,2.18482905982906
89,3,17,1.4727411477411478
89,3,18,1.0787545787545787
89,3,19,1.0384615384615385
89,3,20,0.8012820512820512
89,3,21,0.4725274725274725
89,3,22,0.4816849816849817
89,3,23,0.4519230769230769
89,4,0,0.46153846153846156
89,4,1,0.46153846153846156
89,4,2,0.46153846153846156
89,4,3,0.46153846153846156
89,4,4,0.4807692307692308
89,4,5,0.631868131868132
89,4,6,0.6373626373626374
89,4,7,2.451984126984127
89,4,8,5.01541514041514
89,4,9,6.022893772893773
89,4,10,6.3177655677655675
89,4,11,6.232448107448107
89,4,12,5.461233211233211
89,4,13,6.088675213675213
89,4,14,5.60485347985348
89,4,15,4.337148962148962
89,4,16,2.6306471306471306
89,4,17,1.6071428571428572
89,4,18,2.06959706959707
89,4,19,2.010989010989011
89,4,20,1.7307692307692308
89,4,21,1.5457875457875458
89,4,22,1.561813186813187
89,4,23,1.2307692307692308
89,5,0,1.2307692307692308
89,5,1,1.2307692307692308
89,5,2,1.2307692307692308
89,5,3,1.2307692307692308
89,5,4,1.2307692307692308
89,5,5,1.1648351648351647
89,5,6,1.1538461538461537
89,5,7,1.2692307692307692
89,5,8,1.7678571428571428
89,5,9,1.8507326007326008
89,5,10,1.456043956043956
89,5,11,1.489010989010989
89,5,12,1.5302197802197801
89,5,13,1.7765567765567765
89,5,14,2.054945054945055
89,5,15,2.0732600732600734
89,5,16,2.1011904761904763
89,5,17,2.223901098901099
89,5,18,2.291208791208791
89,5,19,2.3351648351648353
89,5,20,2.474358974358974
89,5,21,2.576923076923077
89,5,22,2.4065934065934065
89,5,23,2.3846153846153846
89,6,0,2.3846153846153846
89,6,1,2.3846153846153846
89,6,2,2.3846153846153846
89,6,3,2.3846153846153846
89,6,4,2.3846153846153846
89,6,5,2.3186813186813184
89,6,6,2.3076923076923075
89,6,7,2.2637362637362637
89,6,8,2.2857142857142856
89,6,9,2.421245421245421
89,6,10,2.5521978021978025
89,6,11,2.679029304029304
89,6,12,2.5961538461538463
89,6,13,2.458791208791209
89,6,14,2.241758241758242
89,6,15,2.151098901098901
89,6,16,2.25
89,6,17,2.4615384615384617
89,6,18,2.6153846153846154
89,6,19,2.659340659340659
89,6,20,2.582417582417582
89,6,21,2.5384615384615383
89,6,22,2.498168498168498
89,6,23,2.604395604395604
9,0,0,12.615384615384615
9,0,1,12.615384615384615
9,0,2,12.615384615384615
9,0,3,12.615384615384615
9,0,4,12.741758241758241
9,0,5,13.838827838827838
9,0,6,16.048015873015874
9,0,7,14.015401265401266
9,0,8,15.43354700854701
9,0,9,16.988034188034188
9,0,10,20.043095793095794
9,0,11,19.362703962703964
9,0,12,15.899336774336774
9,0,13,13.087121212121211
9,0,14,11.272902097902099
9,0,15,12.32129537129537
9,0,16,12.42886557886558
9,0,17,10.937615162615163
9,0,18,11.40816405816406
9,0,19,9.600804750804752
9,0,20,7.515170940170941
9,0,21,6.308516483516484
9,0,22,4.916208791208791
9,0,23,4.3282967032967035
9,1,0,4.3076923076923075
9,1,1,4.3076923076923075
9,1,2,4.3076923076923075
9,1,3,4.3076923076923075
9,1,4,4.352106227106227
9,1,5,5.346764346764346
9,1,6,7.805586080586081
9,1,7,12.798368298368299
9,1,8,15.90588578088578
9,1,9,14.231682206682207
9,1,10,14.865795315795314
9,1,11,14.203457653457653
9,1,12,13.347688422688423
9,1,13,11.861538461538462
9,1,14,11.870948495948495
9,1,15,10.648368298368299
9,1,16,9.62064602064602
9,1,17,7.296114996114996
9,1,18,5.47008547008547
9,1,19,4.012454212454212
9,1,20,3.278998778998779
9,1,21,2.186355311355311
9,1,22,1.1886446886446886
9,1,23,0.8113553113553114
9,2,0,0.8461538461538461
9,2,1,0.8461538461538461
9,2,2,0.8461538461538461
9,2,3,0.8461538461538461
9,2,4,1.164835164835165
9,2,5,2.401190476190476
9,2,6,6.361843711843712
9,2,7,9.631390831390831
9,2,8,14.627564102564103
9,2,9,16.777622377622375
9,2,10,16.545643245643245
9,2,11,15.167735042735043
9,2,12,13.171406371406372
9,2,13,12.049012099012097
9,2,14,11.302572427572427
9,2,15,13.208100233100234
9,2,16,12.0989898989899
9,2,17,11.253088578088578
9,2,18,10.676515151515153
9,2,19,8.749592074592075
9,2,20,6.588125763125763
9,2,21,4.474017649017648
9,2,22,3.401906426906427
9,2,23,2.6826923076923075
9,3,0,2.6923076923076925
9,3,1,2.6923076923076925
9,3,2,2.9166666666666665
9,3,3,2.9166666666666665
9,3,4,3.4102182539682544
9,3,5,4.831679894179895
9,3,6,7.135542929292929
9,3,7,8.283080808080808
9,3,8,14.397327441077442
9,3,9,15.596975709475709
9,3,10,14.076434676434676
9,3,11,16.95143745143745
9,3,12,17.46740481740482
9,3,13,12.334090909090909
9,3,14,11.752719502719502
9,3,15,12.497474747474747
9,3,16,12.853146853146853
9,3,17,15.292890442890442
9,3,18,16.199669774669776
9,3,19,12.641394716394716
9,3,20,9.333152958152958
9,3,21,6.955336330336331
9,3,22,4.89570707070707
9,3,23,3.9186507936507935
9,4,0,4.076923076923077
9,4,1,4.076923076923077
9,4,2,4.076923076923077
9,4,3,4.076923076923077
9,4,4,4.13003663003663
9,4,5,4.839713064713065
9,4,6,6.485347985347985
9,4,7,6.925940725940726
9,4,8,12.74215229215229
9,4,9,17.26017871017871
9,4,10,17.585134310134308
9,4,11,16.5499222999223
9,4,12,16.0502331002331
9,4,13,13.246814296814296
9,4,14,13.456832056832058
9,4,15,14.080463980463982
9,4,16,14.926845376845376
9,4,17,16.071950271950275
9,4,18,18.911324786324787
9,4,19,21.167143967143968
9,4,20,20.382936507936506
9,4,21,18.011063936063938
9,4,22,14.58956043956044
9,4,23,11.372496947496947
9,5,0,10.846153846153847
9,5,1,10.846153846153847
9,5,2,10.846153846153847
9,5,3,10.846153846153847
9,5,4,10.631868131868133
9,5,5,11.74084249084249
9,5,6,13.591575091575091
9,5,7,14.123626373626374
9,5,8,15.101648351648352
9,5,9,16.732581307581306
9,5,10,16.22797202797203
9,5,11,17.977544677544678
9,5,12,17.818084693084693
9,5,13,17.31775446775447
9,5,14,19.359465534465535
9,5,15,19.3000666000666
9,5,16,20.06052836052836
9,5,17,20.393298368298368
9,5,18,21.621450771450775
9,5,19,22.625671550671548
9,5,20,22.592948717948715
9,5,21,21.708211233211234
9,5,22,18.561072261072262
9,5,23,16.44252136752137
9,6,0,16.13186813186813
9,6,1,16.153846153846153
9,6,2,16.153846153846153
9,6,3,16.153846153846153
9,6,4,16.117216117216117
9,6,5,17.61144688644689
9,6,6,18.551739926739927
9,6,7,18.384310134310134
9,6,8,18.713217338217337
9,6,9,20.734543234543235
9,6,10,18.030658230658233
9,6,11,17.30933510933511
9,6,12,17.065112665112665
9,6,13,17.311102786102786
9,6,14,17.490293040293043
9,6,15,17.579700854700857
9,6,16,17.68218170718171
9,6,17,18.5776529026529
9,6,18,19.204334554334554
9,6,19,18.94095904095904
9,6,20,17.96794871794872
9,6,21,16.554140304140304
9,6,22,14.57094017094017
9,6,23,12.710622710622712
90,0,0,13.384615384615385
90,0,1,13.384615384615385
90,0,2,13.384615384615385
90,0,3,13.384615384615385
90,0,4,11.807692307692308
90,0,5,9.243600843600843
90,0,6,11.436577311577311
90,0,7,19.59384018759019
90,0,8,29.56550394050394
90,0,9,28.13760683760684
90,0,10,28.18043345543345
90,0,11,26.443179043179043
90,0,12,26.090379065379064
90,0,13,26.89012099012099
90,0,14,23.235664335664335
90,0,15,14.021184371184372
90,0,16,4.192385392385392
90,0,17,4.643550893550893
90,0,18,7.032686757686758
90,0,19,8.79722222222222
90,0,20,8.495573870573871
90,0,21,8.624542124542124
90,0,22,8.455128205128206
90,0,23,8.576923076923077
90,1,0,8.615384615384615
90,1,1,8.615384615384615
90,1,2,8.615384615384615
90,1,3,8.615384615384615
90,1,4,8.2985347985348
90,1,5,8.457886557886557
90,1,6,13.984654234654235
90,1,7,30.698484848484846
90,1,8,34.32338772338772
90,1,9,31.095299145299144
90,1,10,30.68574481074481
90,1,11,29.094133644133645
90,1,12,27.891799866799865
90,1,13,28.459454434454432
90,1,14,23.288539238539236
90,1,15,9.309013209013209
90,1,16,0.38690476190476186
90,1,17,0.9935703185703186
90,1,18,2.1062160062160062
90,1,19,2.8313492063492065
90,1,20,3.7793345543345542
90,1,21,4.840811965811966
90,1,22,5.105769230769231
90,1,23,5.396520146520146
90,2,0,4.923076923076923
90,2,1,4.923076923076923
90,2,2,4.923076923076923
90,2,3,4.923076923076923
90,2,4,4.891941391941392
90,2,5,6.931518481518482
90,2,6,12.106526806526805
90,2,7,31.990909090909092
90,2,8,36.14570429570429
90,2,9,34.1930402930403
90,2,10,33.323015873015876
90,2,11,29.963908313908313
90,2,12,27.873643023643027
90,2,13,27.5787851037851
90,2,14,22.111169386169387
90,2,15,8.871794871794872
90,2,16,0.4345543345543345
90,2,17,0.8725135975135975
90,2,18,1.705919080919081
90,2,19,3.030128205128205
90,2,20,4.0562576312576315
90,2,21,4.867826617826617
90,2,22,4.825549450549451
90,2,23,4.846153846153846
90,3,0,4.846153846153846
90,3,1,4.846153846153846
90,3,2,5.166666666666667
90,3,3,5.166666666666667
90,3,4,5.190476190476191
90,3,5,6.214288720538721
90,3,6,9.954166666666667
90,3,7,23.29951298701299
90,3,8,33.46376262626263
90,3,9,31.447925685425684
90,3,10,28.37554945054945
90,3,11,27.109654234654236
90,3,12,26.99230769230769
90,3,13,27.3485236985237
90,3,14,23.581179931179932
90,3,15,10.779528804528805
90,3,16,1.0484459984459984
90,3,17,1.1558302808302807
90,3,18,1.3900738150738152
90,3,19,1.9002469752469753
90,3,20,2.8714285714285714
90,3,21,3.5538766788766787
90,3,22,2.5845543345543343
90,3,23,2.31486568986569
90,4,0,2.3076923076923075
90,4,1,2.3076923076923075
90,4,2,2.3076923076923075
90,4,3,2.3076923076923075
90,4,4,2.2857142857142856
90,4,5,3.6829365079365077
90,4,6,8.669391719391719
90,4,7,19.784673659673658
90,4,8,29.79294871794872
90,4,9,30.659798534798536
90,4,10,29.690323565323563
90,4,11,26.82488344988345
90,4,12,24.48024753024753
90,4,13,23.65661283161283
90,4,14,20.789957264957266
90,4,15,12.272743922743924
90,4,16,2.570687645687646
90,4,17,1.3005189255189256
90,4,18,2.7373321123321124
90,4,19,3.306349206349206
90,4,20,3.417216117216117
90,4,21,3.7326007326007327
90,4,22,3.5323565323565322
90,4,23,4.086538461538462
90,5,0,4.230769230769231
90,5,1,4.230769230769231
90,5,2,4.230769230769231
90,5,3,4.230769230769231
90,5,4,4.205128205128205
90,5,5,4.077838827838828
90,5,6,4.001831501831502
90,5,7,3.1103479853479854
90,5,8,2.001923076923077
90,5,9,1.8182234432234432
90,5,10,1.8821733821733821
90,5,11,1.7956959706959705
90,5,12,1.1760739260739261
90,5,13,1.9834859584859585
90,5,14,3.242979242979243
90,5,15,4.303113553113553
90,5,16,6.276800976800977
90,5,17,7.6856643356643355
90,5,18,8.272435897435898
90,5,19,9.27039072039072
90,5,20,9.632631257631258
90,5,21,9.411477411477412
90,5,22,8.609432234432235
90,5,23,8.725824175824176
90,6,0,8.846153846153847
90,6,1,8.846153846153847
90,6,2,8.846153846153847
90,6,3,8.846153846153847
90,6,4,8.868131868131867
90,6,5,8.887179487179488
90,6,6,9.008241758241759
90,6,7,8.745421245421245
90,6,8,8.25885225885226
90,6,9,7.193223443223443
90,6,10,5.988064713064713
90,6,11,5.429487179487179
90,6,12,5.312728937728938
90,6,13,6.292124542124541
90,6,14,7.276709401709402
90,6,15,8.76523199023199
90,6,16,9.443847818847818
90,6,17,10.496947496947497
90,6,18,10.870879120879122
90,6,19,11.349358974358974
90,6,20,12.326159951159951
90,6,21,12.559523809523808
90,6,22,12.740384615384615
90,6,23,13.150091575091576
91,0,0,25.692307692307693
91,0,1,25.692307692307693
91,0,2,25.692307692307693
91,0,3,25.692307692307693
91,0,4,25.19322344322344
91,0,5,22.913406038406038
91,0,6,16.156290931290933
91,0,7,9.307575757575759
91,0,8,7.218864468864468
91,0,9,6.6897130647130645
91,0,10,7.262820512820513
91,0,11,7.683028083028083
91,0,12,7.425671550671551
91,0,13,8.607295482295482
91,0,14,9.401162726162726
91,0,15,13.138986013986015
91,0,16,17.250849150849152
91,0,17,22.47541625041625
91,0,18,24.835664335664337
91,0,19,25.328266178266176
91,0,20,25.32644855144855
91,0,21,25.025824175824177
91,0,22,25.596459096459096
91,0,23,26.10576923076923
91,1,0,26.153846153846153
91,1,1,26.153846153846153
91,1,2,26.153846153846153
91,1,3,26.153846153846153
91,1,4,24.75946275946276
91,1,5,19.84307081807082
91,1,6,15.765520590520591
91,1,7,9.245337995337994
91,1,8,8.498656898656899
91,1,9,9.472041847041847
91,1,10,10.156654456654458
91,1,11,9.847954822954822
91,1,12,10.557550782550784
91,1,13,11.938131313131313
91,1,14,13.414438339438341
91,1,15,15.940950715950716
91,1,16,17.814102564102562
91,1,17,24.792890442890442
91,1,18,27.900724275724276
91,1,19,25.36353923853924
91,1,20,23.836721611721615
91,1,21,23.21614774114774
91,1,22,23.869047619047617
91,1,23,24.93543956043956
91,2,0,24.923076923076923
91,2,1,24.923076923076923
91,2,2,24.923076923076923
91,2,3,24.923076923076923
91,2,4,23.296245421245423
91,2,5,18.8719474969475
91,2,6,14.928041403041403
91,2,7,7.377505827505828
91,2,8,6.809870684870685
91,2,9,6.1251776001776
91,2,10,6.266697191697191
91,2,11,5.456257631257632
91,2,12,5.097097347097347
91,2,13,6.799908424908424
91,2,14,8.649691974691974
91,2,15,11.153418803418804
91,2,16,14.028846153846153
91,2,17,23.24160839160839
91,2,18,27.202272727272728
91,2,19,26.79640637140637
91,2,20,27.573523698523697
91,2,21,26.214774114774116
91,2,22,26.695054945054945
91,2,23,26.921703296703296
91,3,0,27.0
91,3,1,27.0
91,3,2,27.238095238095237
91,3,3,27.25
91,3,4,23.890211640211643
91,3,5,16.31020622895623
91,3,6,13.024837662337662
91,3,7,7.226515151515152
91,3,8,5.6446759259259265
91,3,9,5.390873015873016
91,3,10,6.135256410256409
91,3,11,4.48440170940171
91,3,12,4.9986929736929735
91,3,13,7.593101343101343
91,3,14,8.399975024975024
91,3,15,10.026961926961928
91,3,16,10.711266511266512
91,3,17,12.806371406371406
91,3,18,15.664768564768565
91,3,19,15.994733044733046
91,3,20,16.59148629148629
91,3,21,17.04184981684982
91,3,22,18.21712454212454
91,3,23,19.20558608058608
91,4,0,19.384615384615383
91,4,1,19.384615384615383
91,4,2,19.384615384615383
91,4,3,19.384615384615383
91,4,4,18.11080586080586
91,4,5,14.366727716727716
91,4,6,12.07567155067155
91,4,7,9.148737373737374
91,4,8,8.147630147630148
91,4,9,6.913003663003663
91,4,10,5.66530969030969
91,4,11,5.347150072150072
91,4,12,6.310508935508936
91,4,13,8.852919302919302
91,4,14,9.468040293040293
91,4,15,12.482312132312131
91,4,16,16.297377622377624
91,4,17,19.812470862470864
91,4,18,22.3251554001554
91,4,19,21.99896214896215
91,4,20,21.65891330891331
91,4,21,20.719688644688645
91,4,22,21.521214896214897
91,4,23,23.453174603174602
91,5,0,23.846153846153847
91,5,1,23.846153846153847
91,5,2,23.846153846153847
91,5,3,23.846153846153847
91,5,4,23.850274725274726
91,5,5,23.974358974358974
91,5,6,24.01510989010989
91,5,7,23.622863247863247
91,5,8,23.16559829059829
91,5,9,22.624847374847374
91,5,10,23.573290598290598
91,5,11,22.14032634032634
91,5,12,20.855863580863577
91,5,13,20.2477466977467
91,5,14,20.30320512820513
91,5,15,21.732459207459208
91,5,16,21.325419025419023
91,5,17,23.360031635031632
91,5,18,22.85681818181818
91,5,19,22.175671550671552
91,5,20,21.700061050061052
91,5,21,20.577686202686206
91,5,22,22.356898656898657
91,5,23,24.69520757020757
91,6,0,25.384615384615383
91,6,1,25.384615384615383
91,6,2,25.384615384615383
91,6,3,25.384615384615383
91,6,4,25.364926739926737
91,6,5,25.181318681318682
91,6,6,24.513736263736266
91,6,7,24.193528693528695
91,6,8,24.583333333333332
91,6,9,24.354040404040404
91,6,10,25.05135975135975
91,6,11,25.28152403152403
91,6,12,24.907925407925408
91,6,13,25.526745476745475
91,6,14,24.53243978243978
91,6,15,21.621628371628372
91,6,16,21.27002442002442
91,6,17,21.653846153846153
91,6,18,23.06706349206349
91,6,19,23.72552725052725
91,6,20,23.71888111888112
91,6,21,24.897560772560773
91,6,22,25.257631257631257
91,6,23,25.754578754578752
92,0,0,31.615384615384617
92,0,1,31.615384615384617
92,0,2,31.615384615384617
92,0,3,31.615384615384617
92,0,4,31.615384615384617
92,0,5,32.161263736263734
92,0,6,32.30436507936508
92,0,7,23.204545454545457
92,0,8,16.90842490842491
92,0,9,15.259035409035409
92,0,10,13.379181929181929
92,0,11,11.188095238095238
92,0,12,9.50030525030525
92,0,13,9.6003663003663
92,0,14,10.585470085470085
92,0,15,13.885672660672661
92,0,16,25.88483460983461
92,0,17,32.35782273282273
92,0,18,34.085531135531134
92,0,19,35.17124542124542
92,0,20,35.43894993894994
92,0,21,35.717948717948715
92,0,22,35.83760683760684
92,0,23,36.331043956043956
92,1,0,36.38461538461539
92,1,1,36.38461538461539
92,1,2,36.38461538461539
92,1,3,36.38461538461539
92,1,4,36.395604395604394
92,1,5,36.27884615384615
92,1,6,34.41819291819292
92,1,7,15.218026418026417
92,1,8,1.0775696525696525
92,1,9,2.3237179487179485
92,1,10,1.8865995115995118
92,1,11,2.0366605616605615
92,1,12,2.206085581085581
92,1,13,2.0552808302808305
92,1,14,3.01007326007326
92,1,15,10.697163947163947
92,1,16,32.58877233877234
92,1,17,38.56672494172494
92,1,18,38.68131868131868
92,1,19,39.05494505494506
92,1,20,39.68284493284493
92,1,21,39.860805860805854
92,1,22,39.85897435897436
92,1,23,39.77777777777778
92,2,0,39.76923076923077
92,2,1,39.76923076923077
92,2,2,39.76923076923077
92,2,3,39.76923076923077
92,2,4,39.78021978021978
92,2,5,39.76373626373626
92,2,6,38.10421245421246
92,2,7,21.23830613830614
92,2,8,6.542429792429792
92,2,9,5.4603174603174605
92,2,10,5.296703296703297
92,2,11,4.925213675213675
92,2,12,3.8974358974358974
92,2,13,3.9476495726495724
92,2,14,4.847527472527473
92,2,15,12.91629759129759
92,2,16,33.24087024087024
92,2,17,38.99426129426129
92,2,18,39.09181096681097
92,2,19,39.28269230769231
92,2,20,39.36538461538461
92,2,21,39.520604395604394
92,2,22,39.74957264957265
92,2,23,39.92307692307692
92,3,0,39.92307692307692
92,3,1,39.92307692307692
92,3,2,39.916666666666664
92,3,3,39.916666666666664
92,3,4,39.916666666666664
92,3,5,39.682870370370374
92,3,6,37.551421957671955
92,3,7,25.174473905723904
92,3,8,11.1174993987494
92,3,9,11.304495504495504
92,3,10,10.385836385836386
92,3,11,8.078968253968254
92,3,12,6.741697191697193
92,3,13,6.070054945054944
92,3,14,7.051037851037852
92,3,15,14.151709401709402
92,3,16,31.127331002331
92,3,17,38.187312687312684
92,3,18,38.98325563325563
92,3,19,39.275946275946275
92,3,20,39.255647130647134
92,3,21,39.172008547008545
92,3,22,39.223443223443226
92,3,23,39.49038461538461
92,4,0,39.53846153846154
92,4,1,39.53846153846154
92,4,2,39.53846153846154
92,4,3,39.53846153846154
92,4,4,39.61538461538461
92,4,5,39.114285714285714
92,4,6,37.29624542124542
92,4,7,30.908280608280606
92,4,8,26.018742368742366
92,4,9,24.800061050061053
92,4,10,22.893467643467645
92,4,11,21.158577533577535
92,4,12,19.223778998779
92,4,13,19.5761877011877
92,4,14,18.985683760683763
92,4,15,19.436907536907537
92,4,16,23.30996225996226
92,4,17,26.48403540903541
92,4,18,28.561019536019536
92,4,19,30.414590964590964
92,4,20,31.2518315018315
92,4,21,31.83775946275946
92,4,22,32.192460317460316
92,4,23,32.902747252747254
92,5,0,33.07692307692308
92,5,1,33.07692307692308
92,5,2,33.07692307692308
92,5,3,33.07692307692308
92,5,4,33.043956043956044
92,5,5,33.080128205128204
92,5,6,33.58455433455433
92,5,7,34.128663003663
92,5,8,34.45589133089133
92,5,9,34.808028083028084
92,5,10,34.47556332556333
92,5,11,33.24041514041514
92,5,12,32.16818181818182
92,5,13,30.135631035631036
92,5,14,27.715304140304138
92,5,15,28.305264180264178
92,5,16,30.287759462759464
92,5,17,31.15830280830281
92,5,18,31.070146520146523
92,5,19,31.01510989010989
92,5,20,31.28021978021978
92,5,21,31.740689865689866
92,5,22,32.06257631257631
92,5,23,32.099664224664224
92,6,0,32.23076923076923
92,6,1,32.23076923076923
92,6,2,32.23076923076923
92,6,3,32.23076923076923
92,6,4,32.175824175824175
92,6,5,31.72252747252747
92,6,6,31.322344322344325
92,6,7,32.086233211233214
92,6,8,32.187057387057386
92,6,9,31.972649572649573
92,6,10,31.459615384615386
92,6,11,30.542429792429793
92,6,12,29.872555222555224
92,6,13,29.089707514707513
92,6,14,27.81098623598624
92,6,15,28.29007104007104
92,6,16,28.04465256965257
92,6,17,27.946059496059494
92,6,18,30.010120435120434
92,6,19,31.273809523809522
92,6,20,31.199633699633697
92,6,21,30.885531135531135
92,6,22,31.40018315018315
92,6,23,31.510989010989007
93,0,0,27.307692307692307
93,0,1,27.307692307692307
93,0,2,27.307692307692307
93,0,3,27.307692307692307
93,0,4,27.307692307692307
93,0,5,29.512362637362635
93,0,6,30.062210012210013
93,0,7,13.251098901098901
93,0,8,7.074481074481074
93,0,9,6.551282051282052
93,0,10,6.402930402930403
93,0,11,6.362637362637362
93,0,12,6.313186813186813
93,0,13,6.201923076923077
93,0,14,6.181318681318682
93,0,15,9.70534188034188
93,0,16,24.4275641025641
93,0,17,29.95656288156288
93,0,18,30.721153846153847
93,0,19,31.39835164835165
93,0,20,31.471153846153847
93,0,21,31.46153846153846
93,0,22,31.41758241758242
93,0,23,31.384615384615383
93,1,0,31.384615384615383
93,1,1,31.384615384615383
93,1,2,31.384615384615383
93,1,3,31.384615384615383
93,1,4,31.384615384615383
93,1,5,33.03846153846154
93,1,6,30.664529914529915
93,1,7,3.606868131868132
93,1,8,0.05128205128205128
93,1,9,0.0
93,1,10,0.0
93,1,11,0.0
93,1,12,0.03296703296703297
93,1,13,0.01282051282051282
93,1,14,0.36675824175824173
93,1,15,10.662703962703963
93,1,16,33.86647241647242
93,1,17,37.467673992673994
93,1,18,37.67032967032967
93,1,19,38.068681318681314
93,1,20,38.69230769230769
93,1,21,38.69230769230769
93,1,22,38.68131868131868
93,1,23,38.61538461538461
93,2,0,38.38461538461539
93,2,1,38.38461538461539
93,2,2,38.38461538461539
93,2,3,38.38461538461539
93,2,4,38.4775641025641
93,2,5,39.23199023199023
93,2,6,33.65567765567766
93,2,7,3.997893772893773
93,2,8,0.11538461538461539
93,2,9,0.010989010989010988
93,2,10,0.0
93,2,11,0.0
93,2,12,0.0
93,2,13,0.038461538461538464
93,2,14,1.4154456654456655
93,2,15,12.049442224442224
93,2,16,34.51497113997114
93,2,17,37.779914529914535
93,2,18,36.96043956043956
93,2,19,37.8021978021978
93,2,20,38.16666666666667
93,2,21,38.42857142857143
93,2,22,38.53846153846154
93,2,23,38.53846153846154
93,3,0,38.53846153846154
93,3,1,38.53846153846154
93,3,2,38.416666666666664
93,3,3,38.416666666666664
93,3,4,38.416666666666664
93,3,5,38.964285714285715
93,3,6,35.17423941798942
93,3,7,8.338137325637325
93,3,8,0.31746031746031744
93,3,9,3.217948717948718
93,3,10,2.21474358974359
93,3,11,1.7692307692307692
93,3,12,1.7582417582417582
93,3,13,1.791208791208791
93,3,14,2.5196886446886446
93,3,15,9.280341880341881
93,3,16,30.132362082362082
93,3,17,34.522449772449775
93,3,18,35.821886446886445
93,3,19,36.832417582417584
93,3,20,37.40934065934066
93,3,21,37.70726495726496
93,3,22,37.956043956043956
93,3,23,37.92307692307692
93,4,0,37.92307692307692
93,4,1,37.92307692307692
93,4,2,37.92307692307692
93,4,3,37.92307692307692
93,4,4,37.92307692307692
93,4,5,37.84249084249085
93,4,6,35.59969474969475
93,4,7,21.76153846153846
93,4,8,13.816391941391942
93,4,9,12.4235347985348
93,4,10,12.120879120879122
93,4,11,11.584249084249084
93,4,12,11.741758241758241
93,4,13,12.424908424908425
93,4,14,14.123015873015873
93,4,15,14.858516483516484
93,4,16,19.06388888888889
93,4,17,22.324175824175825
93,4,18,23.41758241758242
93,4,19,23.83745421245421
93,4,20,24.076923076923077
93,4,21,24.08791208791209
93,4,22,24.153846153846153
93,4,23,24.153846153846153
93,5,0,24.153846153846153
93,5,1,24.153846153846153
93,5,2,24.153846153846153
93,5,3,24.153846153846153
93,5,4,24.153846153846153
93,5,5,24.272893772893774
93,5,6,24.52335164835165
93,5,7,24.467032967032967
93,5,8,24.604395604395606
93,5,9,24.512362637362635
93,5,10,24.71474358974359
93,5,11,24.759706959706957
93,5,12,25.05631868131868
93,5,13,24.703296703296704
93,5,14,24.714285714285715
93,5,15,25.221153846153847
93,5,16,26.032967032967033
93,5,17,25.978021978021978
93,5,18,25.76923076923077
93,5,19,25.892857142857146
93,5,20,26.023809523809522
93,5,21,26.182692307692307
93,5,22,26.23076923076923
93,5,23,26.23076923076923
93,6,0,26.23076923076923
93,6,1,26.23076923076923
93,6,2,26.23076923076923
93,6,3,26.23076923076923
93,6,4,26.23076923076923
93,6,5,26.240384615384617
93,6,6,26.35897435897436
93,6,7,26.681318681318682
93,6,8,27.021978021978022
93,6,9,27.923076923076923
93,6,10,28.45467032967033
93,6,11,28.494505494505496
93,6,12,28.53846153846154
93,6,13,28.525641025641026
93,6,14,28.384615384615383
93,6,15,28.305402930402927
93,6,16,27.75824175824176
93,6,17,27.969780219780223
93,6,18,27.987179487179485
93,6,19,27.923076923076923
93,6,20,27.4981684981685
93,6,21,27.307692307692307
93,6,22,27.307692307692307
93,6,23,27.307692307692307
94,0,0,17.923076923076923
94,0,1,17.923076923076923
94,0,2,17.923076923076923
94,0,3,17.923076923076923
94,0,4,17.923076923076923
94,0,5,18.65934065934066
94,0,6,18.892857142857142
94,0,7,15.370970695970696
94,0,8,11.808028083028082
94,0,9,10.626373626373626
94,0,10,10.387362637362637
94,0,11,10.14957264957265
94,0,12,10.058608058608058
94,0,13,9.891941391941392
94,0,14,10.012820512820513
94,0,15,9.928571428571427
94,0,16,13.155580530580531
94,0,17,16.353021978021978
94,0,18,16.888736263736263
94,0,19,17.144688644688646
94,0,20,17.24313186813187
94,0,21,17.164835164835164
94,0,22,16.978021978021978
94,0,23,16.923076923076923
94,1,0,16.923076923076923
94,1,1,16.923076923076923
94,1,2,16.923076923076923
94,1,3,16.923076923076923
94,1,4,16.923076923076923
94,1,5,18.590506715506713
94,1,6,19.59478021978022
94,1,7,11.433913308913308
94,1,8,2.9203296703296706
94,1,9,1.5274725274725276
94,1,10,1.1634615384615385
94,1,11,1.227106227106227
94,1,12,1.2934981684981683
94,1,13,1.706959706959707
94,1,14,1.978021978021978
94,1,15,2.3534798534798536
94,1,16,12.877175602175601
94,1,17,25.543162393162394
94,1,18,27.830169830169833
94,1,19,28.569291819291816
94,1,20,29.148809523809522
94,1,21,29.409340659340657
94,1,22,29.46153846153846
94,1,23,29.46153846153846
94,2,0,29.0
94,2,1,29.0
94,2,2,29.0
94,2,3,29.0
94,2,4,29.06593406593407
94,2,5,31.252747252747252
94,2,6,33.11401098901099
94,2,7,24.93947163947164
94,2,8,8.094017094017094
94,2,9,4.697802197802198
94,2,10,4.051282051282052
94,2,11,3.923076923076923
94,2,12,4.051282051282051
94,2,13,4.18543956043956
94,2,14,4.463369963369963
94,2,15,5.308760683760683
94,2,16,18.461613386613386
94,2,17,31.184645909645912
94,2,18,34.273726273726275
94,2,19,35.24862637362638
94,2,20,35.549450549450555
94,2,21,35.72069597069597
94,2,22,36.0
94,2,23,36.07692307692308
94,3,0,36.07692307692308
94,3,1,36.07692307692308
94,3,2,37.083333333333336
94,3,3,37.083333333333336
94,3,4,37.13095238095238
94,3,5,37.666666666666664
94,3,6,36.92757936507937
94,3,7,31.90945767195767
94,3,8,17.885488816738818
94,3,9,12.070421245421246
94,3,10,9.041514041514041
94,3,11,7.482600732600732
94,3,12,6.238095238095239
94,3,13,5.3905677655677655
94,3,14,4.862179487179487
94,3,15,4.357142857142858
94,3,16,11.33162393162393
94,3,17,19.006257631257633
94,3,18,21.387057387057386
94,3,19,23.850274725274726
94,3,20,25.32554945054945
94,3,21,26.267399267399266
94,3,22,26.68681318681319
94,3,23,26.76923076923077
94,4,0,26.76923076923077
94,4,1,26.76923076923077
94,4,2,26.76923076923077
94,4,3,26.76923076923077
94,4,4,26.817307692307693
94,4,5,26.888278388278387
94,4,6,26.295787545787544
94,4,7,25.369505494505496
94,4,8,22.8489010989011
94,4,9,19.55311355311355
94,4,10,18.53846153846154
94,4,11,17.467032967032967
94,4,12,17.153846153846153
94,4,13,16.53205128205128
94,4,14,15.746947496947497
94,4,15,15.597161172161172
94,4,16,16.719017094017094
94,4,17,17.632417582417585
94,4,18,18.085164835164836
94,4,19,18.039835164835164
94,4,20,18.18864468864469
94,4,21,18.153846153846153
94,4,22,18.067307692307693
94,4,23,18.0
94,5,0,18.0
94,5,1,18.0
94,5,2,18.0
94,5,3,18.0
94,5,4,18.0
94,5,5,18.016025641025642
94,5,6,17.923076923076923
94,5,7,17.846153846153847
94,5,8,17.835164835164836
94,5,9,17.703296703296704
94,5,10,17.714285714285715
94,5,11,17.666666666666668
94,5,12,17.721153846153847
94,5,13,17.759615384615383
94,5,14,17.75824175824176
94,5,15,17.791208791208792
94,5,16,17.932692307692307
94,5,17,18.017857142857142
94,5,18,18.021978021978022
94,5,19,18.21153846153846
94,5,20,18.342490842490843
94,5,21,18.373626373626372
94,5,22,18.307692307692307
94,5,23,18.307692307692307
94,6,0,18.307692307692307
94,6,1,18.307692307692307
94,6,2,18.307692307692307
94,6,3,18.307692307692307
94,6,4,18.307692307692307
94,6,5,18.331501831501832
94,6,6,18.32051282051282
94,6,7,18.346153846153847
94,6,8,18.318681318681318
94,6,9,18.406593406593405
94,6,10,18.42857142857143
94,6,11,18.30128205128205
94,6,12,18.152014652014653
94,6,13,18.13186813186813
94,6,14,18.076923076923077
94,6,15,17.945054945054945
94,6,16,17.923076923076923
94,6,17,17.945054945054945
94,6,18,17.978021978021978
94,6,19,17.923076923076923
94,6,20,17.945054945054945
94,6,21,18.0
94,6,22,17.923076923076923
94,6,23,17.923076923076923
95,0,0,10.538461538461538
95,0,1,10.538461538461538
95,0,2,10.538461538461538
95,0,3,10.538461538461538
95,0,4,10.349816849816849
95,0,5,9.868131868131867
95,0,6,8.046400821400821
95,0,7,5.079478854478855
95,0,8,4.021700521700522
95,0,9,4.928571428571429
95,0,10,4.757326007326007
95,0,11,5.082875457875458
95,0,12,5.566544566544566
95,0,13,5.273809523809524
95,0,14,6.297924297924298
95,0,15,7.122252747252746
95,0,16,8.711771561771561
95,0,17,11.642063492063492
95,0,18,13.943315018315019
95,0,19,15.533882783882785
95,0,20,16.078754578754577
95,0,21,16.4739010989011
95,0,22,16.904761904761905
95,0,23,16.923076923076923
95,1,0,16.923076923076923
95,1,1,16.923076923076923
95,1,2,16.923076923076923
95,1,3,16.923076923076923
95,1,4,16.781593406593405
95,1,5,16.388736263736266
95,1,6,13.245726495726498
95,1,7,7.724300699300699
95,1,8,4.456074481074481
95,1,9,3.457875457875458
95,1,10,2.9300976800976803
95,1,11,2.666361416361416
95,1,12,5.771214896214896
95,1,13,8.600427350427351
95,1,14,8.965811965811966
95,1,15,9.963797313797313
95,1,16,13.601112776112776
95,1,17,17.474880674880673
95,1,18,19.48956598956599
95,1,19,20.787393162393162
95,1,20,21.474511599511597
95,1,21,22.40915750915751
95,1,22,23.427655677655675
95,1,23,23.935897435897438
95,2,0,25.096153846153847
95,2,1,25.21978021978022
95,2,2,25.2967032967033
95,2,3,25.307692307692307
95,2,4,25.075091575091577
95,2,5,24.43635531135531
95,2,6,21.055203130203132
95,2,7,12.97433954933955
95,2,8,10.048618048618048
95,2,9,9.46086691086691
95,2,10,9.598595848595847
95,2,11,10.113858363858364
95,2,12,8.623304473304474
95,2,13,10.621336996336996
95,2,14,10.974206349206348
95,2,15,12.661108336108336
95,2,16,14.814663114663116
95,2,17,17.48931623931624
95,2,18,21.189835164835166
95,2,19,23.68095238095238
95,2,20,25.140079365079366
95,2,21,26.550824175824175
95,2,22,27.38919413919414
95,2,23,27.87087912087912
95,3,0,27.923076923076923
95,3,1,27.923076923076923
95,3,2,27.25
95,3,3,27.25
95,3,4,27.086805555555557
95,3,5,26.635416666666668
95,3,6,23.46351911976912
95,3,7,16.22420033670034
95,3,8,13.716269841269842
95,3,9,12.685515873015873
95,3,10,14.237637362637363
95,3,11,13.867216117216117
95,3,12,12.107326007326007
95,3,13,12.511904761904761
95,3,14,13.052503052503052
95,3,15,14.301856476856475
95,3,16,16.64452491952492
95,3,17,20.071581196581196
95,3,18,22.836768786768786
95,3,19,23.134096459096458
95,3,20,24.08974358974359
95,3,21,25.5279304029304
95,3,22,26.328754578754577
95,3,23,26.72664835164835
95,4,0,26.76923076923077
95,4,1,26.76923076923077
95,4,2,26.76923076923077
95,4,3,26.76923076923077
95,4,4,26.60805860805861
95,4,5,25.840506715506713
95,4,6,22.603540903540907
95,4,7,17.214341214341214
95,4,8,14.792277167277167
95,4,9,13.904761904761905
95,4,10,13.818986568986569
95,4,11,12.607295482295482
95,4,12,13.205128205128204
95,4,13,13.503968253968253
95,4,14,13.426129426129425
95,4,15,15.172477522477521
95,4,16,15.682051282051283
95,4,17,17.24476911976912
95,4,18,16.986013986013987
95,4,19,16.71813186813187
95,4,20,16.920024420024422
95,4,21,17.413919413919412
95,4,22,18.843406593406595
95,4,23,19.28754578754579
95,5,0,19.46153846153846
95,5,1,19.46153846153846
95,5,2,19.46153846153846
95,5,3,19.46153846153846
95,5,4,19.46153846153846
95,5,5,19.44139194139194
95,5,6,19.13507326007326
95,5,7,18.192155067155067
95,5,8,17.67661782661783
95,5,9,16.54700854700855
95,5,10,15.635225885225886
95,5,11,14.553601953601953
95,5,12,11.851823176823176
95,5,13,10.322802197802199
95,5,14,10.526526251526251
95,5,15,9.962889887889888
95,5,16,9.55976800976801
95,5,17,9.44594017094017
95,5,18,9.812728937728938
95,5,19,9.463369963369964
95,5,20,8.807692307692308
95,5,21,9.354395604395604
95,5,22,10.08379120879121
95,5,23,10.401648351648351
95,6,0,10.538461538461538
95,6,1,10.538461538461538
95,6,2,10.538461538461538
95,6,3,10.538461538461538
95,6,4,10.538461538461538
95,6,5,10.346153846153847
95,6,6,10.29120879120879
95,6,7,10.317765567765568
95,6,8,9.967948717948719
95,6,9,9.39514652014652
95,6,10,9.434523809523808
95,6,11,9.032112332112332
95,6,12,7.746184371184371
95,6,13,7.206135531135531
95,6,14,6.927960927960928
95,6,15,6.741217116217116
95,6,16,7.986019536019536
95,6,17,8.214285714285714
95,6,18,8.832112332112333
95,6,19,9.179029304029303
95,6,20,9.412393162393162
95,6,21,9.899725274725276
95,6,22,10.404761904761905
95,6,23,10.586080586080586
96,0,0,5.846153846153846
96,0,1,5.846153846153846
96,0,2,5.846153846153846
96,0,3,5.846153846153846
96,0,4,5.846153846153846
96,0,5,5.653846153846154
96,0,6,5.199175824175824
96,0,7,3.5851648351648353
96,0,8,2.4720695970695967
96,0,9,5.034798534798535
96,0,10,4.670329670329671
96,0,11,5.7796092796092795
96,0,12,5.778388278388278
96,0,13,5.795787545787546
96,0,14,5.844322344322345
96,0,15,6.378663003663004
96,0,16,7.014652014652015
96,0,17,7.585622710622711
96,0,18,7.885989010989011
96,0,19,7.996336996336996
96,0,20,8.241300366300367
96,0,21,8.823260073260073
96,0,22,8.791666666666668
96,0,23,8.76923076923077
96,1,0,8.76923076923077
96,1,1,8.76923076923077
96,1,2,8.76923076923077
96,1,3,8.76923076923077
96,1,4,8.76923076923077
96,1,5,8.578296703296703
96,1,6,7.842490842490842
96,1,7,5.2509462759462755
96,1,8,3.2788461538461537
96,1,9,4.1007326007326
96,1,10,3.9065934065934065
96,1,11,5.917582417582418
96,1,12,7.826007326007327
96,1,13,7.865384615384615
96,1,14,7.443223443223443
96,1,15,7.382783882783883
96,1,16,8.257783882783881
96,1,17,9.948260073260075
96,1,18,10.566391941391942
96,1,19,10.903693528693529
96,1,20,11.630036630036631
96,1,21,11.813186813186814
96,1,22,12.0
96,1,23,12.103785103785103
96,2,0,12.76923076923077
96,2,1,12.76923076923077
96,2,2,12.76923076923077
96,2,3,12.76923076923077
96,2,4,12.76923076923077
96,2,5,12.747252747252748
96,2,6,12.320512820512821
96,2,7,9.874358974358975
96,2,8,7.2857142857142865
96,2,9,7.476648351648351
96,2,10,8.011446886446887
96,2,11,7.79029304029304
96,2,12,8.067765567765568
96,2,13,8.133699633699633
96,2,14,7.897435897435898
96,2,15,7.8690476190476195
96,2,16,8.828601953601954
96,2,17,10.706043956043954
96,2,18,11.953052503052504
96,2,19,12.888736263736265
96,2,20,14.283882783882785
96,2,21,14.49084249084249
96,2,22,14.42918192918193
96,2,23,14.528846153846153
96,3,0,14.538461538461538
96,3,1,14.538461538461538
96,3,2,15.0
96,3,3,15.0
96,3,4,14.976190476190476
96,3,5,15.09672619047619
96,3,6,15.299107142857144
96,3,7,12.646329365079366
96,3,8,9.86739417989418
96,3,9,8.912698412698413
96,3,10,9.034798534798536
96,3,11,9.154945054945056
96,3,12,9.393772893772894
96,3,13,9.294871794871794
96,3,14,8.48046398046398
96,3,15,8.604395604395604
96,3,16,9.182692307692308
96,3,17,10.007936507936508
96,3,18,10.632326007326007
96,3,19,11.386446886446887
96,3,20,12.046703296703297
96,3,21,12.45970695970696
96,3,22,12.796703296703297
96,3,23,13.60637973137973
96,4,0,13.692307692307692
96,4,1,13.692307692307692
96,4,2,13.692307692307692
96,4,3,13.692307692307692
96,4,4,13.692307692307692
96,4,5,13.531135531135531
96,4,6,13.030677655677655
96,4,7,11.35576923076923
96,4,8,9.207875457875458
96,4,9,8.200091575091575
96,4,10,7.946886446886447
96,4,11,7.866300366300366
96,4,12,7.641025641025641
96,4,13,7.668040293040293
96,4,14,7.552197802197802
96,4,15,7.666208791208792
96,4,16,8.097680097680097
96,4,17,8.572802197802197
96,4,18,8.597527472527473
96,4,19,8.332417582417582
96,4,20,8.645604395604396
96,4,21,9.158974358974358
96,4,22,9.663919413919414
96,4,23,10.130036630036631
96,5,0,10.307692307692308
96,5,1,10.307692307692308
96,5,2,10.307692307692308
96,5,3,10.307692307692308
96,5,4,10.307692307692308
96,5,5,10.243589743589743
96,5,6,10.131868131868133
96,5,7,10.043956043956042
96,5,8,9.862179487179487
96,5,9,9.006410256410255
96,5,10,8.153540903540904
96,5,11,7.454670329670329
96,5,12,6.85485347985348
96,5,13,6.956043956043956
96,5,14,6.142551892551893
96,5,15,5.787087912087912
96,5,16,5.840659340659341
96,5,17,5.8076923076923075
96,5,18,5.779304029304029
96,5,19,5.740384615384615
96,5,20,5.841575091575091
96,5,21,6.032967032967033
96,5,22,5.888278388278389
96,5,23,6.152014652014652
96,6,0,6.3076923076923075
96,6,1,6.3076923076923075
96,6,2,6.3076923076923075
96,6,3,6.3076923076923075
96,6,4,6.3076923076923075
96,6,5,6.259615384615385
96,6,6,5.9743589743589745
96,6,7,5.945054945054945
96,6,8,5.802197802197802
96,6,9,5.6007326007326
96,6,10,4.988553113553114
96,6,11,4.766025641025641
96,6,12,4.613095238095238
96,6,13,4.438034188034188
96,6,14,4.582417582417582
96,6,15,4.924450549450549
96,6,16,4.097527472527473
96,6,17,4.315934065934067
96,6,18,4.895604395604396
96,6,19,4.886904761904762
96,6,20,5.278388278388278
96,6,21,5.846153846153846
96,6,22,5.888278388278389
96,6,23,5.846153846153846
97,0,0,11.692307692307692
97,0,1,11.802197802197803
97,0,2,11.846153846153847
97,0,3,11.846153846153847
97,0,4,11.787545787545788
97,0,5,13.50525863025863
97,0,6,11.693681318681318
97,0,7,9.141208791208792
97,0,8,6.961843711843712
97,0,9,7.435897435897436
97,0,10,8.129884004884005
97,0,11,7.58470695970696
97,0,12,9.699730824730825
97,0,13,10.506868131868133
97,0,14,10.22161172161172
97,0,15,10.577766677766677
97,0,16,11.674547674547673
97,0,17,12.542094017094017
97,0,18,13.637576312576313
97,0,19,14.650793650793652
97,0,20,15.701007326007327
97,0,21,16.635531135531135
97,0,22,17.090201465201464
97,0,23,17.18681318681319
97,1,0,17.23076923076923
97,1,1,17.23076923076923
97,1,2,17.23076923076923
97,1,3,17.23076923076923
97,1,4,17.106227106227106
97,1,5,18.80152625152625
97,1,6,16.263492063492063
97,1,7,9.13953268953269
97,1,8,5.201587301587301
97,1,9,6.721001221001221
97,1,10,7.955280830280829
97,1,11,8.985653235653235
97,1,12,12.670879120879123
97,1,13,12.536630036630036
97,1,14,12.945665445665444
97,1,15,14.222985347985347
97,1,16,15.41926961926962
97,1,17,18.02837162837163
97,1,18,21.78717948717949
97,1,19,23.117646242646245
97,1,20,23.864468864468865
97,1,21,24.67751692751693
97,1,22,25.66117216117216
97,1,23,25.7032967032967
97,2,0,26.153846153846153
97,2,1,26.153846153846153
97,2,2,26.153846153846153
97,2,3,26.153846153846153
97,2,4,26.029761904761905
97,2,5,25.72542735042735
97,2,6,22.21868131868132
97,2,7,15.335242535242536
97,2,8,9.326282051282051
97,2,9,10.183608058608058
97,2,10,10.055097680097681
97,2,11,10.628815628815628
97,2,12,16.3485236985237
97,2,13,15.588217338217337
97,2,14,17.165445665445667
97,2,15,18.61327838827839
97,2,16,20.39002664002664
97,2,17,22.692069042069043
97,2,18,24.56175213675214
97,2,19,25.326312576312578
97,2,20,26.168956043956044
97,2,21,27.2020757020757
97,2,22,27.90521978021978
97,2,23,28.28021978021978
97,3,0,28.307692307692307
97,3,1,28.307692307692307
97,3,2,28.307692307692307
97,3,3,28.307692307692307
97,3,4,28.115384615384617
97,3,5,26.968462093462094
97,3,6,24.04151404151404
97,3,7,17.91126651126651
97,3,8,12.580860805860805
97,3,9,12.182081807081808
97,3,10,12.733516483516484
97,3,11,13.977869352869353
97,3,12,18.31025641025641
97,3,13,18.39041514041514
97,3,14,17.96947496947497
97,3,15,18.402594627594627
97,3,16,19.994305694305694
97,3,17,21.43625818625819
97,3,18,22.440934065934066
97,3,19,23.658882783882785
97,3,20,24.366758241758244
97,3,21,25.85576923076923
97,3,22,26.712148962148962
97,3,23,27.111538461538462
97,4,0,27.23076923076923
97,4,1,27.23076923076923
97,4,2,27.23076923076923
97,4,3,27.23076923076923
97,4,4,27.133241758241756
97,4,5,26.019383394383397
97,4,6,23.425518925518926
97,4,7,20.998110223110224
97,4,8,18.27173382173382
97,4,9,17.123626373626372
97,4,10,16.057387057387057
97,4,11,16.681318681318682
97,4,12,19.784004884004883
97,4,13,19.063308913308912
97,4,14,18.737637362637365
97,4,15,19.72881562881563
97,4,16,18.933455433455432
97,4,17,16.70727883227883
97,4,18,16.818589743589744
97,4,19,16.771825396825395
97,4,20,16.74313186813187
97,4,21,17.195970695970693
97,4,22,18.041056166056165
97,4,23,18.29700854700855
97,5,0,18.46153846153846
97,5,1,18.46153846153846
97,5,2,18.46153846153846
97,5,3,18.46153846153846
97,5,4,18.366300366300365
97,5,5,18.038156288156287
97,5,6,17.05311355311355
97,5,7,16.432387057387057
97,5,8,17.113095238095237
97,5,9,16.228815628815628
97,5,10,14.973901098901099
97,5,11,13.190129315129315
97,5,12,12.893162393162394
97,5,13,13.406593406593405
97,5,14,12.850671550671551
97,5,15,12.845512820512822
97,5,16,12.894841269841269
97,5,17,12.027625152625152
97,5,18,12.934676434676435
97,5,19,13.059065934065934
97,5,20,13.08058608058608
97,5,21,14.06364468864469
97,5,22,14.208333333333334
97,5,23,14.74908424908425
97,6,0,14.884615384615385
97,6,1,14.923076923076923
97,6,2,14.923076923076923
97,6,3,14.923076923076923
97,6,4,14.755494505494507
97,6,5,14.182234432234432
97,6,6,13.402930402930403
97,6,7,12.98870573870574
97,6,8,11.943681318681318
97,6,9,11.088827838827838
97,6,10,10.437576312576311
97,6,11,10.711552336552337
97,6,12,11.403083028083028
97,6,13,11.534188034188036
97,6,14,10.918528693528694
97,6,15,10.316391941391942
97,6,16,9.92979242979243
97,6,17,9.719871794871795
97,6,18,9.662393162393162
97,6,19,9.818223443223443
97,6,20,9.79120879120879
97,6,21,10.300824175824175
97,6,22,11.075702075702075
97,6,23,11.54029304029304
98,0,0,26.384615384615383
98,0,1,26.384615384615383
98,0,2,26.384615384615383
98,0,3,26.384615384615383
98,0,4,26.517399267399266
98,0,5,26.215659340659343
98,0,6,26.383699633699635
98,0,7,29.70800310800311
98,0,8,33.38911088911089
98,0,9,33.751831501831504
98,0,10,33.55937118437119
98,0,11,33.374908424908426
98,0,12,31.060775335775336
98,0,13,29.54569597069597
98,0,14,29.316086691086692
98,0,15,27.282570207570206
98,0,16,21.825374625374625
98,0,17,17.36877566877567
98,0,18,16.019688644688646
98,0,19,14.929487179487179
98,0,20,14.294719169719171
98,0,21,13.613095238095239
98,0,22,12.405372405372406
98,0,23,12.076923076923077
98,1,0,12.076923076923077
98,1,1,12.076923076923077
98,1,2,12.076923076923077
98,1,3,12.076923076923077
98,1,4,12.051282051282051
98,1,5,12.310897435897434
98,1,6,13.482661782661783
98,1,7,16.889665889665892
98,1,8,22.77699522699523
98,1,9,26.271550671550674
98,1,10,26.000427350427348
98,1,11,28.009920634920636
98,1,12,29.707262182262184
98,1,13,29.717032967032967
98,1,14,27.15469252969253
98,1,15,22.593320568320568
98,1,16,15.147766122766123
98,1,17,10.53501221001221
98,1,18,10.355311355311356
98,1,19,9.547924297924299
98,1,20,8.641483516483516
98,1,21,7.436813186813187
98,1,22,7.007326007326008
98,1,23,6.548076923076923
98,2,0,6.615384615384615
98,2,1,6.615384615384615
98,2,2,6.615384615384615
98,2,3,6.615384615384615
98,2,4,6.615384615384615
98,2,5,6.732600732600732
98,2,6,6.51965811965812
98,2,7,10.991774891774892
98,2,8,17.401318126318127
98,2,9,22.864010989010985
98,2,10,24.2985347985348
98,2,11,26.00705128205128
98,2,12,25.546736596736597
98,2,13,24.002838827838826
98,2,14,22.7263431013431
98,2,15,19.171331446331447
98,2,16,12.665051615051615
98,2,17,7.457750582750583
98,2,18,6.106074481074481
98,2,19,4.513736263736264
98,2,20,3.7883699633699637
98,2,21,2.2124542124542126
98,2,22,1.4487179487179487
98,2,23,0.8901098901098901
98,3,0,0.8461538461538461
98,3,1,0.8461538461538461
98,3,2,0.9166666666666666
98,3,3,0.9166666666666666
98,3,4,0.9285714285714285
98,3,5,1.0615079365079365
98,3,6,1.978339947089947
98,3,7,7.091582491582492
98,3,8,16.626346801346802
98,3,9,22.46374458874459
98,3,10,22.403846153846153
98,3,11,24.222710622710622
98,3,12,26.09959484959485
98,3,13,25.065598290598288
98,3,14,24.26800976800977
98,3,15,21.159770784770785
98,3,16,14.219599844599845
98,3,17,10.45589133089133
98,3,18,10.3240231990232
98,3,19,10.014652014652016
98,3,20,9.037545787545788
98,3,21,7.697954822954823
98,3,22,6.6927655677655675
98,3,23,6.1923076923076925
98,4,0,6.153846153846154
98,4,1,6.153846153846154
98,4,2,6.153846153846154
98,4,3,6.153846153846154
98,4,4,6.1089743589743595
98,4,5,6.311355311355312
98,4,6,7.469169719169719
98,4,7,10.90444832944833
98,4,8,15.367521367521366
98,4,9,17.362789987789988
98,4,10,17.855128205128207
98,4,11,19.155677655677657
98,4,12,20.064346764346762
98,4,13,20.603388278388277
98,4,14,17.78943833943834
98,4,15,16.86929181929182
98,4,16,15.192446442446442
98,4,17,15.277655677655677
98,4,18,14.423992673992673
98,4,19,13.831501831501832
98,4,20,13.448717948717949
98,4,21,12.839438339438338
98,4,22,11.376831501831502
98,4,23,10.111416361416362
98,5,0,9.923076923076923
98,5,1,9.923076923076923
98,5,2,9.923076923076923
98,5,3,9.923076923076923
98,5,4,9.884615384615385
98,5,5,9.794871794871794
98,5,6,9.965201465201464
98,5,7,11.25915750915751
98,5,8,12.932234432234432
98,5,9,14.47985347985348
98,5,10,16.568681318681318
98,5,11,17.302808302808305
98,5,12,18.524267399267398
98,5,13,20.240934065934066
98,5,14,22.175518925518926
98,5,15,23.677930402930404
98,5,16,23.240842490842493
98,5,17,22.84859584859585
98,5,18,22.431318681318682
98,5,19,22.710164835164832
98,5,20,22.833333333333336
98,5,21,22.902014652014653
98,5,22,22.312728937728938
98,5,23,21.232600732600734
98,6,0,21.076923076923077
98,6,1,21.076923076923077
98,6,2,21.076923076923077
98,6,3,21.076923076923077
98,6,4,21.076923076923077
98,6,5,21.054945054945055
98,6,6,20.923076923076923
98,6,7,21.084249084249084
98,6,8,21.705128205128208
98,6,9,22.996642246642246
98,6,10,23.241300366300365
98,6,11,23.333547008547008
98,6,12,24.484126984126984
98,6,13,25.23015873015873
98,6,14,26.11965811965812
98,6,15,27.31715506715507
98,6,16,27.539682539682538
98,6,17,27.74496336996337
98,6,18,27.67445054945055
98,6,19,27.472527472527474
98,6,20,27.463369963369964
98,6,21,27.31318681318681
98,6,22,26.968406593406595
98,6,23,26.43956043956044
99,0,0,6.153846153846154
99,0,1,6.153846153846154
99,0,2,6.153846153846154
99,0,3,6.153846153846154
99,0,4,6.241758241758242
99,0,5,7.1068376068376065
99,0,6,8.08470695970696
99,0,7,9.817871017871017
99,0,8,14.40946830946831
99,0,9,15.860347985347984
99,0,10,16.54334554334554
99,0,11,16.508089133089133
99,0,12,16.23476800976801
99,0,13,15.434615384615386
99,0,14,14.756868131868133
99,0,15,13.405067155067155
99,0,16,11.27075702075702
99,0,17,8.44606227106227
99,0,18,6.581404706404706
99,0,19,6.021520146520146
99,0,20,5.327838827838828
99,0,21,5.309523809523809
99,0,22,5.054945054945055
99,0,23,5.021978021978023
99,1,0,5.076923076923077
99,1,1,5.076923076923077
99,1,2,5.076923076923077
99,1,3,5.076923076923077
99,1,4,5.190476190476191
99,1,5,6.383394383394384
99,1,6,8.05583028083028
99,1,7,12.41006216006216
99,1,8,18.69015429015429
99,1,9,18.86462148962149
99,1,10,18.624847374847374
99,1,11,18.602397602397602
99,1,12,17.556288156288158
99,1,13,16.736402486402486
99,1,14,16.753418803418803
99,1,15,16.65768398268398
99,1,16,13.680011655011656
99,1,17,8.016983016983017
99,1,18,6.175305250305251
99,1,19,5.213431013431014
99,1,20,4.382783882783882
99,1,21,4.217490842490843
99,1,22,4.403205128205128
99,1,23,4.230769230769231
99,2,0,5.0
99,2,1,5.0
99,2,2,5.0
99,2,3,5.0
99,2,4,5.018315018315018
99,2,5,6.313492063492063
99,2,6,8.158119658119658
99,2,7,11.994871794871795
99,2,8,19.43947163947164
99,2,9,20.969474969474966
99,2,10,21.344627594627596
99,2,11,20.98582806082806
99,2,12,18.558913308913308
99,2,13,18.91376678876679
99,2,14,18.084249084249084
99,2,15,16.703108003108003
99,2,16,12.604817404817405
99,2,17,9.233993783993784
99,2,18,6.926373626373627
99,2,19,5.790445665445665
99,2,20,5.13003663003663
99,2,21,4.655677655677656
99,2,22,4.3003663003663
99,2,23,4.153846153846154
99,3,0,4.153846153846154
99,3,1,4.153846153846154
99,3,2,4.416666666666667
99,3,3,4.416666666666667
99,3,4,4.385416666666667
99,3,5,4.67172619047619
99,3,6,6.247685185185186
99,3,7,9.808354377104378
99,3,8,17.710290404040403
99,3,9,19.07390873015873
99,3,10,17.407509157509157
99,3,11,17.31541514041514
99,3,12,16.25320512820513
99,3,13,15.490995115995116
99,3,14,14.894139194139196
99,3,15,13.588858363858366
99,3,16,10.052253302253302
99,3,17,7.314194139194139
99,3,18,5.629634254634254
99,3,19,4.860347985347985
99,3,20,4.671550671550671
99,3,21,4.5370879120879115
99,3,22,4.294871794871795
99,3,23,4.298076923076923
99,4,0,4.384615384615385
99,4,1,4.384615384615385
99,4,2,4.384615384615385
99,4,3,4.384615384615385
99,4,4,4.4945054945054945
99,4,5,5.165445665445665
99,4,6,6.492826617826618
99,4,7,8.531837606837607
99,4,8,12.085470085470085
99,4,9,12.620879120879122
99,4,10,12.773534798534799
99,4,11,13.418925518925517
99,4,12,14.111111111111112
99,4,13,13.402014652014653
99,4,14,12.597069597069597
99,4,15,11.721153846153847
99,4,16,9.837820512820512
99,4,17,6.716758241758242
99,4,18,5.263278388278389
99,4,19,5.138644688644689
99,4,20,5.102564102564102
99,4,21,5.431318681318682
99,4,22,5.909798534798535
99,4,23,5.689560439560439
99,5,0,5.6923076923076925
99,5,1,5.6923076923076925
99,5,2,5.6923076923076925
99,5,3,5.6923076923076925
99,5,4,5.6923076923076925
99,5,5,5.6923076923076925
99,5,6,5.990842490842491
99,5,7,6.641330891330891
99,5,8,7.013736263736264
99,5,9,7.536019536019537
99,5,10,7.129578754578755
99,5,11,7.059676434676434
99,5,12,6.954365079365079
99,5,13,6.928937728937729
99,5,14,6.9226190476190474
99,5,15,7.05454822954823
99,5,16,7.142704517704518
99,5,17,6.63507326007326
99,5,18,6.1405677655677655
99,5,19,6.156593406593406
99,5,20,6.107142857142857
99,5,21,5.732600732600732
99,5,22,6.207875457875458
99,5,23,6.386446886446886
99,6,0,6.3076923076923075
99,6,1,6.3076923076923075
99,6,2,6.3076923076923075
99,6,3,6.3076923076923075
99,6,4,6.346153846153846
99,6,5,6.362637362637363
99,6,6,6.346153846153846
99,6,7,6.503663003663004
99,6,8,6.9714285714285715
99,6,9,7.357295482295482
99,6,10,7.602564102564102
99,6,11,7.791666666666667
99,6,12,7.107142857142857
99,6,13,6.52991452991453
99,6,14,6.230769230769231
99,6,15,6.018315018315018
99,6,16,5.960622710622711
99,6,17,5.575549450549451
99,6,18,5.323260073260073
99,6,19,5.613553113553114
99,6,20,5.826007326007327
99,6,21,5.76007326007326
99,6,22,6.027472527472527
99,6,23,6.153846153846154
