station_id,capacity,day_of_week,hour,pred_bikes,pred_occupancy
1,31.0,0,0,10.67,0.344
1,31.0,0,1,10.93,0.353
1,31.0,0,2,10.64,0.343
1,31.0,0,3,10.7,0.345
1,31.0,0,4,10.02,0.323
1,31.0,0,5,11.56,0.373
1,31.0,0,6,13.01,0.42
1,31.0,0,7,16.13,0.52
1,31.0,0,8,20.69,0.667
1,31.0,0,9,22.98,0.741
1,31.0,0,10,23.98,0.774
1,31.0,0,11,24.75,0.798
1,31.0,0,12,24.15,0.779
1,31.0,0,13,20.09,0.648
1,31.0,0,14,19.17,0.618
1,31.0,0,15,16.15,0.521
1,31.0,0,16,14.01,0.452
1,31.0,0,17,10.52,0.339
1,31.0,0,18,9.62,0.31
1,31.0,0,19,8.78,0.283
1,31.0,0,20,7.97,0.257
1,31.0,0,21,7.21,0.233
1,31.0,0,22,7.38,0.238
1,31.0,0,23,7.34,0.237
1,31.0,1,0,7.13,0.23
1,31.0,1,1,7.33,0.236
1,31.0,1,2,6.83,0.22
1,31.0,1,3,7.24,0.234
1,31.0,1,4,6.64,0.214
1,31.0,1,5,8.97,0.289
1,31.0,1,6,11.49,0.371
1,31.0,1,7,14.14,0.456
1,31.0,1,8,21.6,0.697
1,31.0,1,9,24.66,0.795
1,31.0,1,10,22.45,0.724
1,31.0,1,11,20.97,0.676
1,31.0,1,12,15.62,0.504
1,31.0,1,13,14.27,0.46
1,31.0,1,14,12.36,0.399
1,31.0,1,15,12.48,0.403
1,31.0,1,16,10.25,0.331
1,31.0,1,17,5.43,0.175
1,31.0,1,18,5.01,0.162
1,31.0,1,19,5.47,0.176
1,31.0,1,20,4.73,0.153
1,31.0,1,21,3.33,0.107
1,31.0,1,22,2.29,0.074
1,31.0,1,23,2.11,0.068
1,31.0,2,0,1.92,0.062
1,31.0,2,1,1.77,0.057
1,31.0,2,2,1.8,0.058
1,31.0,2,3,1.77,0.057
1,31.0,2,4,2.07,0.067
1,31.0,2,5,6.97,0.225
1,31.0,2,6,9.47,0.305
1,31.0,2,7,13.41,0.433
1,31.0,2,8,19.58,0.632
1,31.0,2,9,20.28,0.654
1,31.0,2,10,20.01,0.645
1,31.0,2,11,19.53,0.63
1,31.0,2,12,16.43,0.53
1,31.0,2,13,15.12,0.488
1,31.0,2,14,11.45,0.369
1,31.0,2,15,6.88,0.222
1,31.0,2,16,5.58,0.18
1,31.0,2,17,3.95,0.127
1,31.0,2,18,3.86,0.125
1,31.0,2,19,2.15,0.069
1,31.0,2,20,2.22,0.072
1,31.0,2,21,1.49,0.048
1,31.0,2,22,0.96,0.031
1,31.0,2,23,0.71,0.023
1,31.0,3,0,0.74,0.024
1,31.0,3,1,0.71,0.023
1,31.0,3,2,0.66,0.021
1,31.0,3,3,0.66,0.021
1,31.0,3,4,0.85,0.027
1,31.0,3,5,4.73,0.153
1,31.0,3,6,9.62,0.31
1,31.0,3,7,11.19,0.361
1,31.0,3,8,14.68,0.474
1,31.0,3,9,17.48,0.564
1,31.0,3,10,17.87,0.576
1,31.0,3,11,18.71,0.604
1,31.0,3,12,15.89,0.513
1,31.0,3,13,13.81,0.445
1,31.0,3,14,10.87,0.351
1,31.0,3,15,8.05,0.26
1,31.0,3,16,8.92,0.288
1,31.0,3,17,9.9,0.319
1,31.0,3,18,9.21,0.297
1,31.0,3,19,5.96,0.192
1,31.0,3,20,3.97,0.128
1,31.0,3,21,3.27,0.105
1,31.0,3,22,1.66,0.054
1,31.0,3,23,1.44,0.046
1,31.0,4,0,1.66,0.054
1,31.0,4,1,1.68,0.054
1,31.0,4,2,1.59,0.051
1,31.0,4,3,1.73,0.056
1,31.0,4,4,1.63,0.053
1,31.0,4,5,5.77,0.186
1,31.0,4,6,9.12,0.294
1,31.0,4,7,11.68,0.377
1,31.0,4,8,16.54,0.534
1,31.0,4,9,20.36,0.657
1,31.0,4,10,22.67,0.731
1,31.0,4,11,23.59,0.761
1,31.0,4,12,22.95,0.74
1,31.0,4,13,19.37,0.625
1,31.0,4,14,16.17,0.522
1,31.0,4,15,15.25,0.492
1,31.0,4,16,15.34,0.495
1,31.0,4,17,16.25,0.524
1,31.0,4,18,16.37,0.528
1,31.0,4,19,16.81,0.542
1,31.0,4,20,17.66,0.57
1,31.0,4,21,16.51,0.533
1,31.0,4,22,13.75,0.444
1,31.0,4,23,12.02,0.388
1,31.0,5,0,11.81,0.381
1,31.0,5,1,11.8,0.381
1,31.0,5,2,11.87,0.383
1,31.0,5,3,11.71,0.378
1,31.0,5,4,11.69,0.377
1,31.0,5,5,13.99,0.451
1,31.0,5,6,17.08,0.551
1,31.0,5,7,18.44,0.595
1,31.0,5,8,19.84,0.64
1,31.0,5,9,21.31,0.687
1,31.0,5,10,20.3,0.655
1,31.0,5,11,21.1,0.681
1,31.0,5,12,21.26,0.686
1,31.0,5,13,18.91,0.61
1,31.0,5,14,18.77,0.605
1,31.0,5,15,18.84,0.608
1,31.0,5,16,20.65,0.666
1,31.0,5,17,18.98,0.612
1,31.0,5,18,17.88,0.577
1,31.0,5,19,18.13,0.585
1,31.0,5,20,19.84,0.64
1,31.0,5,21,19.77,0.638
1,31.0,5,22,17.72,0.572
1,31.0,5,23,16.03,0.517
1,31.0,6,0,15.72,0.507
1,31.0,6,1,15.5,0.5
1,31.0,6,2,15.65,0.505
1,31.0,6,3,15.59,0.503
1,31.0,6,4,15.56,0.502
1,31.0,6,5,16.43,0.53
1,31.0,6,6,19.79,0.638
1,31.0,6,7,21.81,0.704
1,31.0,6,8,23.24,0.75
1,31.0,6,9,24.39,0.787
1,31.0,6,10,24.35,0.785
1,31.0,6,11,24.97,0.805
1,31.0,6,12,25.48,0.822
1,31.0,6,13,24.23,0.782
1,31.0,6,14,24.62,0.794
1,31.0,6,15,22.91,0.739
1,31.0,6,16,21.74,0.701
1,31.0,6,17,20.87,0.673
1,31.0,6,18,18.67,0.602
1,31.0,6,19,18.03,0.582
1,31.0,6,20,17.18,0.554
1,31.0,6,21,14.81,0.478
1,31.0,6,22,13.6,0.439
1,31.0,6,23,12.02,0.388
10,16.0,0,0,12.79,0.799
10,16.0,0,1,12.81,0.801
10,16.0,0,2,12.84,0.802
10,16.0,0,3,12.95,0.809
10,16.0,0,4,12.89,0.806
10,16.0,0,5,10.79,0.674
10,16.0,0,6,10.8,0.675
10,16.0,0,7,12.07,0.754
10,16.0,0,8,13.47,0.842
10,16.0,0,9,13.9,0.869
10,16.0,0,10,12.19,0.762
10,16.0,0,11,11.46,0.716
10,16.0,0,12,12.78,0.799
10,16.0,0,13,11.36,0.71
10,16.0,0,14,12.71,0.794
10,16.0,0,15,13.76,0.86
10,16.0,0,16,11.34,0.709
10,16.0,0,17,13.17,0.823
10,16.0,0,18,13.42,0.839
10,16.0,0,19,14.01,0.876
10,16.0,0,20,13.72,0.858
10,16.0,0,21,13.49,0.843
10,16.0,0,22,12.57,0.786
10,16.0,0,23,11.59,0.724
10,16.0,1,0,11.32,0.708
10,16.0,1,1,11.4,0.712
10,16.0,1,2,11.28,0.705
10,16.0,1,3,11.5,0.719
10,16.0,1,4,11.79,0.737
10,16.0,1,5,12.53,0.783
10,16.0,1,6,11.33,0.708
10,16.0,1,7,8.79,0.549
10,16.0,1,8,10.77,0.673
10,16.0,1,9,10.22,0.639
10,16.0,1,10,10.47,0.654
10,16.0,1,11,10.33,0.646
10,16.0,1,12,11.19,0.699
10,16.0,1,13,12.25,0.766
10,16.0,1,14,12.2,0.762
10,16.0,1,15,10.96,0.685
10,16.0,1,16,6.77,0.423
10,16.0,1,17,8.36,0.522
10,16.0,1,18,10.3,0.644
10,16.0,1,19,9.84,0.615
10,16.0,1,20,8.14,0.509
10,16.0,1,21,6.72,0.42
10,16.0,1,22,5.74,0.359
10,16.0,1,23,4.77,0.298
10,16.0,2,0,4.53,0.283
10,16.0,2,1,4.62,0.289
10,16.0,2,2,4.75,0.297
10,16.0,2,3,4.72,0.295
10,16.0,2,4,4.79,0.299
10,16.0,2,5,5.07,0.317
10,16.0,2,6,5.53,0.346
10,16.0,2,7,6.37,0.398
10,16.0,2,8,8.84,0.552
10,16.0,2,9,11.27,0.704
10,16.0,2,10,11.65,0.728
10,16.0,2,11,11.65,0.728
10,16.0,2,12,12.39,0.774
10,16.0,2,13,12.37,0.773
10,16.0,2,14,11.15,0.697
10,16.0,2,15,10.23,0.639
10,16.0,2,16,9.98,0.624
10,16.0,2,17,11.03,0.689
10,16.0,2,18,12.12,0.758
10,16.0,2,19,12.15,0.759
10,16.0,2,20,12.24,0.765
10,16.0,2,21,10.96,0.685
10,16.0,2,22,9.67,0.604
10,16.0,2,23,8.01,0.501
10,16.0,3,0,8.07,0.504
10,16.0,3,1,7.72,0.482
10,16.0,3,2,7.88,0.492
10,16.0,3,3,7.88,0.492
10,16.0,3,4,7.96,0.498
10,16.0,3,5,7.27,0.454
10,16.0,3,6,7.84,0.49
10,16.0,3,7,7.4,0.462
10,16.0,3,8,9.57,0.598
10,16.0,3,9,10.99,0.687
10,16.0,3,10,10.03,0.627
10,16.0,3,11,9.47,0.592
10,16.0,3,12,10.47,0.654
10,16.0,3,13,10.1,0.631
10,16.0,3,14,11.73,0.733
10,16.0,3,15,11.48,0.718
10,16.0,3,16,11.93,0.746
10,16.0,3,17,12.45,0.778
10,16.0,3,18,13.83,0.864
10,16.0,3,19,13.82,0.864
10,16.0,3,20,13.13,0.821
10,16.0,3,21,12.17,0.761
10,16.0,3,22,10.24,0.64
10,16.0,3,23,8.17,0.511
10,16.0,4,0,8.36,0.522
10,16.0,4,1,8.13,0.508
10,16.0,4,2,8.19,0.512
10,16.0,4,3,8.15,0.509
10,16.0,4,4,8.5,0.531
10,16.0,4,5,7.55,0.472
10,16.0,4,6,7.36,0.46
10,16.0,4,7,6.0,0.375
10,16.0,4,8,8.2,0.512
10,16.0,4,9,10.95,0.684
10,16.0,4,10,11.83,0.739
10,16.0,4,11,11.94,0.746
10,16.0,4,12,12.31,0.769
10,16.0,4,13,12.62,0.789
10,16.0,4,14,12.74,0.796
10,16.0,4,15,12.13,0.758
10,16.0,4,16,13.4,0.838
10,16.0,4,17,14.97,0.936
10,16.0,4,18,15.06,0.941
10,16.0,4,19,15.24,0.952
10,16.0,4,20,15.26,0.954
10,16.0,4,21,14.54,0.909
10,16.0,4,22,13.98,0.874
10,16.0,4,23,12.89,0.806
10,16.0,5,0,12.78,0.799
10,16.0,5,1,12.76,0.798
10,16.0,5,2,12.88,0.805
10,16.0,5,3,12.85,0.803
10,16.0,5,4,12.76,0.798
10,16.0,5,5,13.15,0.822
10,16.0,5,6,13.37,0.836
10,16.0,5,7,13.02,0.814
10,16.0,5,8,11.29,0.706
10,16.0,5,9,11.84,0.74
10,16.0,5,10,12.67,0.792
10,16.0,5,11,13.35,0.834
10,16.0,5,12,13.55,0.847
10,16.0,5,13,14.09,0.881
10,16.0,5,14,14.81,0.926
10,16.0,5,15,14.78,0.924
10,16.0,5,16,14.82,0.926
10,16.0,5,17,15.04,0.94
10,16.0,5,18,15.47,0.967
10,16.0,5,19,15.43,0.964
10,16.0,5,20,15.28,0.955
10,16.0,5,21,14.62,0.914
10,16.0,5,22,14.54,0.909
10,16.0,5,23,13.63,0.852
10,16.0,6,0,13.6,0.85
10,16.0,6,1,13.43,0.839
10,16.0,6,2,13.51,0.844
10,16.0,6,3,13.46,0.841
10,16.0,6,4,13.53,0.846
10,16.0,6,5,13.96,0.872
10,16.0,6,6,14.03,0.877
10,16.0,6,7,14.35,0.897
10,16.0,6,8,14.83,0.927
10,16.0,6,9,15.51,0.969
10,16.0,6,10,14.97,0.936
10,16.0,6,11,14.75,0.922
10,16.0,6,12,14.06,0.879
10,16.0,6,13,14.58,0.911
10,16.0,6,14,14.54,0.909
10,16.0,6,15,14.92,0.932
10,16.0,6,16,14.58,0.911
10,16.0,6,17,14.26,0.891
10,16.0,6,18,14.28,0.892
10,16.0,6,19,15.22,0.951
10,16.0,6,20,15.15,0.947
10,16.0,6,21,14.35,0.897
10,16.0,6,22,13.49,0.843
10,16.0,6,23,13.06,0.816
100,25.0,0,0,11.78,0.471
100,25.0,0,1,11.75,0.47
100,25.0,0,2,11.83,0.473
100,25.0,0,3,11.92,0.477
100,25.0,0,4,12.65,0.506
100,25.0,0,5,16.78,0.671
100,25.0,0,6,14.15,0.566
100,25.0,0,7,9.16,0.366
100,25.0,0,8,9.36,0.374
100,25.0,0,9,6.6,0.264
100,25.0,0,10,6.31,0.252
100,25.0,0,11,7.04,0.282
100,25.0,0,12,7.33,0.293
100,25.0,0,13,7.9,0.316
100,25.0,0,14,11.81,0.472
100,25.0,0,15,16.29,0.652
100,25.0,0,16,20.18,0.807
100,25.0,0,17,20.26,0.81
100,25.0,0,18,19.08,0.763
100,25.0,0,19,18.84,0.754
100,25.0,0,20,17.71,0.708
100,25.0,0,21,17.77,0.711
100,25.0,0,22,17.22,0.689
100,25.0,0,23,17.52,0.701
100,25.0,1,0,17.14,0.686
100,25.0,1,1,17.58,0.703
100,25.0,1,2,17.41,0.696
100,25.0,1,3,17.05,0.682
100,25.0,1,4,17.53,0.701
100,25.0,1,5,16.39,0.656
100,25.0,1,6,10.21,0.408
100,25.0,1,7,3.04,0.122
100,25.0,1,8,4.07,0.163
100,25.0,1,9,3.64,0.146
100,25.0,1,10,1.66,0.066
100,25.0,1,11,2.85,0.114
100,25.0,1,12,4.43,0.177
100,25.0,1,13,6.86,0.274
100,25.0,1,14,15.59,0.624
100,25.0,1,15,20.23,0.809
100,25.0,1,16,24.65,0.986
100,25.0,1,17,23.97,0.959
100,25.0,1,18,24.21,0.968
100,25.0,1,19,24.24,0.97
100,25.0,1,20,24.37,0.975
100,25.0,1,21,23.34,0.934
100,25.0,1,22,23.45,0.938
100,25.0,1,23,23.47,0.939
100,25.0,2,0,23.7,0.948
100,25.0,2,1,23.69,0.948
100,25.0,2,2,23.75,0.95
100,25.0,2,3,23.7,0.948
100,25.0,2,4,23.85,0.954
100,25.0,2,5,19.9,0.796
100,25.0,2,6,10.62,0.425
100,25.0,2,7,4.27,0.171
100,25.0,2,8,4.26,0.17
100,25.0,2,9,4.28,0.171
100,25.0,2,10,4.78,0.191
100,25.0,2,11,5.67,0.227
100,25.0,2,12,8.17,0.327
100,25.0,2,13,9.79,0.392
100,25.0,2,14,16.19,0.648
100,25.0,2,15,21.49,0.86
100,25.0,2,16,23.38,0.935
100,25.0,2,17,24.38,0.975
100,25.0,2,18,24.72,0.989
100,25.0,2,19,24.74,0.99
100,25.0,2,20,24.23,0.969
100,25.0,2,21,24.35,0.974
100,25.0,2,22,24.38,0.975
100,25.0,2,23,24.33,0.973
100,25.0,3,0,24.31,0.972
100,25.0,3,1,24.32,0.973
100,25.0,3,2,24.32,0.973
100,25.0,3,3,24.34,0.974
100,25.0,3,4,24.38,0.975
100,25.0,3,5,21.48,0.859
100,25.0,3,6,12.74,0.51
100,25.0,3,7,4.12,0.165
100,25.0,3,8,5.76,0.23
100,25.0,3,9,3.49,0.14
100,25.0,3,10,3.32,0.133
100,25.0,3,11,5.28,0.211
100,25.0,3,12,6.58,0.263
100,25.0,3,13,9.4,0.376
100,25.0,3,14,13.69,0.548
100,25.0,3,15,18.98,0.759
100,25.0,3,16,23.4,0.936
100,25.0,3,17,24.18,0.967
100,25.0,3,18,24.65,0.986
100,25.0,3,19,24.64,0.986
100,25.0,3,20,24.3,0.972
100,25.0,3,21,24.11,0.964
100,25.0,3,22,24.2,0.968
100,25.0,3,23,23.63,0.945
100,25.0,4,0,23.66,0.946
100,25.0,4,1,23.63,0.945
100,25.0,4,2,23.68,0.947
100,25.0,4,3,23.71,0.948
100,25.0,4,4,23.7,0.948
100,25.0,4,5,21.35,0.854
100,25.0,4,6,13.86,0.554
100,25.0,4,7,4.07,0.163
100,25.0,4,8,3.52,0.141
100,25.0,4,9,4.48,0.179
100,25.0,4,10,4.84,0.194
100,25.0,4,11,8.39,0.336
100,25.0,4,12,16.44,0.658
100,25.0,4,13,18.87,0.755
100,25.0,4,14,17.55,0.702
100,25.0,4,15,18.81,0.752
100,25.0,4,16,22.75,0.91
100,25.0,4,17,23.64,0.946
100,25.0,4,18,23.8,0.952
100,25.0,4,19,24.16,0.966
100,25.0,4,20,24.05,0.962
100,25.0,4,21,23.61,0.944
100,25.0,4,22,23.43,0.937
100,25.0,4,23,23.44,0.938
100,25.0,5,0,23.45,0.938
100,25.0,5,1,23.45,0.938
100,25.0,5,2,23.45,0.938
100,25.0,5,3,23.38,0.935
100,25.0,5,4,23.47,0.939
100,25.0,5,5,23.92,0.957
100,25.0,5,6,24.52,0.981
100,25.0,5,7,23.3,0.932
100,25.0,5,8,21.94,0.878
100,25.0,5,9,22.44,0.898
100,25.0,5,10,22.18,0.887
100,25.0,5,11,22.28,0.891
100,25.0,5,12,21.99,0.88
100,25.0,5,13,21.79,0.872
100,25.0,5,14,21.1,0.844
100,25.0,5,15,20.12,0.805
100,25.0,5,16,19.69,0.788
100,25.0,5,17,20.96,0.838
100,25.0,5,18,21.21,0.848
100,25.0,5,19,20.59,0.824
100,25.0,5,20,20.54,0.822
100,25.0,5,21,20.13,0.805
100,25.0,5,22,19.45,0.778
100,25.0,5,23,19.12,0.765
100,25.0,6,0,19.18,0.767
100,25.0,6,1,19.24,0.77
100,25.0,6,2,19.55,0.782
100,25.0,6,3,19.23,0.769
100,25.0,6,4,19.14,0.766
100,25.0,6,5,19.35,0.774
100,25.0,6,6,20.04,0.802
100,25.0,6,7,21.13,0.845
100,25.0,6,8,21.53,0.861
100,25.0,6,9,22.12,0.885
100,25.0,6,10,21.0,0.84
100,25.0,6,11,19.92,0.797
100,25.0,6,12,19.7,0.788
100,25.0,6,13,19.03,0.761
100,25.0,6,14,19.39,0.776
100,25.0,6,15,19.12,0.765
100,25.0,6,16,18.92,0.757
100,25.0,6,17,19.05,0.762
100,25.0,6,18,18.28,0.731
100,25.0,6,19,16.74,0.67
100,25.0,6,20,13.97,0.559
100,25.0,6,21,12.93,0.517
100,25.0,6,22,12.29,0.492
100,25.0,6,23,12.47,0.499
101,30.0,0,0,14.88,0.496
101,30.0,0,1,14.67,0.489
101,30.0,0,2,15.12,0.504
101,30.0,0,3,15.08,0.503
101,30.0,0,4,15.13,0.504
101,30.0,0,5,14.24,0.475
101,30.0,0,6,12.06,0.402
101,30.0,0,7,8.61,0.287
101,30.0,0,8,5.69,0.19
101,30.0,0,9,4.46,0.149
101,30.0,0,10,4.19,0.14
101,30.0,0,11,4.86,0.162
101,30.0,0,12,5.24,0.175
101,30.0,0,13,5.13,0.171
101,30.0,0,14,5.08,0.169
101,30.0,0,15,5.16,0.172
101,30.0,0,16,5.5,0.183
101,30.0,0,17,6.01,0.2
101,30.0,0,18,6.6,0.22
101,30.0,0,19,8.08,0.269
101,30.0,0,20,8.29,0.276
101,30.0,0,21,9.42,0.314
101,30.0,0,22,11.01,0.367
101,30.0,0,23,11.43,0.381
101,30.0,1,0,11.74,0.391
101,30.0,1,1,11.55,0.385
101,30.0,1,2,11.34,0.378
101,30.0,1,3,11.71,0.39
101,30.0,1,4,10.98,0.366
101,30.0,1,5,9.66,0.322
101,30.0,1,6,7.57,0.252
101,30.0,1,7,4.8,0.16
101,30.0,1,8,3.45,0.115
101,30.0,1,9,2.04,0.068
101,30.0,1,10,2.03,0.068
101,30.0,1,11,1.93,0.064
101,30.0,1,12,2.57,0.086
101,30.0,1,13,3.92,0.131
101,30.0,1,14,4.43,0.148
101,30.0,1,15,4.93,0.164
101,30.0,1,16,6.68,0.223
101,30.0,1,17,8.3,0.277
101,30.0,1,18,7.77,0.259
101,30.0,1,19,7.88,0.263
101,30.0,1,20,9.03,0.301
101,30.0,1,21,11.03,0.368
101,30.0,1,22,12.5,0.417
101,30.0,1,23,12.83,0.428
101,30.0,2,0,12.88,0.429
101,30.0,2,1,12.81,0.427
101,30.0,2,2,12.52,0.417
101,30.0,2,3,12.97,0.432
101,30.0,2,4,12.42,0.414
101,30.0,2,5,11.61,0.387
101,30.0,2,6,8.66,0.289
101,30.0,2,7,4.89,0.163
101,30.0,2,8,4.07,0.136
101,30.0,2,9,2.96,0.099
101,30.0,2,10,3.11,0.104
101,30.0,2,11,2.79,0.093
101,30.0,2,12,3.32,0.111
101,30.0,2,13,4.52,0.151
101,30.0,2,14,5.08,0.169
101,30.0,2,15,5.47,0.182
101,30.0,2,16,7.12,0.237
101,30.0,2,17,8.46,0.282
101,30.0,2,18,8.87,0.296
101,30.0,2,19,9.86,0.329
101,30.0,2,20,11.47,0.382
101,30.0,2,21,12.64,0.421
101,30.0,2,22,14.69,0.49
101,30.0,2,23,15.19,0.506
101,30.0,3,0,15.36,0.512
101,30.0,3,1,15.61,0.52
101,30.0,3,2,15.27,0.509
101,30.0,3,3,15.51,0.517
101,30.0,3,4,14.79,0.493
101,30.0,3,5,13.75,0.458
101,30.0,3,6,11.63,0.388
101,30.0,3,7,6.66,0.222
101,30.0,3,8,3.6,0.12
101,30.0,3,9,3.33,0.111
101,30.0,3,10,3.26,0.109
101,30.0,3,11,3.44,0.115
101,30.0,3,12,3.77,0.126
101,30.0,3,13,4.39,0.146
101,30.0,3,14,4.31,0.144
101,30.0,3,15,4.87,0.162
101,30.0,3,16,6.34,0.211
101,30.0,3,17,5.97,0.199
101,30.0,3,18,7.08,0.236
101,30.0,3,19,8.45,0.282
101,30.0,3,20,9.67,0.322
101,30.0,3,21,11.25,0.375
101,30.0,3,22,11.92,0.397
101,30.0,3,23,12.43,0.414
101,30.0,4,0,12.39,0.413
101,30.0,4,1,12.36,0.412
101,30.0,4,2,12.44,0.415
101,30.0,4,3,12.53,0.418
101,30.0,4,4,12.15,0.405
101,30.0,4,5,11.65,0.388
101,30.0,4,6,9.1,0.303
101,30.0,4,7,4.79,0.16
101,30.0,4,8,3.03,0.101
101,30.0,4,9,2.32,0.077
101,30.0,4,10,2.08,0.069
101,30.0,4,11,2.11,0.07
101,30.0,4,12,2.06,0.069
101,30.0,4,13,2.38,0.079
101,30.0,4,14,3.31,0.11
101,30.0,4,15,3.03,0.101
101,30.0,4,16,4.35,0.145
101,30.0,4,17,5.0,0.167
101,30.0,4,18,5.71,0.19
101,30.0,4,19,5.99,0.2
101,30.0,4,20,6.75,0.225
101,30.0,4,21,7.16,0.239
101,30.0,4,22,8.2,0.273
101,30.0,4,23,8.07,0.269
101,30.0,5,0,7.98,0.266
101,30.0,5,1,8.15,0.272
101,30.0,5,2,8.16,0.272
101,30.0,5,3,8.15,0.272
101,30.0,5,4,8.33,0.278
101,30.0,5,5,7.9,0.263
101,30.0,5,6,6.63,0.221
101,30.0,5,7,4.51,0.15
101,30.0,5,8,2.73,0.091
101,30.0,5,9,2.83,0.094
101,30.0,5,10,2.3,0.077
101,30.0,5,11,2.59,0.086
101,30.0,5,12,2.88,0.096
101,30.0,5,13,2.67,0.089
101,30.0,5,14,2.84,0.095
101,30.0,5,15,3.24,0.108
101,30.0,5,16,4.82,0.161
101,30.0,5,17,5.08,0.169
101,30.0,5,18,5.21,0.174
101,30.0,5,19,6.23,0.208
101,30.0,5,20,6.91,0.23
101,30.0,5,21,7.63,0.254
101,30.0,5,22,8.59,0.286
101,30.0,5,23,9.27,0.309
101,30.0,6,0,10.06,0.335
101,30.0,6,1,10.09,0.336
101,30.0,6,2,10.15,0.338
101,30.0,6,3,9.92,0.331
101,30.0,6,4,10.47,0.349
101,30.0,6,5,11.23,0.374
101,30.0,6,6,10.12,0.337
101,30.0,6,7,8.67,0.289
101,30.0,6,8,8.21,0.274
101,30.0,6,9,7.2,0.24
101,30.0,6,10,5.98,0.199
101,30.0,6,11,5.42,0.181
101,30.0,6,12,5.5,0.183
101,30.0,6,13,5.2,0.173
101,30.0,6,14,5.38,0.179
101,30.0,6,15,7.13,0.238
101,30.0,6,16,8.25,0.275
101,30.0,6,17,8.95,0.298
101,30.0,6,18,9.49,0.316
101,30.0,6,19,10.06,0.335
101,30.0,6,20,11.81,0.394
101,30.0,6,21,12.4,0.413
101,30.0,6,22,13.25,0.442
101,30.0,6,23,13.96,0.465
102,40.0,0,0,6.48,0.162
102,40.0,0,1,6.38,0.16
102,40.0,0,2,6.48,0.162
102,40.0,0,3,6.48,0.162
102,40.0,0,4,6.09,0.152
102,40.0,0,5,5.56,0.139
102,40.0,0,6,5.07,0.127
102,40.0,0,7,4.25,0.106
102,40.0,0,8,2.72,0.068
102,40.0,0,9,2.7,0.068
102,40.0,0,10,3.22,0.08
102,40.0,0,11,2.99,0.075
102,40.0,0,12,3.3,0.082
102,40.0,0,13,3.37,0.084
102,40.0,0,14,3.3,0.082
102,40.0,0,15,2.67,0.067
102,40.0,0,16,1.3,0.032
102,40.0,0,17,1.12,0.028
102,40.0,0,18,1.04,0.026
102,40.0,0,19,1.25,0.031
102,40.0,0,20,1.36,0.034
102,40.0,0,21,1.93,0.048
102,40.0,0,22,2.03,0.051
102,40.0,0,23,2.15,0.054
102,40.0,1,0,2.17,0.054
102,40.0,1,1,2.19,0.055
102,40.0,1,2,2.14,0.054
102,40.0,1,3,2.11,0.053
102,40.0,1,4,2.04,0.051
102,40.0,1,5,4.27,0.107
102,40.0,1,6,8.12,0.203
102,40.0,1,7,6.15,0.154
102,40.0,1,8,4.57,0.114
102,40.0,1,9,4.45,0.111
102,40.0,1,10,4.54,0.114
102,40.0,1,11,4.7,0.118
102,40.0,1,12,4.37,0.109
102,40.0,1,13,5.63,0.141
102,40.0,1,14,5.35,0.134
102,40.0,1,15,5.63,0.141
102,40.0,1,16,6.8,0.17
102,40.0,1,17,7.53,0.188
102,40.0,1,18,6.97,0.174
102,40.0,1,19,6.27,0.157
102,40.0,1,20,6.12,0.153
102,40.0,1,21,6.0,0.15
102,40.0,1,22,5.91,0.148
102,40.0,1,23,6.35,0.159
102,40.0,2,0,7.09,0.177
102,40.0,2,1,6.81,0.17
102,40.0,2,2,7.07,0.177
102,40.0,2,3,6.71,0.168
102,40.0,2,4,6.68,0.167
102,40.0,2,5,7.85,0.196
102,40.0,2,6,9.15,0.229
102,40.0,2,7,7.71,0.193
102,40.0,2,8,4.99,0.125
102,40.0,2,9,4.35,0.109
102,40.0,2,10,3.09,0.077
102,40.0,2,11,2.77,0.069
102,40.0,2,12,4.37,0.109
102,40.0,2,13,4.72,0.118
102,40.0,2,14,6.72,0.168
102,40.0,2,15,5.84,0.146
102,40.0,2,16,5.29,0.132
102,40.0,2,17,6.98,0.175
102,40.0,2,18,8.13,0.203
102,40.0,2,19,8.51,0.213
102,40.0,2,20,8.9,0.222
102,40.0,2,21,8.74,0.218
102,40.0,2,22,8.36,0.209
102,40.0,2,23,8.36,0.209
102,40.0,3,0,8.32,0.208
102,40.0,3,1,8.08,0.202
102,40.0,3,2,8.2,0.205
102,40.0,3,3,8.23,0.206
102,40.0,3,4,7.69,0.192
102,40.0,3,5,13.38,0.334
102,40.0,3,6,13.59,0.34
102,40.0,3,7,9.77,0.244
102,40.0,3,8,5.94,0.149
102,40.0,3,9,4.51,0.113
102,40.0,3,10,3.77,0.094
102,40.0,3,11,4.85,0.121
102,40.0,3,12,6.75,0.169
102,40.0,3,13,8.13,0.203
102,40.0,3,14,8.47,0.212
102,40.0,3,15,7.09,0.177
102,40.0,3,16,6.45,0.161
102,40.0,3,17,6.14,0.154
102,40.0,3,18,6.67,0.167
102,40.0,3,19,6.89,0.172
102,40.0,3,20,6.65,0.166
102,40.0,3,21,6.52,0.163
102,40.0,3,22,6.89,0.172
102,40.0,3,23,6.81,0.17
102,40.0,4,0,6.86,0.172
102,40.0,4,1,6.75,0.169
102,40.0,4,2,6.95,0.174
102,40.0,4,3,6.99,0.175
102,40.0,4,4,6.69,0.167
102,40.0,4,5,9.2,0.23
102,40.0,4,6,11.9,0.298
102,40.0,4,7,9.39,0.235
102,40.0,4,8,6.74,0.168
102,40.0,4,9,6.6,0.165
102,40.0,4,10,4.67,0.117
102,40.0,4,11,6.43,0.161
102,40.0,4,12,6.77,0.169
102,40.0,4,13,9.58,0.24
102,40.0,4,14,11.42,0.286
102,40.0,4,15,12.11,0.303
102,40.0,4,16,11.73,0.293
102,40.0,4,17,11.04,0.276
102,40.0,4,18,10.2,0.255
102,40.0,4,19,9.85,0.246
102,40.0,4,20,9.49,0.237
102,40.0,4,21,8.86,0.221
102,40.0,4,22,8.54,0.213
102,40.0,4,23,8.48,0.212
102,40.0,5,0,8.82,0.22
102,40.0,5,1,8.52,0.213
102,40.0,5,2,8.91,0.223
102,40.0,5,3,8.52,0.213
102,40.0,5,4,8.41,0.21
102,40.0,5,5,8.35,0.209
102,40.0,5,6,7.06,0.176
102,40.0,5,7,6.15,0.154
102,40.0,5,8,5.87,0.147
102,40.0,5,9,5.21,0.13
102,40.0,5,10,3.51,0.088
102,40.0,5,11,4.08,0.102
102,40.0,5,12,4.84,0.121
102,40.0,5,13,6.19,0.155
102,40.0,5,14,5.98,0.15
102,40.0,5,15,5.5,0.138
102,40.0,5,16,4.42,0.11
102,40.0,5,17,3.74,0.094
102,40.0,5,18,3.35,0.084
102,40.0,5,19,2.78,0.069
102,40.0,5,20,2.68,0.067
102,40.0,5,21,2.62,0.066
102,40.0,5,22,2.73,0.068
102,40.0,5,23,2.83,0.071
102,40.0,6,0,3.27,0.082
102,40.0,6,1,3.09,0.077
102,40.0,6,2,3.26,0.081
102,40.0,6,3,2.98,0.074
102,40.0,6,4,3.02,0.076
102,40.0,6,5,2.47,0.062
102,40.0,6,6,1.94,0.048
102,40.0,6,7,1.43,0.036
102,40.0,6,8,0.88,0.022
102,40.0,6,9,0.23,0.006
102,40.0,6,10,1.85,0.046
102,40.0,6,11,2.29,0.057
102,40.0,6,12,2.91,0.073
102,40.0,6,13,3.32,0.083
102,40.0,6,14,6.9,0.173
102,40.0,6,15,7.15,0.179
102,40.0,6,16,6.83,0.171
102,40.0,6,17,6.4,0.16
102,40.0,6,18,5.9,0.148
102,40.0,6,19,5.81,0.145
102,40.0,6,20,5.89,0.147
102,40.0,6,21,6.03,0.151
102,40.0,6,22,6.05,0.151
102,40.0,6,23,5.68,0.142
103,40.0,0,0,5.03,0.126
103,40.0,0,1,4.92,0.123
103,40.0,0,2,5.27,0.132
103,40.0,0,3,5.13,0.128
103,40.0,0,4,5.06,0.126
103,40.0,0,5,5.16,0.129
103,40.0,0,6,6.02,0.15
103,40.0,0,7,6.23,0.156
103,40.0,0,8,5.87,0.147
103,40.0,0,9,5.82,0.146
103,40.0,0,10,5.72,0.143
103,40.0,0,11,4.7,0.118
103,40.0,0,12,3.98,0.1
103,40.0,0,13,4.09,0.102
103,40.0,0,14,2.96,0.074
103,40.0,0,15,2.19,0.055
103,40.0,0,16,2.02,0.05
103,40.0,0,17,2.15,0.054
103,40.0,0,18,2.29,0.057
103,40.0,0,19,1.62,0.04
103,40.0,0,20,1.43,0.036
103,40.0,0,21,1.57,0.039
103,40.0,0,22,1.41,0.035
103,40.0,0,23,1.58,0.04
103,40.0,1,0,1.5,0.038
103,40.0,1,1,1.51,0.038
103,40.0,1,2,1.43,0.036
103,40.0,1,3,1.49,0.037
103,40.0,1,4,1.46,0.036
103,40.0,1,5,1.82,0.046
103,40.0,1,6,1.96,0.049
103,40.0,1,7,3.2,0.08
103,40.0,1,8,4.33,0.108
103,40.0,1,9,4.34,0.108
103,40.0,1,10,4.76,0.119
103,40.0,1,11,4.67,0.117
103,40.0,1,12,4.52,0.113
103,40.0,1,13,5.25,0.131
103,40.0,1,14,4.78,0.12
103,40.0,1,15,3.27,0.082
103,40.0,1,16,2.82,0.07
103,40.0,1,17,1.71,0.043
103,40.0,1,18,1.64,0.041
103,40.0,1,19,0.96,0.024
103,40.0,1,20,0.78,0.02
103,40.0,1,21,1.1,0.028
103,40.0,1,22,1.26,0.032
103,40.0,1,23,1.39,0.035
103,40.0,2,0,1.88,0.047
103,40.0,2,1,1.89,0.047
103,40.0,2,2,1.92,0.048
103,40.0,2,3,1.91,0.048
103,40.0,2,4,1.88,0.047
103,40.0,2,5,2.18,0.055
103,40.0,2,6,2.83,0.071
103,40.0,2,7,3.91,0.098
103,40.0,2,8,6.58,0.164
103,40.0,2,9,6.68,0.167
103,40.0,2,10,6.53,0.163
103,40.0,2,11,6.45,0.161
103,40.0,2,12,4.97,0.124
103,40.0,2,13,4.85,0.121
103,40.0,2,14,4.3,0.108
103,40.0,2,15,2.65,0.066
103,40.0,2,16,3.1,0.078
103,40.0,2,17,4.23,0.106
103,40.0,2,18,4.28,0.107
103,40.0,2,19,3.53,0.088
103,40.0,2,20,3.09,0.077
103,40.0,2,21,2.77,0.069
103,40.0,2,22,2.98,0.074
103,40.0,2,23,3.16,0.079
103,40.0,3,0,3.29,0.082
103,40.0,3,1,3.3,0.082
103,40.0,3,2,3.38,0.084
103,40.0,3,3,3.49,0.087
103,40.0,3,4,3.31,0.083
103,40.0,3,5,3.21,0.08
103,40.0,3,6,4.0,0.1
103,40.0,3,7,5.71,0.143
103,40.0,3,8,8.02,0.2
103,40.0,3,9,9.58,0.24
103,40.0,3,10,9.27,0.232
103,40.0,3,11,8.11,0.203
103,40.0,3,12,5.98,0.15
103,40.0,3,13,5.14,0.128
103,40.0,3,14,6.29,0.157
103,40.0,3,15,6.58,0.164
103,40.0,3,16,6.01,0.15
103,40.0,3,17,4.89,0.122
103,40.0,3,18,5.11,0.128
103,40.0,3,19,4.26,0.106
103,40.0,3,20,4.27,0.107
103,40.0,3,21,4.09,0.102
103,40.0,3,22,4.76,0.119
103,40.0,3,23,5.24,0.131
103,40.0,4,0,4.79,0.12
103,40.0,4,1,5.15,0.129
103,40.0,4,2,4.96,0.124
103,40.0,4,3,5.05,0.126
103,40.0,4,4,5.0,0.125
103,40.0,4,5,5.0,0.125
103,40.0,4,6,5.12,0.128
103,40.0,4,7,5.08,0.127
103,40.0,4,8,7.17,0.179
103,40.0,4,9,8.82,0.22
103,40.0,4,10,8.46,0.212
103,40.0,4,11,7.56,0.189
103,40.0,4,12,6.95,0.174
103,40.0,4,13,7.57,0.189
103,40.0,4,14,7.01,0.175
103,40.0,4,15,7.11,0.178
103,40.0,4,16,8.06,0.202
103,40.0,4,17,7.87,0.197
103,40.0,4,18,6.87,0.172
103,40.0,4,19,6.99,0.175
103,40.0,4,20,6.22,0.156
103,40.0,4,21,6.57,0.164
103,40.0,4,22,7.39,0.185
103,40.0,4,23,7.47,0.187
103,40.0,5,0,7.62,0.19
103,40.0,5,1,7.66,0.192
103,40.0,5,2,7.53,0.188
103,40.0,5,3,7.54,0.188
103,40.0,5,4,7.61,0.19
103,40.0,5,5,7.98,0.2
103,40.0,5,6,7.5,0.188
103,40.0,5,7,7.95,0.199
103,40.0,5,8,10.47,0.262
103,40.0,5,9,10.33,0.258
103,40.0,5,10,9.09,0.227
103,40.0,5,11,8.66,0.216
103,40.0,5,12,7.69,0.192
103,40.0,5,13,6.77,0.169
103,40.0,5,14,7.05,0.176
103,40.0,5,15,6.7,0.168
103,40.0,5,16,6.29,0.157
103,40.0,5,17,6.3,0.158
103,40.0,5,18,6.29,0.157
103,40.0,5,19,6.11,0.153
103,40.0,5,20,6.42,0.16
103,40.0,5,21,6.52,0.163
103,40.0,5,22,6.45,0.161
103,40.0,5,23,6.5,0.162
103,40.0,6,0,6.45,0.161
103,40.0,6,1,6.64,0.166
103,40.0,6,2,6.57,0.164
103,40.0,6,3,6.4,0.16
103,40.0,6,4,6.7,0.168
103,40.0,6,5,6.84,0.171
103,40.0,6,6,6.51,0.163
103,40.0,6,7,7.54,0.188
103,40.0,6,8,7.23,0.181
103,40.0,6,9,6.79,0.17
103,40.0,6,10,6.82,0.17
103,40.0,6,11,6.35,0.159
103,40.0,6,12,6.03,0.151
103,40.0,6,13,5.91,0.148
103,40.0,6,14,5.38,0.134
103,40.0,6,15,5.72,0.143
103,40.0,6,16,5.76,0.144
103,40.0,6,17,5.69,0.142
103,40.0,6,18,5.33,0.133
103,40.0,6,19,4.72,0.118
103,40.0,6,20,4.75,0.119
103,40.0,6,21,4.97,0.124
103,40.0,6,22,4.73,0.118
103,40.0,6,23,5.08,0.127
104,40.0,0,0,3.83,0.096
104,40.0,0,1,3.7,0.092
104,40.0,0,2,3.89,0.097
104,40.0,0,3,3.78,0.094
104,40.0,0,4,3.9,0.098
104,40.0,0,5,3.84,0.096
104,40.0,0,6,3.7,0.092
104,40.0,0,7,3.47,0.087
104,40.0,0,8,3.67,0.092
104,40.0,0,9,3.41,0.085
104,40.0,0,10,3.56,0.089
104,40.0,0,11,3.6,0.09
104,40.0,0,12,3.23,0.081
104,40.0,0,13,2.71,0.068
104,40.0,0,14,2.89,0.072
104,40.0,0,15,4.09,0.102
104,40.0,0,16,5.58,0.14
104,40.0,0,17,5.05,0.126
104,40.0,0,18,4.72,0.118
104,40.0,0,19,4.59,0.115
104,40.0,0,20,4.53,0.113
104,40.0,0,21,4.3,0.108
104,40.0,0,22,4.52,0.113
104,40.0,0,23,4.72,0.118
104,40.0,1,0,4.47,0.112
104,40.0,1,1,4.66,0.116
104,40.0,1,2,4.55,0.114
104,40.0,1,3,4.7,0.118
104,40.0,1,4,4.61,0.115
104,40.0,1,5,4.63,0.116
104,40.0,1,6,4.35,0.109
104,40.0,1,7,4.07,0.102
104,40.0,1,8,3.4,0.085
104,40.0,1,9,3.26,0.081
104,40.0,1,10,2.95,0.074
104,40.0,1,11,2.83,0.071
104,40.0,1,12,3.58,0.09
104,40.0,1,13,3.14,0.078
104,40.0,1,14,2.88,0.072
104,40.0,1,15,3.22,0.08
104,40.0,1,16,5.81,0.145
104,40.0,1,17,5.18,0.13
104,40.0,1,18,4.97,0.124
104,40.0,1,19,4.48,0.112
104,40.0,1,20,3.91,0.098
104,40.0,1,21,3.69,0.092
104,40.0,1,22,3.71,0.093
104,40.0,1,23,4.18,0.104
104,40.0,2,0,5.82,0.146
104,40.0,2,1,5.84,0.146
104,40.0,2,2,5.91,0.148
104,40.0,2,3,5.7,0.143
104,40.0,2,4,5.95,0.149
104,40.0,2,5,5.82,0.146
104,40.0,2,6,5.57,0.139
104,40.0,2,7,4.97,0.124
104,40.0,2,8,5.18,0.13
104,40.0,2,9,4.95,0.124
104,40.0,2,10,4.71,0.118
104,40.0,2,11,4.38,0.11
104,40.0,2,12,2.96,0.074
104,40.0,2,13,2.89,0.072
104,40.0,2,14,3.03,0.076
104,40.0,2,15,4.98,0.125
104,40.0,2,16,4.75,0.119
104,40.0,2,17,5.3,0.132
104,40.0,2,18,5.44,0.136
104,40.0,2,19,5.01,0.125
104,40.0,2,20,4.78,0.12
104,40.0,2,21,5.15,0.129
104,40.0,2,22,5.01,0.125
104,40.0,2,23,4.99,0.125
104,40.0,3,0,5.09,0.127
104,40.0,3,1,4.93,0.123
104,40.0,3,2,5.15,0.129
104,40.0,3,3,5.16,0.129
104,40.0,3,4,5.09,0.127
104,40.0,3,5,5.1,0.128
104,40.0,3,6,4.69,0.117
104,40.0,3,7,4.37,0.109
104,40.0,3,8,3.91,0.098
104,40.0,3,9,4.9,0.123
104,40.0,3,10,5.8,0.145
104,40.0,3,11,5.83,0.146
104,40.0,3,12,5.56,0.139
104,40.0,3,13,5.6,0.14
104,40.0,3,14,6.12,0.153
104,40.0,3,15,8.85,0.221
104,40.0,3,16,8.51,0.213
104,40.0,3,17,8.51,0.213
104,40.0,3,18,8.87,0.222
104,40.0,3,19,8.7,0.217
104,40.0,3,20,8.9,0.222
104,40.0,3,21,9.0,0.225
104,40.0,3,22,9.19,0.23
104,40.0,3,23,9.17,0.229
104,40.0,4,0,9.09,0.227
104,40.0,4,1,8.88,0.222
104,40.0,4,2,9.46,0.237
104,40.0,4,3,9.35,0.234
104,40.0,4,4,9.25,0.231
104,40.0,4,5,10.25,0.256
104,40.0,4,6,11.33,0.283
104,40.0,4,7,10.72,0.268
104,40.0,4,8,9.97,0.249
104,40.0,4,9,9.47,0.237
104,40.0,4,10,9.36,0.234
104,40.0,4,11,8.85,0.221
104,40.0,4,12,8.81,0.22
104,40.0,4,13,8.67,0.217
104,40.0,4,14,9.38,0.234
104,40.0,4,15,11.84,0.296
104,40.0,4,16,12.59,0.315
104,40.0,4,17,12.71,0.318
104,40.0,4,18,12.03,0.301
104,40.0,4,19,11.64,0.291
104,40.0,4,20,11.26,0.282
104,40.0,4,21,10.78,0.269
104,40.0,4,22,11.12,0.278
104,40.0,4,23,10.75,0.269
104,40.0,5,0,10.74,0.268
104,40.0,5,1,10.75,0.269
104,40.0,5,2,10.63,0.266
104,40.0,5,3,10.95,0.274
104,40.0,5,4,10.85,0.271
104,40.0,5,5,10.85,0.271
104,40.0,5,6,10.35,0.259
104,40.0,5,7,9.93,0.248
104,40.0,5,8,9.38,0.234
104,40.0,5,9,9.22,0.23
104,40.0,5,10,8.77,0.219
104,40.0,5,11,7.99,0.2
104,40.0,5,12,8.02,0.2
104,40.0,5,13,7.89,0.197
104,40.0,5,14,7.66,0.192
104,40.0,5,15,7.65,0.191
104,40.0,5,16,6.79,0.17
104,40.0,5,17,6.67,0.167
104,40.0,5,18,6.88,0.172
104,40.0,5,19,6.96,0.174
104,40.0,5,20,6.6,0.165
104,40.0,5,21,6.5,0.162
104,40.0,5,22,6.38,0.16
104,40.0,5,23,6.29,0.157
104,40.0,6,0,6.36,0.159
104,40.0,6,1,6.35,0.159
104,40.0,6,2,6.07,0.152
104,40.0,6,3,5.86,0.147
104,40.0,6,4,6.28,0.157
104,40.0,6,5,6.57,0.164
104,40.0,6,6,6.39,0.16
104,40.0,6,7,6.08,0.152
104,40.0,6,8,6.04,0.151
104,40.0,6,9,5.46,0.136
104,40.0,6,10,5.94,0.149
104,40.0,6,11,6.12,0.153
104,40.0,6,12,5.51,0.138
104,40.0,6,13,4.85,0.121
104,40.0,6,14,4.29,0.107
104,40.0,6,15,4.14,0.104
104,40.0,6,16,4.32,0.108
104,40.0,6,17,4.32,0.108
104,40.0,6,18,3.97,0.099
104,40.0,6,19,4.26,0.106
104,40.0,6,20,3.96,0.099
104,40.0,6,21,4.25,0.106
104,40.0,6,22,4.26,0.106
104,40.0,6,23,4.16,0.104
105,36.0,0,0,2.47,0.069
105,36.0,0,1,2.51,0.07
105,36.0,0,2,2.46,0.068
105,36.0,0,3,2.62,0.073
105,36.0,0,4,2.56,0.071
105,36.0,0,5,2.6,0.072
105,36.0,0,6,2.42,0.067
105,36.0,0,7,1.79,0.05
105,36.0,0,8,0.24,0.007
105,36.0,0,9,0.3,0.008
105,36.0,0,10,0.28,0.008
105,36.0,0,11,0.7,0.019
105,36.0,0,12,2.29,0.064
105,36.0,0,13,2.85,0.079
105,36.0,0,14,2.72,0.076
105,36.0,0,15,2.04,0.057
105,36.0,0,16,2.5,0.069
105,36.0,0,17,2.65,0.074
105,36.0,0,18,2.47,0.069
105,36.0,0,19,3.16,0.088
105,36.0,0,20,3.94,0.109
105,36.0,0,21,3.75,0.104
105,36.0,0,22,3.85,0.107
105,36.0,0,23,4.27,0.119
105,36.0,1,0,4.17,0.116
105,36.0,1,1,4.06,0.113
105,36.0,1,2,4.27,0.119
105,36.0,1,3,4.13,0.115
105,36.0,1,4,4.14,0.115
105,36.0,1,5,4.01,0.111
105,36.0,1,6,3.35,0.093
105,36.0,1,7,2.36,0.066
105,36.0,1,8,1.01,0.028
105,36.0,1,9,0.95,0.026
105,36.0,1,10,1.54,0.043
105,36.0,1,11,3.06,0.085
105,36.0,1,12,3.47,0.096
105,36.0,1,13,3.27,0.091
105,36.0,1,14,3.24,0.09
105,36.0,1,15,3.79,0.105
105,36.0,1,16,3.77,0.105
105,36.0,1,17,4.29,0.119
105,36.0,1,18,4.94,0.137
105,36.0,1,19,4.02,0.112
105,36.0,1,20,4.49,0.125
105,36.0,1,21,5.5,0.153
105,36.0,1,22,5.89,0.164
105,36.0,1,23,5.92,0.164
105,36.0,2,0,6.69,0.186
105,36.0,2,1,6.68,0.186
105,36.0,2,2,7.04,0.196
105,36.0,2,3,6.76,0.188
105,36.0,2,4,6.61,0.184
105,36.0,2,5,6.34,0.176
105,36.0,2,6,5.94,0.165
105,36.0,2,7,5.29,0.147
105,36.0,2,8,3.85,0.107
105,36.0,2,9,3.33,0.092
105,36.0,2,10,3.0,0.083
105,36.0,2,11,3.13,0.087
105,36.0,2,12,4.52,0.126
105,36.0,2,13,4.97,0.138
105,36.0,2,14,4.85,0.135
105,36.0,2,15,5.15,0.143
105,36.0,2,16,5.51,0.153
105,36.0,2,17,5.02,0.139
105,36.0,2,18,4.87,0.135
105,36.0,2,19,4.63,0.129
105,36.0,2,20,4.96,0.138
105,36.0,2,21,5.75,0.16
105,36.0,2,22,5.83,0.162
105,36.0,2,23,6.04,0.168
105,36.0,3,0,5.9,0.164
105,36.0,3,1,6.05,0.168
105,36.0,3,2,5.97,0.166
105,36.0,3,3,6.0,0.167
105,36.0,3,4,5.91,0.164
105,36.0,3,5,5.3,0.147
105,36.0,3,6,5.31,0.148
105,36.0,3,7,4.36,0.121
105,36.0,3,8,2.51,0.07
105,36.0,3,9,2.01,0.056
105,36.0,3,10,1.7,0.047
105,36.0,3,11,1.46,0.041
105,36.0,3,12,3.78,0.105
105,36.0,3,13,3.56,0.099
105,36.0,3,14,4.09,0.114
105,36.0,3,15,4.3,0.119
105,36.0,3,16,4.27,0.119
105,36.0,3,17,3.74,0.104
105,36.0,3,18,3.32,0.092
105,36.0,3,19,3.17,0.088
105,36.0,3,20,3.39,0.094
105,36.0,3,21,3.93,0.109
105,36.0,3,22,4.77,0.132
105,36.0,3,23,5.26,0.146
105,36.0,4,0,5.33,0.148
105,36.0,4,1,5.29,0.147
105,36.0,4,2,5.15,0.143
105,36.0,4,3,5.29,0.147
105,36.0,4,4,5.43,0.151
105,36.0,4,5,5.29,0.147
105,36.0,4,6,4.77,0.132
105,36.0,4,7,3.83,0.106
105,36.0,4,8,2.34,0.065
105,36.0,4,9,1.63,0.045
105,36.0,4,10,1.22,0.034
105,36.0,4,11,0.95,0.026
105,36.0,4,12,2.16,0.06
105,36.0,4,13,2.58,0.072
105,36.0,4,14,2.43,0.068
105,36.0,4,15,2.54,0.071
105,36.0,4,16,2.62,0.073
105,36.0,4,17,2.19,0.061
105,36.0,4,18,1.81,0.05
105,36.0,4,19,1.36,0.038
105,36.0,4,20,1.03,0.029
105,36.0,4,21,0.99,0.028
105,36.0,4,22,1.39,0.039
105,36.0,4,23,1.85,0.051
105,36.0,5,0,2.13,0.059
105,36.0,5,1,2.08,0.058
105,36.0,5,2,2.12,0.059
105,36.0,5,3,2.13,0.059
105,36.0,5,4,1.99,0.055
105,36.0,5,5,1.81,0.05
105,36.0,5,6,1.34,0.037
105,36.0,5,7,1.04,0.029
105,36.0,5,8,0.95,0.026
105,36.0,5,9,0.72,0.02
105,36.0,5,10,0.71,0.02
105,36.0,5,11,1.43,0.04
105,36.0,5,12,1.44,0.04
105,36.0,5,13,1.75,0.049
105,36.0,5,14,2.19,0.061
105,36.0,5,15,2.06,0.057
105,36.0,5,16,1.99,0.055
105,36.0,5,17,1.74,0.048
105,36.0,5,18,1.68,0.047
105,36.0,5,19,1.57,0.044
105,36.0,5,20,1.65,0.046
105,36.0,5,21,2.13,0.059
105,36.0,5,22,2.37,0.066
105,36.0,5,23,2.6,0.072
105,36.0,6,0,2.89,0.08
105,36.0,6,1,2.93,0.081
105,36.0,6,2,2.82,0.078
105,36.0,6,3,2.87,0.08
105,36.0,6,4,2.86,0.079
105,36.0,6,5,2.98,0.083
105,36.0,6,6,2.73,0.076
105,36.0,6,7,2.31,0.064
105,36.0,6,8,1.66,0.046
105,36.0,6,9,1.04,0.029
105,36.0,6,10,0.7,0.019
105,36.0,6,11,0.59,0.016
105,36.0,6,12,0.52,0.014
105,36.0,6,13,1.65,0.046
105,36.0,6,14,2.41,0.067
105,36.0,6,15,2.55,0.071
105,36.0,6,16,2.4,0.067
105,36.0,6,17,2.37,0.066
105,36.0,6,18,2.21,0.061
105,36.0,6,19,2.05,0.057
105,36.0,6,20,1.8,0.05
105,36.0,6,21,1.62,0.045
105,36.0,6,22,1.98,0.055
105,36.0,6,23,2.17,0.06
106,40.0,0,0,4.36,0.109
106,40.0,0,1,4.52,0.113
106,40.0,0,2,4.6,0.115
106,40.0,0,3,4.83,0.121
106,40.0,0,4,4.56,0.114
106,40.0,0,5,7.7,0.192
106,40.0,0,6,8.12,0.203
106,40.0,0,7,5.35,0.134
106,40.0,0,8,3.91,0.098
106,40.0,0,9,5.02,0.126
106,40.0,0,10,6.16,0.154
106,40.0,0,11,9.46,0.237
106,40.0,0,12,11.72,0.293
106,40.0,0,13,10.94,0.273
106,40.0,0,14,11.18,0.279
106,40.0,0,15,10.68,0.267
106,40.0,0,16,9.75,0.244
106,40.0,0,17,10.0,0.25
106,40.0,0,18,9.44,0.236
106,40.0,0,19,9.37,0.234
106,40.0,0,20,9.16,0.229
106,40.0,0,21,9.61,0.24
106,40.0,0,22,10.12,0.253
106,40.0,0,23,10.29,0.257
106,40.0,1,0,10.19,0.255
106,40.0,1,1,10.24,0.256
106,40.0,1,2,10.13,0.253
106,40.0,1,3,10.05,0.251
106,40.0,1,4,10.21,0.255
106,40.0,1,5,12.38,0.31
106,40.0,1,6,12.56,0.314
106,40.0,1,7,6.45,0.161
106,40.0,1,8,2.43,0.061
106,40.0,1,9,4.17,0.104
106,40.0,1,10,8.41,0.21
106,40.0,1,11,10.89,0.272
106,40.0,1,12,14.27,0.357
106,40.0,1,13,14.14,0.354
106,40.0,1,14,13.4,0.335
106,40.0,1,15,12.47,0.312
106,40.0,1,16,12.8,0.32
106,40.0,1,17,12.37,0.309
106,40.0,1,18,11.52,0.288
106,40.0,1,19,10.36,0.259
106,40.0,1,20,9.29,0.232
106,40.0,1,21,9.8,0.245
106,40.0,1,22,10.91,0.273
106,40.0,1,23,11.54,0.288
106,40.0,2,0,11.4,0.285
106,40.0,2,1,11.21,0.28
106,40.0,2,2,11.38,0.285
106,40.0,2,3,11.36,0.284
106,40.0,2,4,11.35,0.284
106,40.0,2,5,15.07,0.377
106,40.0,2,6,15.95,0.399
106,40.0,2,7,11.21,0.28
106,40.0,2,8,3.59,0.09
106,40.0,2,9,3.4,0.085
106,40.0,2,10,6.98,0.175
106,40.0,2,11,8.64,0.216
106,40.0,2,12,11.26,0.282
106,40.0,2,13,12.25,0.306
106,40.0,2,14,12.61,0.315
106,40.0,2,15,15.34,0.384
106,40.0,2,16,15.91,0.398
106,40.0,2,17,15.41,0.385
106,40.0,2,18,15.24,0.381
106,40.0,2,19,15.6,0.39
106,40.0,2,20,15.28,0.382
106,40.0,2,21,16.02,0.4
106,40.0,2,22,17.37,0.434
106,40.0,2,23,17.78,0.444
106,40.0,3,0,17.61,0.44
106,40.0,3,1,17.74,0.443
106,40.0,3,2,17.96,0.449
106,40.0,3,3,17.87,0.447
106,40.0,3,4,17.61,0.44
106,40.0,3,5,19.7,0.492
106,40.0,3,6,19.64,0.491
106,40.0,3,7,14.19,0.355
106,40.0,3,8,8.6,0.215
106,40.0,3,9,6.67,0.167
106,40.0,3,10,8.73,0.218
106,40.0,3,11,12.58,0.314
106,40.0,3,12,15.86,0.396
106,40.0,3,13,16.19,0.405
106,40.0,3,14,16.28,0.407
106,40.0,3,15,16.57,0.414
106,40.0,3,16,16.09,0.402
106,40.0,3,17,16.66,0.416
106,40.0,3,18,16.37,0.409
106,40.0,3,19,16.75,0.419
106,40.0,3,20,15.67,0.392
106,40.0,3,21,16.44,0.411
106,40.0,3,22,17.38,0.434
106,40.0,3,23,18.04,0.451
106,40.0,4,0,17.6,0.44
106,40.0,4,1,17.95,0.449
106,40.0,4,2,18.16,0.454
106,40.0,4,3,17.84,0.446
106,40.0,4,4,17.81,0.445
106,40.0,4,5,18.93,0.473
106,40.0,4,6,17.74,0.443
106,40.0,4,7,13.42,0.336
106,40.0,4,8,9.09,0.227
106,40.0,4,9,9.29,0.232
106,40.0,4,10,8.59,0.215
106,40.0,4,11,9.81,0.245
106,40.0,4,12,15.73,0.393
106,40.0,4,13,14.68,0.367
106,40.0,4,14,13.77,0.344
106,40.0,4,15,13.97,0.349
106,40.0,4,16,13.47,0.337
106,40.0,4,17,12.59,0.315
106,40.0,4,18,11.97,0.299
106,40.0,4,19,10.5,0.262
106,40.0,4,20,10.42,0.26
106,40.0,4,21,10.2,0.255
106,40.0,4,22,10.75,0.269
106,40.0,4,23,11.29,0.282
106,40.0,5,0,11.36,0.284
106,40.0,5,1,11.41,0.285
106,40.0,5,2,11.25,0.281
106,40.0,5,3,11.16,0.279
106,40.0,5,4,11.52,0.288
106,40.0,5,5,11.03,0.276
106,40.0,5,6,11.04,0.276
106,40.0,5,7,11.41,0.285
106,40.0,5,8,9.77,0.244
106,40.0,5,9,8.33,0.208
106,40.0,5,10,8.77,0.219
106,40.0,5,11,10.55,0.264
106,40.0,5,12,10.16,0.254
106,40.0,5,13,9.28,0.232
106,40.0,5,14,8.93,0.223
106,40.0,5,15,7.91,0.198
106,40.0,5,16,7.24,0.181
106,40.0,5,17,5.74,0.144
106,40.0,5,18,5.43,0.136
106,40.0,5,19,4.91,0.123
106,40.0,5,20,5.13,0.128
106,40.0,5,21,5.18,0.13
106,40.0,5,22,5.36,0.134
106,40.0,5,23,5.63,0.141
106,40.0,6,0,5.79,0.145
106,40.0,6,1,5.8,0.145
106,40.0,6,2,5.97,0.149
106,40.0,6,3,6.01,0.15
106,40.0,6,4,6.31,0.158
106,40.0,6,5,5.9,0.148
106,40.0,6,6,5.2,0.13
106,40.0,6,7,3.81,0.095
106,40.0,6,8,2.91,0.073
106,40.0,6,9,2.08,0.052
106,40.0,6,10,3.56,0.089
106,40.0,6,11,3.08,0.077
106,40.0,6,12,4.01,0.1
106,40.0,6,13,3.74,0.094
106,40.0,6,14,3.08,0.077
106,40.0,6,15,3.93,0.098
106,40.0,6,16,4.26,0.106
106,40.0,6,17,4.1,0.102
106,40.0,6,18,3.66,0.092
106,40.0,6,19,3.13,0.078
106,40.0,6,20,3.54,0.088
106,40.0,6,21,3.99,0.1
106,40.0,6,22,4.04,0.101
106,40.0,6,23,3.87,0.097
107,40.0,0,0,8.48,0.212
107,40.0,0,1,8.33,0.208
107,40.0,0,2,8.43,0.211
107,40.0,0,3,8.41,0.21
107,40.0,0,4,6.97,0.174
107,40.0,0,5,8.33,0.208
107,40.0,0,6,6.71,0.168
107,40.0,0,7,4.49,0.112
107,40.0,0,8,5.0,0.125
107,40.0,0,9,9.32,0.233
107,40.0,0,10,14.89,0.372
107,40.0,0,11,14.81,0.37
107,40.0,0,12,14.94,0.374
107,40.0,0,13,14.17,0.354
107,40.0,0,14,13.73,0.343
107,40.0,0,15,14.25,0.356
107,40.0,0,16,13.33,0.333
107,40.0,0,17,15.03,0.376
107,40.0,0,18,15.58,0.39
107,40.0,0,19,16.25,0.406
107,40.0,0,20,16.17,0.404
107,40.0,0,21,16.58,0.414
107,40.0,0,22,17.57,0.439
107,40.0,0,23,17.71,0.443
107,40.0,1,0,18.09,0.452
107,40.0,1,1,17.7,0.442
107,40.0,1,2,17.58,0.439
107,40.0,1,3,17.83,0.446
107,40.0,1,4,16.8,0.42
107,40.0,1,5,17.34,0.434
107,40.0,1,6,12.63,0.316
107,40.0,1,7,7.01,0.175
107,40.0,1,8,2.09,0.052
107,40.0,1,9,2.49,0.062
107,40.0,1,10,3.51,0.088
107,40.0,1,11,8.38,0.21
107,40.0,1,12,11.33,0.283
107,40.0,1,13,10.7,0.267
107,40.0,1,14,12.22,0.306
107,40.0,1,15,14.88,0.372
107,40.0,1,16,15.04,0.376
107,40.0,1,17,17.51,0.438
107,40.0,1,18,20.86,0.522
107,40.0,1,19,20.27,0.507
107,40.0,1,20,20.63,0.516
107,40.0,1,21,21.07,0.527
107,40.0,1,22,22.13,0.553
107,40.0,1,23,22.9,0.572
107,40.0,2,0,22.08,0.552
107,40.0,2,1,22.26,0.556
107,40.0,2,2,22.19,0.555
107,40.0,2,3,22.25,0.556
107,40.0,2,4,21.45,0.536
107,40.0,2,5,19.5,0.488
107,40.0,2,6,15.04,0.376
107,40.0,2,7,8.78,0.219
107,40.0,2,8,3.3,0.082
107,40.0,2,9,3.41,0.085
107,40.0,2,10,3.33,0.083
107,40.0,2,11,7.02,0.176
107,40.0,2,12,11.82,0.296
107,40.0,2,13,15.21,0.38
107,40.0,2,14,15.67,0.392
107,40.0,2,15,18.43,0.461
107,40.0,2,16,18.63,0.466
107,40.0,2,17,20.16,0.504
107,40.0,2,18,20.7,0.518
107,40.0,2,19,21.28,0.532
107,40.0,2,20,21.46,0.536
107,40.0,2,21,22.03,0.551
107,40.0,2,22,22.65,0.566
107,40.0,2,23,23.09,0.577
107,40.0,3,0,23.08,0.577
107,40.0,3,1,23.04,0.576
107,40.0,3,2,22.99,0.575
107,40.0,3,3,22.9,0.572
107,40.0,3,4,22.44,0.561
107,40.0,3,5,19.53,0.488
107,40.0,3,6,15.16,0.379
107,40.0,3,7,9.42,0.236
107,40.0,3,8,4.94,0.124
107,40.0,3,9,5.7,0.143
107,40.0,3,10,8.58,0.214
107,40.0,3,11,10.09,0.252
107,40.0,3,12,10.41,0.26
107,40.0,3,13,12.36,0.309
107,40.0,3,14,12.76,0.319
107,40.0,3,15,15.81,0.395
107,40.0,3,16,14.38,0.36
107,40.0,3,17,13.58,0.34
107,40.0,3,18,14.12,0.353
107,40.0,3,19,14.79,0.37
107,40.0,3,20,15.38,0.384
107,40.0,3,21,16.08,0.402
107,40.0,3,22,16.7,0.418
107,40.0,3,23,17.34,0.434
107,40.0,4,0,16.96,0.424
107,40.0,4,1,16.9,0.422
107,40.0,4,2,17.2,0.43
107,40.0,4,3,17.16,0.429
107,40.0,4,4,16.47,0.412
107,40.0,4,5,13.86,0.346
107,40.0,4,6,10.84,0.271
107,40.0,4,7,9.01,0.225
107,40.0,4,8,5.62,0.14
107,40.0,4,9,7.15,0.179
107,40.0,4,10,10.47,0.262
107,40.0,4,11,11.31,0.283
107,40.0,4,12,11.86,0.296
107,40.0,4,13,10.54,0.263
107,40.0,4,14,11.27,0.282
107,40.0,4,15,11.77,0.294
107,40.0,4,16,12.46,0.312
107,40.0,4,17,11.37,0.284
107,40.0,4,18,10.67,0.267
107,40.0,4,19,9.85,0.246
107,40.0,4,20,9.19,0.23
107,40.0,4,21,9.87,0.247
107,40.0,4,22,10.08,0.252
107,40.0,4,23,10.53,0.263
107,40.0,5,0,10.72,0.268
107,40.0,5,1,10.72,0.268
107,40.0,5,2,10.78,0.269
107,40.0,5,3,10.72,0.268
107,40.0,5,4,10.58,0.264
107,40.0,5,5,9.23,0.231
107,40.0,5,6,7.67,0.192
107,40.0,5,7,8.36,0.209
107,40.0,5,8,8.55,0.214
107,40.0,5,9,7.83,0.196
107,40.0,5,10,9.36,0.234
107,40.0,5,11,8.84,0.221
107,40.0,5,12,7.65,0.191
107,40.0,5,13,6.84,0.171
107,40.0,5,14,6.75,0.169
107,40.0,5,15,6.25,0.156
107,40.0,5,16,5.48,0.137
107,40.0,5,17,5.03,0.126
107,40.0,5,18,3.97,0.099
107,40.0,5,19,3.71,0.093
107,40.0,5,20,3.57,0.089
107,40.0,5,21,3.78,0.094
107,40.0,5,22,3.91,0.098
107,40.0,5,23,4.23,0.106
107,40.0,6,0,4.22,0.106
107,40.0,6,1,4.33,0.108
107,40.0,6,2,4.51,0.113
107,40.0,6,3,4.34,0.108
107,40.0,6,4,4.38,0.11
107,40.0,6,5,3.77,0.094
107,40.0,6,6,2.75,0.069
107,40.0,6,7,1.88,0.047
107,40.0,6,8,1.34,0.034
107,40.0,6,9,3.26,0.081
107,40.0,6,10,5.18,0.13
107,40.0,6,11,6.54,0.164
107,40.0,6,12,6.82,0.17
107,40.0,6,13,6.77,0.169
107,40.0,6,14,6.45,0.161
107,40.0,6,15,5.88,0.147
107,40.0,6,16,6.11,0.153
107,40.0,6,17,5.87,0.147
107,40.0,6,18,5.79,0.145
107,40.0,6,19,6.16,0.154
107,40.0,6,20,6.05,0.151
107,40.0,6,21,6.9,0.173
107,40.0,6,22,7.21,0.18
107,40.0,6,23,8.18,0.204
108,35.0,0,0,4.68,0.134
108,35.0,0,1,4.85,0.139
108,35.0,0,2,4.76,0.136
108,35.0,0,3,4.67,0.133
108,35.0,0,4,4.66,0.133
108,35.0,0,5,4.41,0.126
108,35.0,0,6,7.9,0.226
108,35.0,0,7,7.29,0.208
108,35.0,0,8,6.0,0.171
108,35.0,0,9,5.5,0.157
108,35.0,0,10,5.26,0.15
108,35.0,0,11,6.06,0.173
108,35.0,0,12,8.01,0.229
108,35.0,0,13,9.37,0.268
108,35.0,0,14,11.0,0.314
108,35.0,0,15,10.01,0.286
108,35.0,0,16,9.61,0.275
108,35.0,0,17,9.96,0.285
108,35.0,0,18,9.82,0.281
108,35.0,0,19,11.34,0.324
108,35.0,0,20,12.25,0.35
108,35.0,0,21,11.47,0.328
108,35.0,0,22,11.43,0.327
108,35.0,0,23,11.33,0.324
108,35.0,1,0,11.61,0.332
108,35.0,1,1,11.7,0.334
108,35.0,1,2,11.76,0.336
108,35.0,1,3,11.68,0.334
108,35.0,1,4,11.13,0.318
108,35.0,1,5,9.12,0.261
108,35.0,1,6,6.86,0.196
108,35.0,1,7,5.63,0.161
108,35.0,1,8,2.05,0.059
108,35.0,1,9,3.99,0.114
108,35.0,1,10,10.55,0.301
108,35.0,1,11,9.83,0.281
108,35.0,1,12,10.86,0.31
108,35.0,1,13,11.36,0.325
108,35.0,1,14,11.56,0.33
108,35.0,1,15,10.75,0.307
108,35.0,1,16,9.99,0.285
108,35.0,1,17,10.13,0.289
108,35.0,1,18,9.41,0.269
108,35.0,1,19,9.96,0.285
108,35.0,1,20,11.43,0.327
108,35.0,1,21,12.04,0.344
108,35.0,1,22,12.67,0.362
108,35.0,1,23,12.71,0.363
108,35.0,2,0,12.79,0.365
108,35.0,2,1,12.67,0.362
108,35.0,2,2,12.76,0.365
108,35.0,2,3,12.78,0.365
108,35.0,2,4,12.64,0.361
108,35.0,2,5,11.64,0.333
108,35.0,2,6,10.85,0.31
108,35.0,2,7,5.52,0.158
108,35.0,2,8,1.22,0.035
108,35.0,2,9,5.95,0.17
108,35.0,2,10,10.07,0.288
108,35.0,2,11,13.2,0.377
108,35.0,2,12,15.86,0.453
108,35.0,2,13,14.85,0.424
108,35.0,2,14,13.33,0.381
108,35.0,2,15,12.78,0.365
108,35.0,2,16,13.41,0.383
108,35.0,2,17,14.7,0.42
108,35.0,2,18,14.5,0.414
108,35.0,2,19,15.37,0.439
108,35.0,2,20,16.14,0.461
108,35.0,2,21,16.69,0.477
108,35.0,2,22,17.03,0.487
108,35.0,2,23,17.94,0.513
108,35.0,3,0,18.55,0.53
108,35.0,3,1,18.21,0.52
108,35.0,3,2,18.23,0.521
108,35.0,3,3,18.35,0.524
108,35.0,3,4,18.2,0.52
108,35.0,3,5,16.03,0.458
108,35.0,3,6,14.09,0.403
108,35.0,3,7,8.09,0.231
108,35.0,3,8,2.61,0.075
108,35.0,3,9,5.79,0.165
108,35.0,3,10,8.27,0.236
108,35.0,3,11,10.06,0.287
108,35.0,3,12,10.88,0.311
108,35.0,3,13,10.57,0.302
108,35.0,3,14,10.82,0.309
108,35.0,3,15,10.87,0.311
108,35.0,3,16,11.65,0.333
108,35.0,3,17,11.95,0.341
108,35.0,3,18,12.16,0.347
108,35.0,3,19,12.69,0.363
108,35.0,3,20,13.31,0.38
108,35.0,3,21,13.34,0.381
108,35.0,3,22,12.83,0.367
108,35.0,3,23,13.35,0.381
108,35.0,4,0,13.6,0.389
108,35.0,4,1,13.39,0.383
108,35.0,4,2,13.53,0.387
108,35.0,4,3,13.69,0.391
108,35.0,4,4,13.05,0.373
108,35.0,4,5,12.6,0.36
108,35.0,4,6,11.29,0.323
108,35.0,4,7,10.25,0.293
108,35.0,4,8,7.6,0.217
108,35.0,4,9,9.96,0.285
108,35.0,4,10,9.27,0.265
108,35.0,4,11,9.52,0.272
108,35.0,4,12,8.29,0.237
108,35.0,4,13,7.71,0.22
108,35.0,4,14,7.75,0.221
108,35.0,4,15,6.23,0.178
108,35.0,4,16,5.36,0.153
108,35.0,4,17,6.32,0.181
108,35.0,4,18,6.7,0.191
108,35.0,4,19,6.42,0.183
108,35.0,4,20,6.27,0.179
108,35.0,4,21,6.44,0.184
108,35.0,4,22,5.77,0.165
108,35.0,4,23,6.64,0.19
108,35.0,5,0,7.11,0.203
108,35.0,5,1,7.1,0.203
108,35.0,5,2,7.14,0.204
108,35.0,5,3,7.09,0.203
108,35.0,5,4,6.64,0.19
108,35.0,5,5,6.07,0.173
108,35.0,5,6,5.18,0.148
108,35.0,5,7,7.21,0.206
108,35.0,5,8,9.97,0.285
108,35.0,5,9,10.49,0.3
108,35.0,5,10,10.38,0.297
108,35.0,5,11,9.24,0.264
108,35.0,5,12,7.54,0.215
108,35.0,5,13,6.86,0.196
108,35.0,5,14,6.0,0.171
108,35.0,5,15,5.67,0.162
108,35.0,5,16,5.81,0.166
108,35.0,5,17,5.44,0.155
108,35.0,5,18,5.15,0.147
108,35.0,5,19,4.45,0.127
108,35.0,5,20,4.25,0.121
108,35.0,5,21,4.41,0.126
108,35.0,5,22,3.99,0.114
108,35.0,5,23,4.43,0.127
108,35.0,6,0,4.83,0.138
108,35.0,6,1,4.68,0.134
108,35.0,6,2,4.73,0.135
108,35.0,6,3,4.85,0.139
108,35.0,6,4,4.98,0.142
108,35.0,6,5,4.86,0.139
108,35.0,6,6,4.39,0.125
108,35.0,6,7,4.09,0.117
108,35.0,6,8,3.41,0.097
108,35.0,6,9,2.92,0.083
108,35.0,6,10,2.94,0.084
108,35.0,6,11,5.45,0.156
108,35.0,6,12,5.39,0.154
108,35.0,6,13,4.42,0.126
108,35.0,6,14,4.99,0.143
108,35.0,6,15,4.88,0.139
108,35.0,6,16,4.3,0.123
108,35.0,6,17,4.63,0.132
108,35.0,6,18,4.47,0.128
108,35.0,6,19,4.9,0.14
108,35.0,6,20,5.38,0.154
108,35.0,6,21,4.97,0.142
108,35.0,6,22,4.5,0.129
108,35.0,6,23,4.29,0.123
109,29.0,0,0,20.89,0.72
109,29.0,0,1,20.69,0.713
109,29.0,0,2,20.63,0.711
109,29.0,0,3,20.7,0.714
109,29.0,0,4,21.03,0.725
109,29.0,0,5,17.97,0.62
109,29.0,0,6,17.18,0.592
109,29.0,0,7,15.44,0.532
109,29.0,0,8,13.83,0.477
109,29.0,0,9,10.56,0.364
109,29.0,0,10,7.5,0.259
109,29.0,0,11,7.15,0.247
109,29.0,0,12,7.96,0.274
109,29.0,0,13,8.41,0.29
109,29.0,0,14,9.06,0.312
109,29.0,0,15,9.31,0.321
109,29.0,0,16,11.0,0.379
109,29.0,0,17,11.71,0.404
109,29.0,0,18,11.78,0.406
109,29.0,0,19,13.55,0.467
109,29.0,0,20,15.02,0.518
109,29.0,0,21,16.54,0.57
109,29.0,0,22,17.54,0.605
109,29.0,0,23,17.98,0.62
109,29.0,1,0,18.11,0.624
109,29.0,1,1,18.19,0.627
109,29.0,1,2,17.96,0.619
109,29.0,1,3,18.09,0.624
109,29.0,1,4,17.82,0.614
109,29.0,1,5,14.7,0.507
109,29.0,1,6,13.52,0.466
109,29.0,1,7,11.85,0.409
109,29.0,1,8,13.2,0.455
109,29.0,1,9,10.97,0.378
109,29.0,1,10,9.58,0.33
109,29.0,1,11,7.87,0.271
109,29.0,1,12,6.92,0.239
109,29.0,1,13,7.17,0.247
109,29.0,1,14,7.69,0.265
109,29.0,1,15,8.63,0.298
109,29.0,1,16,10.63,0.367
109,29.0,1,17,12.49,0.431
109,29.0,1,18,13.13,0.453
109,29.0,1,19,14.73,0.508
109,29.0,1,20,16.05,0.553
109,29.0,1,21,18.03,0.622
109,29.0,1,22,19.46,0.671
109,29.0,1,23,20.31,0.7
109,29.0,2,0,18.72,0.646
109,29.0,2,1,18.34,0.632
109,29.0,2,2,18.69,0.644
109,29.0,2,3,18.59,0.641
109,29.0,2,4,18.21,0.628
109,29.0,2,5,15.34,0.529
109,29.0,2,6,14.2,0.49
109,29.0,2,7,13.48,0.465
109,29.0,2,8,14.05,0.484
109,29.0,2,9,11.14,0.384
109,29.0,2,10,9.87,0.34
109,29.0,2,11,8.59,0.296
109,29.0,2,12,8.49,0.293
109,29.0,2,13,8.66,0.299
109,29.0,2,14,9.75,0.336
109,29.0,2,15,11.36,0.392
109,29.0,2,16,13.02,0.449
109,29.0,2,17,12.82,0.442
109,29.0,2,18,13.13,0.453
109,29.0,2,19,14.79,0.51
109,29.0,2,20,17.24,0.594
109,29.0,2,21,19.0,0.655
109,29.0,2,22,20.83,0.718
109,29.0,2,23,20.89,0.72
109,29.0,3,0,21.58,0.744
109,29.0,3,1,21.38,0.737
109,29.0,3,2,21.27,0.733
109,29.0,3,3,21.17,0.73
109,29.0,3,4,21.25,0.733
109,29.0,3,5,18.15,0.626
109,29.0,3,6,16.93,0.584
109,29.0,3,7,15.26,0.526
109,29.0,3,8,15.68,0.541
109,29.0,3,9,14.81,0.511
109,29.0,3,10,13.17,0.454
109,29.0,3,11,11.93,0.411
109,29.0,3,12,12.13,0.418
109,29.0,3,13,12.51,0.431
109,29.0,3,14,14.38,0.496
109,29.0,3,15,14.22,0.49
109,29.0,3,16,17.16,0.592
109,29.0,3,17,18.95,0.653
109,29.0,3,18,18.61,0.642
109,29.0,3,19,18.97,0.654
109,29.0,3,20,19.6,0.676
109,29.0,3,21,21.83,0.753
109,29.0,3,22,22.11,0.762
109,29.0,3,23,22.1,0.762
109,29.0,4,0,22.27,0.768
109,29.0,4,1,22.06,0.761
109,29.0,4,2,22.41,0.773
109,29.0,4,3,22.29,0.769
109,29.0,4,4,22.15,0.764
109,29.0,4,5,18.7,0.645
109,29.0,4,6,17.19,0.593
109,29.0,4,7,16.22,0.559
109,29.0,4,8,18.34,0.632
109,29.0,4,9,18.12,0.625
109,29.0,4,10,17.17,0.592
109,29.0,4,11,15.88,0.548
109,29.0,4,12,14.32,0.494
109,29.0,4,13,15.15,0.522
109,29.0,4,14,16.15,0.557
109,29.0,4,15,17.49,0.603
109,29.0,4,16,19.35,0.667
109,29.0,4,17,19.89,0.686
109,29.0,4,18,20.16,0.695
109,29.0,4,19,20.62,0.711
109,29.0,4,20,21.13,0.729
109,29.0,4,21,21.95,0.757
109,29.0,4,22,22.55,0.778
109,29.0,4,23,22.98,0.792
109,29.0,5,0,23.08,0.796
109,29.0,5,1,22.98,0.792
109,29.0,5,2,23.0,0.793
109,29.0,5,3,22.81,0.787
109,29.0,5,4,23.16,0.799
109,29.0,5,5,22.47,0.775
109,29.0,5,6,20.7,0.714
109,29.0,5,7,19.82,0.683
109,29.0,5,8,19.43,0.67
109,29.0,5,9,18.8,0.648
109,29.0,5,10,19.01,0.656
109,29.0,5,11,19.84,0.684
109,29.0,5,12,19.79,0.682
109,29.0,5,13,19.98,0.689
109,29.0,5,14,20.62,0.711
109,29.0,5,15,21.35,0.736
109,29.0,5,16,22.01,0.759
109,29.0,5,17,21.78,0.751
109,29.0,5,18,21.72,0.749
109,29.0,5,19,21.96,0.757
109,29.0,5,20,22.15,0.764
109,29.0,5,21,22.65,0.781
109,29.0,5,22,23.03,0.794
109,29.0,5,23,23.81,0.821
109,29.0,6,0,23.74,0.819
109,29.0,6,1,23.79,0.82
109,29.0,6,2,23.77,0.82
109,29.0,6,3,23.87,0.823
109,29.0,6,4,23.79,0.82
109,29.0,6,5,23.31,0.804
109,29.0,6,6,22.54,0.777
109,29.0,6,7,20.94,0.722
109,29.0,6,8,19.51,0.673
109,29.0,6,9,20.23,0.698
109,29.0,6,10,21.18,0.73
109,29.0,6,11,21.4,0.738
109,29.0,6,12,20.77,0.716
109,29.0,6,13,20.78,0.717
109,29.0,6,14,21.23,0.732
109,29.0,6,15,21.25,0.733
109,29.0,6,16,21.53,0.742
109,29.0,6,17,21.83,0.753
109,29.0,6,18,21.81,0.752
109,29.0,6,19,21.2,0.731
109,29.0,6,20,20.71,0.714
109,29.0,6,21,20.54,0.708
109,29.0,6,22,20.79,0.717
109,29.0,6,23,21.12,0.728
11,30.0,0,0,3.58,0.119
11,30.0,0,1,3.57,0.119
11,30.0,0,2,3.66,0.122
11,30.0,0,3,3.6,0.12
11,30.0,0,4,3.8,0.127
11,30.0,0,5,4.33,0.144
11,30.0,0,6,5.4,0.18
11,30.0,0,7,8.94,0.298
11,30.0,0,8,14.97,0.499
11,30.0,0,9,15.52,0.517
11,30.0,0,10,15.93,0.531
11,30.0,0,11,15.55,0.518
11,30.0,0,12,14.06,0.469
11,30.0,0,13,13.91,0.464
11,30.0,0,14,13.2,0.44
11,30.0,0,15,11.27,0.376
11,30.0,0,16,6.64,0.221
11,30.0,0,17,2.57,0.086
11,30.0,0,18,1.7,0.057
11,30.0,0,19,1.32,0.044
11,30.0,0,20,1.08,0.036
11,30.0,0,21,1.36,0.045
11,30.0,0,22,1.6,0.053
11,30.0,0,23,1.5,0.05
11,30.0,1,0,1.49,0.05
11,30.0,1,1,1.51,0.05
11,30.0,1,2,1.55,0.052
11,30.0,1,3,1.51,0.05
11,30.0,1,4,1.47,0.049
11,30.0,1,5,2.28,0.076
11,30.0,1,6,3.55,0.118
11,30.0,1,7,8.59,0.286
11,30.0,1,8,19.59,0.653
11,30.0,1,9,22.36,0.745
11,30.0,1,10,22.06,0.735
11,30.0,1,11,20.8,0.693
11,30.0,1,12,20.07,0.669
11,30.0,1,13,20.34,0.678
11,30.0,1,14,18.81,0.627
11,30.0,1,15,15.67,0.522
11,30.0,1,16,4.74,0.158
11,30.0,1,17,0.26,0.009
11,30.0,1,18,0.83,0.028
11,30.0,1,19,0.83,0.028
11,30.0,1,20,0.76,0.025
11,30.0,1,21,0.43,0.014
11,30.0,1,22,0.29,0.01
11,30.0,1,23,0.25,0.008
11,30.0,2,0,0.34,0.011
11,30.0,2,1,0.34,0.011
11,30.0,2,2,0.32,0.011
11,30.0,2,3,0.32,0.011
11,30.0,2,4,0.36,0.012
11,30.0,2,5,1.5,0.05
11,30.0,2,6,3.05,0.102
11,30.0,2,7,8.83,0.294
11,30.0,2,8,19.0,0.633
11,30.0,2,9,19.88,0.663
11,30.0,2,10,19.31,0.644
11,30.0,2,11,18.27,0.609
11,30.0,2,12,16.0,0.533
11,30.0,2,13,15.67,0.522
11,30.0,2,14,15.33,0.511
11,30.0,2,15,11.86,0.395
11,30.0,2,16,3.87,0.129
11,30.0,2,17,0.58,0.019
11,30.0,2,18,0.36,0.012
11,30.0,2,19,0.63,0.021
11,30.0,2,20,0.61,0.02
11,30.0,2,21,0.52,0.017
11,30.0,2,22,0.44,0.015
11,30.0,2,23,0.34,0.011
11,30.0,3,0,0.32,0.011
11,30.0,3,1,0.34,0.011
11,30.0,3,2,0.33,0.011
11,30.0,3,3,0.34,0.011
11,30.0,3,4,0.34,0.011
11,30.0,3,5,1.02,0.034
11,30.0,3,6,2.51,0.084
11,30.0,3,7,8.19,0.273
11,30.0,3,8,20.91,0.697
11,30.0,3,9,23.56,0.785
11,30.0,3,10,23.4,0.78
11,30.0,3,11,22.15,0.738
11,30.0,3,12,17.57,0.586
11,30.0,3,13,17.55,0.585
11,30.0,3,14,17.16,0.572
11,30.0,3,15,14.14,0.471
11,30.0,3,16,4.65,0.155
11,30.0,3,17,0.51,0.017
11,30.0,3,18,0.65,0.022
11,30.0,3,19,0.81,0.027
11,30.0,3,20,0.41,0.014
11,30.0,3,21,0.08,0.003
11,30.0,3,22,0.0,0.0
11,30.0,3,23,0.0,0.0
11,30.0,4,0,0.0,0.0
11,30.0,4,1,0.01,0.0
11,30.0,4,2,0.01,0.0
11,30.0,4,3,0.0,0.0
11,30.0,4,4,0.0,0.0
11,30.0,4,5,0.44,0.015
11,30.0,4,6,0.84,0.028
11,30.0,4,7,4.03,0.134
11,30.0,4,8,9.66,0.322
11,30.0,4,9,10.37,0.346
11,30.0,4,10,9.82,0.327
11,30.0,4,11,9.64,0.321
11,30.0,4,12,8.22,0.274
11,30.0,4,13,7.96,0.265
11,30.0,4,14,7.14,0.238
11,30.0,4,15,5.56,0.185
11,30.0,4,16,2.43,0.081
11,30.0,4,17,0.95,0.032
11,30.0,4,18,2.24,0.075
11,30.0,4,19,3.16,0.105
11,30.0,4,20,2.8,0.093
11,30.0,4,21,1.97,0.066
11,30.0,4,22,2.01,0.067
11,30.0,4,23,1.99,0.066
11,30.0,5,0,1.99,0.066
11,30.0,5,1,2.05,0.068
11,30.0,5,2,2.03,0.068
11,30.0,5,3,2.1,0.07
11,30.0,5,4,2.03,0.068
11,30.0,5,5,2.54,0.085
11,30.0,5,6,2.87,0.096
11,30.0,5,7,2.99,0.1
11,30.0,5,8,2.97,0.099
11,30.0,5,9,4.04,0.135
11,30.0,5,10,4.77,0.159
11,30.0,5,11,4.6,0.153
11,30.0,5,12,4.51,0.15
11,30.0,5,13,3.86,0.129
11,30.0,5,14,3.94,0.131
11,30.0,5,15,3.88,0.129
11,30.0,5,16,3.72,0.124
11,30.0,5,17,4.02,0.134
11,30.0,5,18,4.96,0.165
11,30.0,5,19,5.52,0.184
11,30.0,5,20,5.16,0.172
11,30.0,5,21,4.64,0.155
11,30.0,5,22,4.45,0.148
11,30.0,5,23,4.37,0.146
11,30.0,6,0,4.24,0.141
11,30.0,6,1,4.36,0.145
11,30.0,6,2,4.36,0.145
11,30.0,6,3,4.28,0.143
11,30.0,6,4,4.2,0.14
11,30.0,6,5,4.64,0.155
11,30.0,6,6,4.52,0.151
11,30.0,6,7,4.62,0.154
11,30.0,6,8,5.12,0.171
11,30.0,6,9,5.42,0.181
11,30.0,6,10,5.05,0.168
11,30.0,6,11,5.09,0.17
11,30.0,6,12,4.66,0.155
11,30.0,6,13,4.08,0.136
11,30.0,6,14,4.05,0.135
11,30.0,6,15,4.45,0.148
11,30.0,6,16,4.56,0.152
11,30.0,6,17,4.62,0.154
11,30.0,6,18,4.55,0.152
11,30.0,6,19,4.78,0.159
11,30.0,6,20,4.62,0.154
11,30.0,6,21,4.57,0.152
11,30.0,6,22,4.38,0.146
11,30.0,6,23,4.51,0.15
110,40.0,0,0,5.95,0.149
110,40.0,0,1,6.09,0.152
110,40.0,0,2,6.26,0.156
110,40.0,0,3,5.84,0.146
110,40.0,0,4,5.64,0.141
110,40.0,0,5,5.19,0.13
110,40.0,0,6,4.55,0.114
110,40.0,0,7,4.6,0.115
110,40.0,0,8,2.38,0.06
110,40.0,0,9,3.23,0.081
110,40.0,0,10,4.8,0.12
110,40.0,0,11,6.53,0.163
110,40.0,0,12,9.63,0.241
110,40.0,0,13,10.81,0.27
110,40.0,0,14,11.22,0.28
110,40.0,0,15,11.2,0.28
110,40.0,0,16,11.81,0.295
110,40.0,0,17,12.33,0.308
110,40.0,0,18,12.92,0.323
110,40.0,0,19,12.8,0.32
110,40.0,0,20,12.5,0.312
110,40.0,0,21,12.4,0.31
110,40.0,0,22,12.1,0.302
110,40.0,0,23,12.07,0.302
110,40.0,1,0,12.09,0.302
110,40.0,1,1,12.25,0.306
110,40.0,1,2,12.27,0.307
110,40.0,1,3,11.98,0.3
110,40.0,1,4,11.82,0.296
110,40.0,1,5,11.39,0.285
110,40.0,1,6,9.69,0.242
110,40.0,1,7,7.28,0.182
110,40.0,1,8,4.27,0.107
110,40.0,1,9,3.7,0.092
110,40.0,1,10,3.65,0.091
110,40.0,1,11,4.74,0.119
110,40.0,1,12,8.94,0.223
110,40.0,1,13,9.18,0.229
110,40.0,1,14,9.55,0.239
110,40.0,1,15,9.81,0.245
110,40.0,1,16,10.01,0.25
110,40.0,1,17,10.21,0.255
110,40.0,1,18,10.58,0.264
110,40.0,1,19,11.4,0.285
110,40.0,1,20,12.32,0.308
110,40.0,1,21,11.73,0.293
110,40.0,1,22,11.8,0.295
110,40.0,1,23,11.74,0.294
110,40.0,2,0,11.36,0.284
110,40.0,2,1,11.1,0.277
110,40.0,2,2,11.26,0.282
110,40.0,2,3,11.35,0.284
110,40.0,2,4,10.77,0.269
110,40.0,2,5,9.25,0.231
110,40.0,2,6,8.43,0.211
110,40.0,2,7,5.85,0.146
110,40.0,2,8,3.09,0.077
110,40.0,2,9,2.01,0.05
110,40.0,2,10,2.99,0.075
110,40.0,2,11,7.68,0.192
110,40.0,2,12,9.91,0.248
110,40.0,2,13,9.85,0.246
110,40.0,2,14,9.74,0.244
110,40.0,2,15,10.7,0.267
110,40.0,2,16,10.81,0.27
110,40.0,2,17,11.5,0.288
110,40.0,2,18,11.8,0.295
110,40.0,2,19,12.04,0.301
110,40.0,2,20,12.81,0.32
110,40.0,2,21,13.52,0.338
110,40.0,2,22,13.75,0.344
110,40.0,2,23,13.21,0.33
110,40.0,3,0,13.36,0.334
110,40.0,3,1,13.76,0.344
110,40.0,3,2,13.65,0.341
110,40.0,3,3,13.62,0.34
110,40.0,3,4,13.27,0.332
110,40.0,3,5,12.78,0.32
110,40.0,3,6,12.93,0.323
110,40.0,3,7,10.2,0.255
110,40.0,3,8,6.18,0.154
110,40.0,3,9,5.74,0.144
110,40.0,3,10,5.81,0.145
110,40.0,3,11,6.38,0.16
110,40.0,3,12,9.94,0.248
110,40.0,3,13,13.09,0.327
110,40.0,3,14,12.18,0.304
110,40.0,3,15,12.47,0.312
110,40.0,3,16,12.74,0.318
110,40.0,3,17,12.39,0.31
110,40.0,3,18,12.06,0.302
110,40.0,3,19,13.02,0.326
110,40.0,3,20,13.54,0.338
110,40.0,3,21,12.99,0.325
110,40.0,3,22,13.16,0.329
110,40.0,3,23,13.54,0.338
110,40.0,4,0,13.75,0.344
110,40.0,4,1,13.67,0.342
110,40.0,4,2,13.81,0.345
110,40.0,4,3,13.43,0.336
110,40.0,4,4,13.13,0.328
110,40.0,4,5,15.39,0.385
110,40.0,4,6,15.62,0.39
110,40.0,4,7,13.28,0.332
110,40.0,4,8,9.37,0.234
110,40.0,4,9,8.8,0.22
110,40.0,4,10,8.19,0.205
110,40.0,4,11,7.79,0.195
110,40.0,4,12,9.13,0.228
110,40.0,4,13,8.98,0.224
110,40.0,4,14,9.1,0.227
110,40.0,4,15,9.68,0.242
110,40.0,4,16,8.16,0.204
110,40.0,4,17,7.43,0.186
110,40.0,4,18,8.06,0.202
110,40.0,4,19,8.35,0.209
110,40.0,4,20,8.8,0.22
110,40.0,4,21,8.75,0.219
110,40.0,4,22,8.53,0.213
110,40.0,4,23,8.95,0.224
110,40.0,5,0,8.48,0.212
110,40.0,5,1,8.5,0.212
110,40.0,5,2,8.87,0.222
110,40.0,5,3,8.6,0.215
110,40.0,5,4,8.61,0.215
110,40.0,5,5,8.43,0.211
110,40.0,5,6,8.26,0.206
110,40.0,5,7,8.08,0.202
110,40.0,5,8,7.92,0.198
110,40.0,5,9,8.49,0.212
110,40.0,5,10,7.35,0.184
110,40.0,5,11,6.73,0.168
110,40.0,5,12,8.21,0.205
110,40.0,5,13,7.96,0.199
110,40.0,5,14,7.58,0.19
110,40.0,5,15,7.61,0.19
110,40.0,5,16,6.9,0.173
110,40.0,5,17,6.95,0.174
110,40.0,5,18,6.87,0.172
110,40.0,5,19,6.92,0.173
110,40.0,5,20,6.79,0.17
110,40.0,5,21,7.35,0.184
110,40.0,5,22,6.07,0.152
110,40.0,5,23,6.24,0.156
110,40.0,6,0,6.22,0.156
110,40.0,6,1,6.44,0.161
110,40.0,6,2,6.56,0.164
110,40.0,6,3,6.17,0.154
110,40.0,6,4,6.49,0.162
110,40.0,6,5,6.06,0.152
110,40.0,6,6,5.87,0.147
110,40.0,6,7,5.59,0.14
110,40.0,6,8,4.95,0.124
110,40.0,6,9,4.12,0.103
110,40.0,6,10,4.91,0.123
110,40.0,6,11,4.53,0.113
110,40.0,6,12,4.18,0.104
110,40.0,6,13,6.25,0.156
110,40.0,6,14,6.08,0.152
110,40.0,6,15,6.27,0.157
110,40.0,6,16,5.63,0.141
110,40.0,6,17,5.59,0.14
110,40.0,6,18,5.33,0.133
110,40.0,6,19,5.8,0.145
110,40.0,6,20,5.54,0.138
110,40.0,6,21,5.68,0.142
110,40.0,6,22,5.34,0.134
110,40.0,6,23,5.82,0.146
111,40.0,0,0,4.95,0.124
111,40.0,0,1,4.9,0.123
111,40.0,0,2,4.81,0.12
111,40.0,0,3,4.92,0.123
111,40.0,0,4,3.74,0.094
111,40.0,0,5,1.8,0.045
111,40.0,0,6,0.93,0.023
111,40.0,0,7,0.63,0.016
111,40.0,0,8,0.73,0.018
111,40.0,0,9,0.43,0.011
111,40.0,0,10,0.77,0.019
111,40.0,0,11,1.27,0.032
111,40.0,0,12,2.34,0.058
111,40.0,0,13,1.89,0.047
111,40.0,0,14,1.57,0.039
111,40.0,0,15,2.17,0.054
111,40.0,0,16,3.77,0.094
111,40.0,0,17,4.59,0.115
111,40.0,0,18,4.17,0.104
111,40.0,0,19,4.2,0.105
111,40.0,0,20,4.94,0.124
111,40.0,0,21,5.32,0.133
111,40.0,0,22,5.53,0.138
111,40.0,0,23,6.89,0.172
111,40.0,1,0,6.9,0.173
111,40.0,1,1,7.06,0.176
111,40.0,1,2,6.91,0.173
111,40.0,1,3,6.78,0.17
111,40.0,1,4,5.44,0.136
111,40.0,1,5,3.84,0.096
111,40.0,1,6,1.77,0.044
111,40.0,1,7,2.52,0.063
111,40.0,1,8,3.33,0.083
111,40.0,1,9,3.14,0.078
111,40.0,1,10,2.13,0.053
111,40.0,1,11,1.69,0.042
111,40.0,1,12,1.37,0.034
111,40.0,1,13,1.59,0.04
111,40.0,1,14,1.86,0.046
111,40.0,1,15,2.11,0.053
111,40.0,1,16,2.89,0.072
111,40.0,1,17,3.5,0.088
111,40.0,1,18,3.97,0.099
111,40.0,1,19,5.72,0.143
111,40.0,1,20,7.25,0.181
111,40.0,1,21,6.66,0.166
111,40.0,1,22,7.35,0.184
111,40.0,1,23,8.67,0.217
111,40.0,2,0,8.12,0.203
111,40.0,2,1,7.95,0.199
111,40.0,2,2,7.57,0.189
111,40.0,2,3,7.54,0.188
111,40.0,2,4,6.21,0.155
111,40.0,2,5,5.23,0.131
111,40.0,2,6,3.37,0.084
111,40.0,2,7,1.6,0.04
111,40.0,2,8,1.08,0.027
111,40.0,2,9,0.48,0.012
111,40.0,2,10,0.28,0.007
111,40.0,2,11,0.36,0.009
111,40.0,2,12,1.02,0.026
111,40.0,2,13,1.27,0.032
111,40.0,2,14,0.95,0.024
111,40.0,2,15,1.8,0.045
111,40.0,2,16,3.27,0.082
111,40.0,2,17,2.87,0.072
111,40.0,2,18,3.64,0.091
111,40.0,2,19,5.01,0.125
111,40.0,2,20,6.61,0.165
111,40.0,2,21,7.72,0.193
111,40.0,2,22,8.93,0.223
111,40.0,2,23,10.97,0.274
111,40.0,3,0,11.0,0.275
111,40.0,3,1,11.24,0.281
111,40.0,3,2,11.15,0.279
111,40.0,3,3,11.0,0.275
111,40.0,3,4,9.79,0.245
111,40.0,3,5,8.66,0.216
111,40.0,3,6,6.14,0.154
111,40.0,3,7,2.27,0.057
111,40.0,3,8,1.24,0.031
111,40.0,3,9,1.14,0.028
111,40.0,3,10,1.02,0.026
111,40.0,3,11,0.82,0.02
111,40.0,3,12,1.27,0.032
111,40.0,3,13,1.91,0.048
111,40.0,3,14,2.73,0.068
111,40.0,3,15,3.39,0.085
111,40.0,3,16,5.0,0.125
111,40.0,3,17,4.47,0.112
111,40.0,3,18,4.43,0.111
111,40.0,3,19,5.56,0.139
111,40.0,3,20,5.65,0.141
111,40.0,3,21,5.87,0.147
111,40.0,3,22,7.31,0.183
111,40.0,3,23,8.65,0.216
111,40.0,4,0,8.94,0.223
111,40.0,4,1,8.92,0.223
111,40.0,4,2,8.9,0.222
111,40.0,4,3,8.94,0.223
111,40.0,4,4,7.56,0.189
111,40.0,4,5,6.21,0.155
111,40.0,4,6,3.84,0.096
111,40.0,4,7,1.93,0.048
111,40.0,4,8,1.58,0.04
111,40.0,4,9,1.82,0.046
111,40.0,4,10,3.64,0.091
111,40.0,4,11,3.27,0.082
111,40.0,4,12,2.52,0.063
111,40.0,4,13,2.29,0.057
111,40.0,4,14,2.11,0.053
111,40.0,4,15,3.67,0.092
111,40.0,4,16,4.5,0.112
111,40.0,4,17,4.32,0.108
111,40.0,4,18,3.87,0.097
111,40.0,4,19,4.03,0.101
111,40.0,4,20,4.05,0.101
111,40.0,4,21,4.14,0.104
111,40.0,4,22,3.56,0.089
111,40.0,4,23,5.25,0.131
111,40.0,5,0,6.58,0.164
111,40.0,5,1,6.44,0.161
111,40.0,5,2,6.54,0.164
111,40.0,5,3,6.45,0.161
111,40.0,5,4,5.98,0.15
111,40.0,5,5,5.9,0.148
111,40.0,5,6,5.45,0.136
111,40.0,5,7,3.89,0.097
111,40.0,5,8,3.2,0.08
111,40.0,5,9,2.67,0.067
111,40.0,5,10,1.89,0.047
111,40.0,5,11,0.84,0.021
111,40.0,5,12,1.14,0.028
111,40.0,5,13,3.36,0.084
111,40.0,5,14,3.08,0.077
111,40.0,5,15,3.13,0.078
111,40.0,5,16,2.97,0.074
111,40.0,5,17,1.86,0.046
111,40.0,5,18,1.66,0.041
111,40.0,5,19,1.83,0.046
111,40.0,5,20,1.81,0.045
111,40.0,5,21,1.51,0.038
111,40.0,5,22,1.77,0.044
111,40.0,5,23,2.69,0.067
111,40.0,6,0,3.6,0.09
111,40.0,6,1,3.72,0.093
111,40.0,6,2,3.67,0.092
111,40.0,6,3,3.6,0.09
111,40.0,6,4,3.49,0.087
111,40.0,6,5,2.61,0.065
111,40.0,6,6,2.07,0.052
111,40.0,6,7,2.3,0.057
111,40.0,6,8,2.08,0.052
111,40.0,6,9,1.58,0.04
111,40.0,6,10,1.35,0.034
111,40.0,6,11,0.98,0.024
111,40.0,6,12,0.85,0.021
111,40.0,6,13,1.26,0.032
111,40.0,6,14,1.03,0.026
111,40.0,6,15,2.71,0.068
111,40.0,6,16,2.61,0.065
111,40.0,6,17,1.96,0.049
111,40.0,6,18,2.58,0.064
111,40.0,6,19,3.04,0.076
111,40.0,6,20,3.83,0.096
111,40.0,6,21,2.91,0.073
111,40.0,6,22,3.2,0.08
111,40.0,6,23,4.38,0.11
112,30.0,0,0,19.7,0.657
112,30.0,0,1,19.42,0.647
112,30.0,0,2,19.49,0.65
112,30.0,0,3,19.89,0.663
112,30.0,0,4,18.24,0.608
112,30.0,0,5,15.27,0.509
112,30.0,0,6,10.71,0.357
112,30.0,0,7,7.7,0.257
112,30.0,0,8,6.58,0.219
112,30.0,0,9,5.65,0.188
112,30.0,0,10,5.02,0.167
112,30.0,0,11,3.62,0.121
112,30.0,0,12,2.94,0.098
112,30.0,0,13,3.25,0.108
112,30.0,0,14,3.57,0.119
112,30.0,0,15,5.18,0.173
112,30.0,0,16,6.4,0.213
112,30.0,0,17,7.44,0.248
112,30.0,0,18,9.46,0.315
112,30.0,0,19,12.0,0.4
112,30.0,0,20,14.56,0.485
112,30.0,0,21,16.89,0.563
112,30.0,0,22,19.62,0.654
112,30.0,0,23,21.25,0.708
112,30.0,1,0,21.63,0.721
112,30.0,1,1,22.05,0.735
112,30.0,1,2,21.87,0.729
112,30.0,1,3,22.12,0.737
112,30.0,1,4,19.92,0.664
112,30.0,1,5,16.28,0.543
112,30.0,1,6,13.21,0.44
112,30.0,1,7,8.08,0.269
112,30.0,1,8,3.83,0.128
112,30.0,1,9,5.62,0.187
112,30.0,1,10,4.03,0.134
112,30.0,1,11,3.04,0.101
112,30.0,1,12,3.31,0.11
112,30.0,1,13,4.71,0.157
112,30.0,1,14,5.45,0.182
112,30.0,1,15,6.8,0.227
112,30.0,1,16,9.09,0.303
112,30.0,1,17,12.69,0.423
112,30.0,1,18,15.26,0.509
112,30.0,1,19,16.09,0.536
112,30.0,1,20,20.67,0.689
112,30.0,1,21,24.28,0.809
112,30.0,1,22,26.53,0.884
112,30.0,1,23,27.42,0.914
112,30.0,2,0,28.08,0.936
112,30.0,2,1,28.0,0.933
112,30.0,2,2,28.09,0.936
112,30.0,2,3,28.17,0.939
112,30.0,2,4,26.75,0.892
112,30.0,2,5,23.93,0.798
112,30.0,2,6,18.76,0.625
112,30.0,2,7,10.08,0.336
112,30.0,2,8,2.07,0.069
112,30.0,2,9,1.48,0.049
112,30.0,2,10,2.04,0.068
112,30.0,2,11,2.84,0.095
112,30.0,2,12,3.47,0.116
112,30.0,2,13,5.64,0.188
112,30.0,2,14,5.69,0.19
112,30.0,2,15,5.34,0.178
112,30.0,2,16,9.27,0.309
112,30.0,2,17,14.3,0.477
112,30.0,2,18,16.3,0.543
112,30.0,2,19,19.26,0.642
112,30.0,2,20,24.56,0.819
112,30.0,2,21,27.47,0.916
112,30.0,2,22,28.49,0.95
112,30.0,2,23,28.88,0.963
112,30.0,3,0,28.96,0.965
112,30.0,3,1,29.04,0.968
112,30.0,3,2,28.95,0.965
112,30.0,3,3,28.91,0.964
112,30.0,3,4,27.72,0.924
112,30.0,3,5,22.23,0.741
112,30.0,3,6,16.33,0.544
112,30.0,3,7,8.26,0.275
112,30.0,3,8,8.35,0.278
112,30.0,3,9,6.54,0.218
112,30.0,3,10,4.72,0.157
112,30.0,3,11,3.66,0.122
112,30.0,3,12,3.54,0.118
112,30.0,3,13,2.74,0.091
112,30.0,3,14,3.62,0.121
112,30.0,3,15,4.83,0.161
112,30.0,3,16,8.7,0.29
112,30.0,3,17,11.98,0.399
112,30.0,3,18,15.51,0.517
112,30.0,3,19,16.38,0.546
112,30.0,3,20,20.8,0.693
112,30.0,3,21,23.47,0.782
112,30.0,3,22,25.47,0.849
112,30.0,3,23,26.84,0.895
112,30.0,4,0,26.87,0.896
112,30.0,4,1,27.06,0.902
112,30.0,4,2,27.08,0.903
112,30.0,4,3,27.0,0.9
112,30.0,4,4,25.89,0.863
112,30.0,4,5,21.57,0.719
112,30.0,4,6,16.3,0.543
112,30.0,4,7,11.75,0.392
112,30.0,4,8,5.52,0.184
112,30.0,4,9,4.67,0.156
112,30.0,4,10,3.69,0.123
112,30.0,4,11,2.4,0.08
112,30.0,4,12,2.98,0.099
112,30.0,4,13,3.65,0.122
112,30.0,4,14,3.93,0.131
112,30.0,4,15,4.49,0.15
112,30.0,4,16,6.59,0.22
112,30.0,4,17,8.83,0.294
112,30.0,4,18,10.13,0.338
112,30.0,4,19,12.13,0.404
112,30.0,4,20,14.08,0.469
112,30.0,4,21,16.11,0.537
112,30.0,4,22,18.07,0.602
112,30.0,4,23,20.21,0.674
112,30.0,5,0,20.77,0.692
112,30.0,5,1,20.86,0.695
112,30.0,5,2,20.77,0.692
112,30.0,5,3,20.94,0.698
112,30.0,5,4,19.85,0.662
112,30.0,5,5,16.9,0.563
112,30.0,5,6,14.16,0.472
112,30.0,5,7,11.34,0.378
112,30.0,5,8,9.45,0.315
112,30.0,5,9,7.87,0.262
112,30.0,5,10,6.25,0.208
112,30.0,5,11,8.24,0.275
112,30.0,5,12,8.38,0.279
112,30.0,5,13,6.86,0.229
112,30.0,5,14,5.72,0.191
112,30.0,5,15,7.19,0.24
112,30.0,5,16,9.27,0.309
112,30.0,5,17,9.79,0.326
112,30.0,5,18,10.11,0.337
112,30.0,5,19,10.95,0.365
112,30.0,5,20,12.17,0.406
112,30.0,5,21,14.18,0.473
112,30.0,5,22,17.04,0.568
112,30.0,5,23,18.26,0.609
112,30.0,6,0,18.44,0.615
112,30.0,6,1,18.51,0.617
112,30.0,6,2,18.5,0.617
112,30.0,6,3,18.53,0.618
112,30.0,6,4,17.44,0.581
112,30.0,6,5,15.48,0.516
112,30.0,6,6,13.48,0.449
112,30.0,6,7,10.44,0.348
112,30.0,6,8,9.21,0.307
112,30.0,6,9,7.19,0.24
112,30.0,6,10,6.23,0.208
112,30.0,6,11,6.18,0.206
112,30.0,6,12,6.71,0.224
112,30.0,6,13,7.35,0.245
112,30.0,6,14,8.25,0.275
112,30.0,6,15,6.94,0.231
112,30.0,6,16,6.94,0.231
112,30.0,6,17,9.05,0.302
112,30.0,6,18,9.38,0.313
112,30.0,6,19,10.7,0.357
112,30.0,6,20,11.68,0.389
112,30.0,6,21,13.21,0.44
112,30.0,6,22,15.7,0.523
112,30.0,6,23,17.47,0.582
113,40.0,0,0,5.59,0.14
113,40.0,0,1,5.71,0.143
113,40.0,0,2,5.67,0.142
113,40.0,0,3,5.77,0.144
113,40.0,0,4,5.71,0.143
113,40.0,0,5,5.82,0.146
113,40.0,0,6,5.83,0.146
113,40.0,0,7,7.46,0.186
113,40.0,0,8,13.47,0.337
113,40.0,0,9,15.06,0.376
113,40.0,0,10,16.29,0.407
113,40.0,0,11,15.68,0.392
113,40.0,0,12,15.9,0.398
113,40.0,0,13,15.94,0.398
113,40.0,0,14,15.51,0.388
113,40.0,0,15,15.06,0.376
113,40.0,0,16,13.32,0.333
113,40.0,0,17,9.91,0.248
113,40.0,0,18,9.19,0.23
113,40.0,0,19,7.97,0.199
113,40.0,0,20,7.4,0.185
113,40.0,0,21,7.14,0.178
113,40.0,0,22,7.11,0.178
113,40.0,0,23,6.91,0.173
113,40.0,1,0,6.85,0.171
113,40.0,1,1,6.99,0.175
113,40.0,1,2,6.82,0.17
113,40.0,1,3,7.37,0.184
113,40.0,1,4,7.47,0.187
113,40.0,1,5,7.11,0.178
113,40.0,1,6,7.46,0.186
113,40.0,1,7,8.97,0.224
113,40.0,1,8,16.67,0.417
113,40.0,1,9,20.06,0.501
113,40.0,1,10,22.41,0.56
113,40.0,1,11,24.11,0.603
113,40.0,1,12,25.13,0.628
113,40.0,1,13,24.59,0.615
113,40.0,1,14,23.39,0.585
113,40.0,1,15,22.25,0.556
113,40.0,1,16,17.48,0.437
113,40.0,1,17,12.86,0.322
113,40.0,1,18,9.97,0.249
113,40.0,1,19,7.67,0.192
113,40.0,1,20,6.76,0.169
113,40.0,1,21,6.28,0.157
113,40.0,1,22,5.58,0.14
113,40.0,1,23,5.41,0.135
113,40.0,2,0,4.9,0.123
113,40.0,2,1,4.92,0.123
113,40.0,2,2,5.22,0.13
113,40.0,2,3,4.97,0.124
113,40.0,2,4,5.27,0.132
113,40.0,2,5,5.59,0.14
113,40.0,2,6,4.64,0.116
113,40.0,2,7,6.87,0.172
113,40.0,2,8,14.72,0.368
113,40.0,2,9,17.05,0.426
113,40.0,2,10,17.95,0.449
113,40.0,2,11,18.1,0.452
113,40.0,2,12,18.86,0.472
113,40.0,2,13,18.2,0.455
113,40.0,2,14,17.14,0.428
113,40.0,2,15,14.93,0.373
113,40.0,2,16,11.3,0.283
113,40.0,2,17,5.4,0.135
113,40.0,2,18,3.44,0.086
113,40.0,2,19,3.04,0.076
113,40.0,2,20,2.44,0.061
113,40.0,2,21,2.08,0.052
113,40.0,2,22,2.06,0.052
113,40.0,2,23,1.68,0.042
113,40.0,3,0,1.75,0.044
113,40.0,3,1,1.61,0.04
113,40.0,3,2,1.72,0.043
113,40.0,3,3,1.68,0.042
113,40.0,3,4,1.89,0.047
113,40.0,3,5,2.09,0.052
113,40.0,3,6,2.15,0.054
113,40.0,3,7,4.32,0.108
113,40.0,3,8,9.93,0.248
113,40.0,3,9,12.71,0.318
113,40.0,3,10,14.25,0.356
113,40.0,3,11,14.91,0.373
113,40.0,3,12,16.46,0.412
113,40.0,3,13,17.05,0.426
113,40.0,3,14,15.6,0.39
113,40.0,3,15,13.66,0.342
113,40.0,3,16,8.86,0.221
113,40.0,3,17,4.53,0.113
113,40.0,3,18,3.24,0.081
113,40.0,3,19,2.29,0.057
113,40.0,3,20,1.77,0.044
113,40.0,3,21,1.27,0.032
113,40.0,3,22,0.94,0.024
113,40.0,3,23,0.36,0.009
113,40.0,4,0,0.34,0.008
113,40.0,4,1,0.35,0.009
113,40.0,4,2,0.34,0.008
113,40.0,4,3,0.38,0.01
113,40.0,4,4,0.7,0.017
113,40.0,4,5,0.7,0.017
113,40.0,4,6,0.59,0.015
113,40.0,4,7,1.46,0.036
113,40.0,4,8,4.07,0.102
113,40.0,4,9,5.33,0.133
113,40.0,4,10,5.9,0.148
113,40.0,4,11,6.19,0.155
113,40.0,4,12,6.49,0.162
113,40.0,4,13,6.58,0.164
113,40.0,4,14,6.31,0.158
113,40.0,4,15,5.11,0.128
113,40.0,4,16,4.25,0.106
113,40.0,4,17,2.37,0.059
113,40.0,4,18,1.8,0.045
113,40.0,4,19,1.49,0.037
113,40.0,4,20,1.24,0.031
113,40.0,4,21,1.33,0.033
113,40.0,4,22,1.4,0.035
113,40.0,4,23,1.23,0.031
113,40.0,5,0,1.23,0.031
113,40.0,5,1,1.17,0.029
113,40.0,5,2,1.18,0.03
113,40.0,5,3,1.18,0.03
113,40.0,5,4,1.18,0.03
113,40.0,5,5,1.24,0.031
113,40.0,5,6,1.25,0.031
113,40.0,5,7,1.49,0.037
113,40.0,5,8,1.73,0.043
113,40.0,5,9,2.05,0.051
113,40.0,5,10,1.79,0.045
113,40.0,5,11,1.33,0.033
113,40.0,5,12,1.32,0.033
113,40.0,5,13,1.48,0.037
113,40.0,5,14,1.61,0.04
113,40.0,5,15,1.75,0.044
113,40.0,5,16,1.97,0.049
113,40.0,5,17,1.87,0.047
113,40.0,5,18,1.74,0.044
113,40.0,5,19,2.31,0.058
113,40.0,5,20,2.56,0.064
113,40.0,5,21,2.54,0.064
113,40.0,5,22,2.59,0.065
113,40.0,5,23,2.66,0.066
113,40.0,6,0,2.85,0.071
113,40.0,6,1,2.89,0.072
113,40.0,6,2,2.78,0.069
113,40.0,6,3,2.87,0.072
113,40.0,6,4,2.83,0.071
113,40.0,6,5,2.81,0.07
113,40.0,6,6,2.78,0.069
113,40.0,6,7,2.83,0.071
113,40.0,6,8,2.8,0.07
113,40.0,6,9,2.77,0.069
113,40.0,6,10,2.94,0.074
113,40.0,6,11,2.88,0.072
113,40.0,6,12,2.93,0.073
113,40.0,6,13,3.33,0.083
113,40.0,6,14,3.84,0.096
113,40.0,6,15,4.12,0.103
113,40.0,6,16,4.41,0.11
113,40.0,6,17,4.11,0.103
113,40.0,6,18,4.43,0.111
113,40.0,6,19,4.61,0.115
113,40.0,6,20,4.69,0.117
113,40.0,6,21,4.83,0.121
113,40.0,6,22,4.93,0.123
113,40.0,6,23,4.92,0.123
114,40.0,0,0,3.81,0.095
114,40.0,0,1,3.65,0.091
114,40.0,0,2,3.86,0.096
114,40.0,0,3,3.74,0.094
114,40.0,0,4,4.44,0.111
114,40.0,0,5,7.25,0.181
114,40.0,0,6,12.9,0.322
114,40.0,0,7,21.7,0.542
114,40.0,0,8,25.02,0.626
114,40.0,0,9,27.67,0.692
114,40.0,0,10,28.36,0.709
114,40.0,0,11,28.92,0.723
114,40.0,0,12,28.42,0.71
114,40.0,0,13,28.23,0.706
114,40.0,0,14,23.06,0.576
114,40.0,0,15,13.24,0.331
114,40.0,0,16,3.96,0.099
114,40.0,0,17,2.36,0.059
114,40.0,0,18,1.65,0.041
114,40.0,0,19,2.03,0.051
114,40.0,0,20,2.02,0.05
114,40.0,0,21,2.36,0.059
114,40.0,0,22,2.69,0.067
114,40.0,0,23,2.76,0.069
114,40.0,1,0,2.73,0.068
114,40.0,1,1,2.95,0.074
114,40.0,1,2,2.84,0.071
114,40.0,1,3,2.87,0.072
114,40.0,1,4,3.16,0.079
114,40.0,1,5,6.62,0.166
114,40.0,1,6,13.88,0.347
114,40.0,1,7,23.99,0.6
114,40.0,1,8,30.6,0.765
114,40.0,1,9,33.87,0.847
114,40.0,1,10,34.38,0.86
114,40.0,1,11,34.3,0.857
114,40.0,1,12,30.62,0.766
114,40.0,1,13,27.75,0.694
114,40.0,1,14,21.28,0.532
114,40.0,1,15,7.7,0.192
114,40.0,1,16,0.32,0.008
114,40.0,1,17,0.27,0.007
114,40.0,1,18,0.85,0.021
114,40.0,1,19,0.55,0.014
114,40.0,1,20,0.65,0.016
114,40.0,1,21,0.67,0.017
114,40.0,1,22,1.05,0.026
114,40.0,1,23,1.03,0.026
114,40.0,2,0,1.14,0.028
114,40.0,2,1,1.15,0.029
114,40.0,2,2,1.15,0.029
114,40.0,2,3,1.13,0.028
114,40.0,2,4,1.23,0.031
114,40.0,2,5,4.97,0.124
114,40.0,2,6,11.92,0.298
114,40.0,2,7,23.75,0.594
114,40.0,2,8,32.51,0.813
114,40.0,2,9,34.51,0.863
114,40.0,2,10,36.88,0.922
114,40.0,2,11,37.96,0.949
114,40.0,2,12,37.71,0.943
114,40.0,2,13,34.62,0.865
114,40.0,2,14,26.59,0.665
114,40.0,2,15,13.39,0.335
114,40.0,2,16,1.96,0.049
114,40.0,2,17,0.35,0.009
114,40.0,2,18,0.59,0.015
114,40.0,2,19,0.34,0.008
114,40.0,2,20,0.54,0.014
114,40.0,2,21,0.78,0.02
114,40.0,2,22,1.25,0.031
114,40.0,2,23,1.45,0.036
114,40.0,3,0,1.56,0.039
114,40.0,3,1,1.51,0.038
114,40.0,3,2,1.55,0.039
114,40.0,3,3,1.54,0.038
114,40.0,3,4,1.77,0.044
114,40.0,3,5,5.87,0.147
114,40.0,3,6,13.44,0.336
114,40.0,3,7,24.93,0.623
114,40.0,3,8,27.7,0.692
114,40.0,3,9,32.24,0.806
114,40.0,3,10,33.03,0.826
114,40.0,3,11,32.42,0.81
114,40.0,3,12,31.38,0.784
114,40.0,3,13,30.34,0.758
114,40.0,3,14,22.71,0.568
114,40.0,3,15,11.14,0.278
114,40.0,3,16,2.42,0.06
114,40.0,3,17,0.68,0.017
114,40.0,3,18,0.36,0.009
114,40.0,3,19,0.39,0.01
114,40.0,3,20,0.65,0.016
114,40.0,3,21,0.6,0.015
114,40.0,3,22,0.83,0.021
114,40.0,3,23,1.17,0.029
114,40.0,4,0,1.2,0.03
114,40.0,4,1,1.22,0.03
114,40.0,4,2,1.23,0.031
114,40.0,4,3,1.21,0.03
114,40.0,4,4,1.5,0.038
114,40.0,4,5,4.64,0.116
114,40.0,4,6,10.21,0.255
114,40.0,4,7,20.61,0.515
114,40.0,4,8,30.94,0.774
114,40.0,4,9,33.68,0.842
114,40.0,4,10,35.89,0.897
114,40.0,4,11,35.46,0.887
114,40.0,4,12,31.89,0.797
114,40.0,4,13,27.69,0.692
114,40.0,4,14,21.56,0.539
114,40.0,4,15,11.01,0.275
114,40.0,4,16,3.04,0.076
114,40.0,4,17,0.8,0.02
114,40.0,4,18,1.17,0.029
114,40.0,4,19,0.98,0.024
114,40.0,4,20,1.35,0.034
114,40.0,4,21,1.26,0.032
114,40.0,4,22,1.42,0.036
114,40.0,4,23,1.82,0.046
114,40.0,5,0,1.81,0.045
114,40.0,5,1,1.84,0.046
114,40.0,5,2,1.8,0.045
114,40.0,5,3,1.71,0.043
114,40.0,5,4,1.81,0.045
114,40.0,5,5,1.77,0.044
114,40.0,5,6,1.98,0.05
114,40.0,5,7,2.53,0.063
114,40.0,5,8,3.22,0.08
114,40.0,5,9,3.85,0.096
114,40.0,5,10,3.12,0.078
114,40.0,5,11,3.12,0.078
114,40.0,5,12,3.56,0.089
114,40.0,5,13,2.96,0.074
114,40.0,5,14,2.0,0.05
114,40.0,5,15,1.89,0.047
114,40.0,5,16,2.05,0.051
114,40.0,5,17,2.14,0.054
114,40.0,5,18,1.92,0.048
114,40.0,5,19,1.42,0.036
114,40.0,5,20,1.09,0.027
114,40.0,5,21,1.04,0.026
114,40.0,5,22,1.04,0.026
114,40.0,5,23,1.0,0.025
114,40.0,6,0,0.97,0.024
114,40.0,6,1,1.01,0.025
114,40.0,6,2,1.01,0.025
114,40.0,6,3,0.99,0.025
114,40.0,6,4,0.99,0.025
114,40.0,6,5,1.04,0.026
114,40.0,6,6,1.1,0.028
114,40.0,6,7,0.86,0.022
114,40.0,6,8,1.33,0.033
114,40.0,6,9,1.5,0.038
114,40.0,6,10,1.04,0.026
114,40.0,6,11,1.18,0.03
114,40.0,6,12,1.53,0.038
114,40.0,6,13,2.24,0.056
114,40.0,6,14,2.45,0.061
114,40.0,6,15,2.26,0.056
114,40.0,6,16,3.54,0.088
114,40.0,6,17,4.09,0.102
114,40.0,6,18,3.93,0.098
114,40.0,6,19,3.79,0.095
114,40.0,6,20,3.59,0.09
114,40.0,6,21,3.43,0.086
114,40.0,6,22,3.18,0.08
114,40.0,6,23,3.64,0.091
115,30.0,0,0,24.04,0.801
115,30.0,0,1,23.91,0.797
115,30.0,0,2,24.15,0.805
115,30.0,0,3,24.19,0.806
115,30.0,0,4,23.87,0.796
115,30.0,0,5,22.79,0.76
115,30.0,0,6,19.23,0.641
115,30.0,0,7,13.26,0.442
115,30.0,0,8,7.23,0.241
115,30.0,0,9,6.96,0.232
115,30.0,0,10,7.33,0.244
115,30.0,0,11,7.37,0.246
115,30.0,0,12,6.41,0.214
115,30.0,0,13,6.76,0.225
115,30.0,0,14,7.06,0.235
115,30.0,0,15,9.95,0.332
115,30.0,0,16,14.11,0.47
115,30.0,0,17,17.94,0.598
115,30.0,0,18,22.45,0.748
115,30.0,0,19,24.84,0.828
115,30.0,0,20,26.5,0.883
115,30.0,0,21,27.06,0.902
115,30.0,0,22,27.43,0.914
115,30.0,0,23,27.52,0.917
115,30.0,1,0,27.48,0.916
115,30.0,1,1,27.72,0.924
115,30.0,1,2,27.57,0.919
115,30.0,1,3,27.57,0.919
115,30.0,1,4,26.99,0.9
115,30.0,1,5,26.09,0.87
115,30.0,1,6,21.66,0.722
115,30.0,1,7,10.92,0.364
115,30.0,1,8,1.87,0.062
115,30.0,1,9,0.93,0.031
115,30.0,1,10,1.11,0.037
115,30.0,1,11,0.91,0.03
115,30.0,1,12,1.4,0.047
115,30.0,1,13,3.22,0.107
115,30.0,1,14,4.3,0.143
115,30.0,1,15,7.16,0.239
115,30.0,1,16,12.39,0.413
115,30.0,1,17,19.12,0.637
115,30.0,1,18,22.9,0.763
115,30.0,1,19,25.22,0.841
115,30.0,1,20,27.66,0.922
115,30.0,1,21,29.18,0.973
115,30.0,1,22,29.52,0.984
115,30.0,1,23,29.8,0.993
115,30.0,2,0,29.88,0.996
115,30.0,2,1,29.88,0.996
115,30.0,2,2,29.88,0.996
115,30.0,2,3,29.88,0.996
115,30.0,2,4,29.24,0.975
115,30.0,2,5,28.29,0.943
115,30.0,2,6,24.66,0.822
115,30.0,2,7,14.66,0.489
115,30.0,2,8,3.58,0.119
115,30.0,2,9,1.39,0.046
115,30.0,2,10,0.87,0.029
115,30.0,2,11,1.04,0.035
115,30.0,2,12,2.01,0.067
115,30.0,2,13,4.67,0.156
115,30.0,2,14,6.39,0.213
115,30.0,2,15,9.01,0.3
115,30.0,2,16,12.27,0.409
115,30.0,2,17,18.57,0.619
115,30.0,2,18,25.55,0.852
115,30.0,2,19,28.29,0.943
115,30.0,2,20,29.26,0.975
115,30.0,2,21,29.56,0.985
115,30.0,2,22,29.43,0.981
115,30.0,2,23,29.39,0.98
115,30.0,3,0,29.42,0.981
115,30.0,3,1,29.45,0.982
115,30.0,3,2,29.42,0.981
115,30.0,3,3,29.42,0.981
115,30.0,3,4,28.84,0.961
115,30.0,3,5,27.71,0.924
115,30.0,3,6,24.59,0.82
115,30.0,3,7,16.74,0.558
115,30.0,3,8,7.0,0.233
115,30.0,3,9,4.85,0.162
115,30.0,3,10,3.63,0.121
115,30.0,3,11,2.55,0.085
115,30.0,3,12,2.49,0.083
115,30.0,3,13,2.93,0.098
115,30.0,3,14,2.74,0.091
115,30.0,3,15,4.32,0.144
115,30.0,3,16,7.83,0.261
115,30.0,3,17,12.46,0.415
115,30.0,3,18,16.2,0.54
115,30.0,3,19,19.61,0.654
115,30.0,3,20,24.11,0.804
115,30.0,3,21,27.47,0.916
115,30.0,3,22,28.13,0.938
115,30.0,3,23,28.38,0.946
115,30.0,4,0,28.56,0.952
115,30.0,4,1,28.51,0.95
115,30.0,4,2,28.53,0.951
115,30.0,4,3,28.53,0.951
115,30.0,4,4,27.7,0.923
115,30.0,4,5,26.24,0.875
115,30.0,4,6,23.36,0.779
115,30.0,4,7,17.18,0.573
115,30.0,4,8,9.71,0.324
115,30.0,4,9,6.7,0.223
115,30.0,4,10,5.85,0.195
115,30.0,4,11,4.54,0.151
115,30.0,4,12,3.52,0.117
115,30.0,4,13,4.84,0.161
115,30.0,4,14,6.26,0.209
115,30.0,4,15,8.8,0.293
115,30.0,4,16,10.76,0.359
115,30.0,4,17,14.37,0.479
115,30.0,4,18,15.9,0.53
115,30.0,4,19,17.22,0.574
115,30.0,4,20,20.08,0.669
115,30.0,4,21,23.62,0.787
115,30.0,4,22,25.12,0.837
115,30.0,4,23,25.98,0.866
115,30.0,5,0,26.19,0.873
115,30.0,5,1,26.2,0.873
115,30.0,5,2,26.0,0.867
115,30.0,5,3,26.02,0.867
115,30.0,5,4,26.22,0.874
115,30.0,5,5,25.94,0.865
115,30.0,5,6,25.01,0.834
115,30.0,5,7,23.89,0.796
115,30.0,5,8,23.32,0.777
115,30.0,5,9,20.08,0.669
115,30.0,5,10,17.14,0.571
115,30.0,5,11,14.57,0.486
115,30.0,5,12,14.63,0.488
115,30.0,5,13,14.66,0.489
115,30.0,5,14,13.09,0.436
115,30.0,5,15,13.28,0.443
115,30.0,5,16,13.24,0.441
115,30.0,5,17,13.92,0.464
115,30.0,5,18,14.62,0.487
115,30.0,5,19,15.44,0.515
115,30.0,5,20,17.27,0.576
115,30.0,5,21,19.24,0.641
115,30.0,5,22,20.9,0.697
115,30.0,5,23,21.77,0.726
115,30.0,6,0,21.84,0.728
115,30.0,6,1,21.97,0.732
115,30.0,6,2,21.86,0.729
115,30.0,6,3,22.08,0.736
115,30.0,6,4,21.85,0.728
115,30.0,6,5,21.9,0.73
115,30.0,6,6,20.54,0.685
115,30.0,6,7,18.97,0.632
115,30.0,6,8,18.35,0.612
115,30.0,6,9,17.66,0.589
115,30.0,6,10,16.46,0.549
115,30.0,6,11,14.92,0.497
115,30.0,6,12,14.56,0.485
115,30.0,6,13,14.94,0.498
115,30.0,6,14,13.1,0.437
115,30.0,6,15,12.19,0.406
115,30.0,6,16,13.46,0.449
115,30.0,6,17,16.26,0.542
115,30.0,6,18,17.4,0.58
115,30.0,6,19,17.39,0.58
115,30.0,6,20,18.02,0.601
115,30.0,6,21,19.86,0.662
115,30.0,6,22,20.74,0.691
115,30.0,6,23,22.01,0.734
116,30.0,0,0,2.54,0.085
116,30.0,0,1,2.58,0.086
116,30.0,0,2,2.59,0.086
116,30.0,0,3,2.58,0.086
116,30.0,0,4,2.54,0.085
116,30.0,0,5,2.08,0.069
116,30.0,0,6,1.3,0.043
116,30.0,0,7,1.02,0.034
116,30.0,0,8,1.18,0.039
116,30.0,0,9,1.44,0.048
116,30.0,0,10,3.47,0.116
116,30.0,0,11,4.37,0.146
116,30.0,0,12,5.23,0.174
116,30.0,0,13,7.24,0.241
116,30.0,0,14,7.81,0.26
116,30.0,0,15,7.14,0.238
116,30.0,0,16,8.26,0.275
116,30.0,0,17,7.37,0.246
116,30.0,0,18,5.73,0.191
116,30.0,0,19,5.72,0.191
116,30.0,0,20,6.32,0.211
116,30.0,0,21,6.95,0.232
116,30.0,0,22,6.57,0.219
116,30.0,0,23,6.65,0.222
116,30.0,1,0,6.84,0.228
116,30.0,1,1,6.76,0.225
116,30.0,1,2,6.76,0.225
116,30.0,1,3,7.05,0.235
116,30.0,1,4,6.75,0.225
116,30.0,1,5,6.02,0.201
116,30.0,1,6,4.75,0.158
116,30.0,1,7,3.19,0.106
116,30.0,1,8,2.44,0.081
116,30.0,1,9,1.92,0.064
116,30.0,1,10,4.6,0.153
116,30.0,1,11,5.37,0.179
116,30.0,1,12,7.2,0.24
116,30.0,1,13,10.6,0.353
116,30.0,1,14,11.86,0.395
116,30.0,1,15,10.96,0.365
116,30.0,1,16,10.52,0.351
116,30.0,1,17,10.1,0.337
116,30.0,1,18,9.57,0.319
116,30.0,1,19,9.1,0.303
116,30.0,1,20,8.86,0.295
116,30.0,1,21,9.39,0.313
116,30.0,1,22,9.05,0.302
116,30.0,1,23,9.1,0.303
116,30.0,2,0,7.85,0.262
116,30.0,2,1,8.04,0.268
116,30.0,2,2,8.13,0.271
116,30.0,2,3,8.28,0.276
116,30.0,2,4,8.22,0.274
116,30.0,2,5,7.52,0.251
116,30.0,2,6,5.91,0.197
116,30.0,2,7,3.96,0.132
116,30.0,2,8,3.07,0.102
116,30.0,2,9,2.46,0.082
116,30.0,2,10,2.33,0.078
116,30.0,2,11,6.26,0.209
116,30.0,2,12,8.51,0.284
116,30.0,2,13,8.27,0.276
116,30.0,2,14,9.8,0.327
116,30.0,2,15,9.46,0.315
116,30.0,2,16,8.83,0.294
116,30.0,2,17,8.39,0.28
116,30.0,2,18,6.91,0.23
116,30.0,2,19,6.21,0.207
116,30.0,2,20,6.16,0.205
116,30.0,2,21,6.46,0.215
116,30.0,2,22,7.13,0.238
116,30.0,2,23,6.85,0.228
116,30.0,3,0,7.18,0.239
116,30.0,3,1,7.26,0.242
116,30.0,3,2,7.16,0.239
116,30.0,3,3,7.16,0.239
116,30.0,3,4,7.18,0.239
116,30.0,3,5,6.61,0.22
116,30.0,3,6,4.42,0.147
116,30.0,3,7,3.48,0.116
116,30.0,3,8,3.17,0.106
116,30.0,3,9,3.09,0.103
116,30.0,3,10,4.41,0.147
116,30.0,3,11,5.16,0.172
116,30.0,3,12,8.14,0.271
116,30.0,3,13,8.66,0.289
116,30.0,3,14,8.38,0.279
116,30.0,3,15,7.11,0.237
116,30.0,3,16,7.1,0.237
116,30.0,3,17,5.75,0.192
116,30.0,3,18,5.75,0.192
116,30.0,3,19,5.35,0.178
116,30.0,3,20,5.55,0.185
116,30.0,3,21,5.95,0.198
116,30.0,3,22,6.25,0.208
116,30.0,3,23,6.12,0.204
116,30.0,4,0,6.34,0.211
116,30.0,4,1,6.32,0.211
116,30.0,4,2,6.24,0.208
116,30.0,4,3,6.4,0.213
116,30.0,4,4,6.08,0.203
116,30.0,4,5,5.44,0.181
116,30.0,4,6,5.06,0.169
116,30.0,4,7,4.3,0.143
116,30.0,4,8,3.6,0.12
116,30.0,4,9,3.05,0.102
116,30.0,4,10,2.29,0.076
116,30.0,4,11,3.26,0.109
116,30.0,4,12,7.17,0.239
116,30.0,4,13,10.26,0.342
116,30.0,4,14,9.74,0.325
116,30.0,4,15,8.67,0.289
116,30.0,4,16,9.01,0.3
116,30.0,4,17,8.83,0.294
116,30.0,4,18,7.35,0.245
116,30.0,4,19,6.57,0.219
116,30.0,4,20,5.93,0.198
116,30.0,4,21,6.51,0.217
116,30.0,4,22,6.9,0.23
116,30.0,4,23,6.91,0.23
116,30.0,5,0,6.85,0.228
116,30.0,5,1,6.94,0.231
116,30.0,5,2,6.83,0.228
116,30.0,5,3,6.9,0.23
116,30.0,5,4,6.86,0.229
116,30.0,5,5,6.36,0.212
116,30.0,5,6,6.44,0.215
116,30.0,5,7,6.09,0.203
116,30.0,5,8,4.87,0.162
116,30.0,5,9,3.99,0.133
116,30.0,5,10,3.13,0.104
116,30.0,5,11,2.73,0.091
116,30.0,5,12,1.89,0.063
116,30.0,5,13,1.22,0.041
116,30.0,5,14,2.93,0.098
116,30.0,5,15,2.91,0.097
116,30.0,5,16,2.32,0.077
116,30.0,5,17,1.85,0.062
116,30.0,5,18,2.64,0.088
116,30.0,5,19,2.71,0.09
116,30.0,5,20,2.59,0.086
116,30.0,5,21,2.67,0.089
116,30.0,5,22,2.57,0.086
116,30.0,5,23,2.5,0.083
116,30.0,6,0,2.47,0.082
116,30.0,6,1,2.47,0.082
116,30.0,6,2,2.67,0.089
116,30.0,6,3,2.52,0.084
116,30.0,6,4,2.79,0.093
116,30.0,6,5,2.53,0.084
116,30.0,6,6,2.46,0.082
116,30.0,6,7,2.12,0.071
116,30.0,6,8,1.49,0.05
116,30.0,6,9,0.94,0.031
116,30.0,6,10,0.87,0.029
116,30.0,6,11,0.53,0.018
116,30.0,6,12,1.02,0.034
116,30.0,6,13,2.28,0.076
116,30.0,6,14,2.07,0.069
116,30.0,6,15,3.06,0.102
116,30.0,6,16,3.38,0.113
116,30.0,6,17,3.11,0.104
116,30.0,6,18,2.5,0.083
116,30.0,6,19,2.91,0.097
116,30.0,6,20,2.76,0.092
116,30.0,6,21,2.38,0.079
116,30.0,6,22,2.27,0.076
116,30.0,6,23,2.2,0.073
117,40.0,0,0,5.48,0.137
117,40.0,0,1,5.47,0.137
117,40.0,0,2,5.39,0.135
117,40.0,0,3,5.42,0.136
117,40.0,0,4,5.48,0.137
117,40.0,0,5,5.95,0.149
117,40.0,0,6,7.22,0.18
117,40.0,0,7,12.03,0.301
117,40.0,0,8,20.1,0.503
117,40.0,0,9,21.91,0.548
117,40.0,0,10,22.35,0.559
117,40.0,0,11,22.84,0.571
117,40.0,0,12,22.67,0.567
117,40.0,0,13,22.46,0.562
117,40.0,0,14,20.94,0.524
117,40.0,0,15,15.98,0.4
117,40.0,0,16,7.44,0.186
117,40.0,0,17,4.04,0.101
117,40.0,0,18,4.25,0.106
117,40.0,0,19,4.12,0.103
117,40.0,0,20,3.8,0.095
117,40.0,0,21,3.59,0.09
117,40.0,0,22,3.79,0.095
117,40.0,0,23,3.61,0.09
117,40.0,1,0,3.62,0.09
117,40.0,1,1,3.49,0.087
117,40.0,1,2,3.49,0.087
117,40.0,1,3,3.53,0.088
117,40.0,1,4,3.49,0.087
117,40.0,1,5,4.14,0.104
117,40.0,1,6,7.22,0.18
117,40.0,1,7,19.64,0.491
117,40.0,1,8,33.61,0.84
117,40.0,1,9,34.72,0.868
117,40.0,1,10,34.2,0.855
117,40.0,1,11,33.25,0.831
117,40.0,1,12,33.48,0.837
117,40.0,1,13,33.74,0.844
117,40.0,1,14,32.83,0.821
117,40.0,1,15,25.71,0.643
117,40.0,1,16,5.08,0.127
117,40.0,1,17,0.42,0.01
117,40.0,1,18,0.61,0.015
117,40.0,1,19,0.3,0.008
117,40.0,1,20,0.25,0.006
117,40.0,1,21,0.39,0.01
117,40.0,1,22,0.38,0.01
117,40.0,1,23,0.38,0.01
117,40.0,2,0,0.35,0.009
117,40.0,2,1,0.33,0.008
117,40.0,2,2,0.32,0.008
117,40.0,2,3,0.34,0.008
117,40.0,2,4,0.33,0.008
117,40.0,2,5,0.63,0.016
117,40.0,2,6,2.99,0.075
117,40.0,2,7,15.7,0.392
117,40.0,2,8,34.44,0.861
117,40.0,2,9,36.77,0.919
117,40.0,2,10,35.39,0.885
117,40.0,2,11,34.27,0.857
117,40.0,2,12,33.33,0.833
117,40.0,2,13,31.66,0.792
117,40.0,2,14,30.22,0.756
117,40.0,2,15,22.14,0.554
117,40.0,2,16,3.6,0.09
117,40.0,2,17,0.59,0.015
117,40.0,2,18,0.75,0.019
117,40.0,2,19,0.9,0.022
117,40.0,2,20,0.8,0.02
117,40.0,2,21,1.1,0.028
117,40.0,2,22,0.95,0.024
117,40.0,2,23,0.79,0.02
117,40.0,3,0,0.76,0.019
117,40.0,3,1,0.78,0.02
117,40.0,3,2,0.78,0.02
117,40.0,3,3,0.74,0.018
117,40.0,3,4,0.8,0.02
117,40.0,3,5,1.17,0.029
117,40.0,3,6,3.24,0.081
117,40.0,3,7,9.59,0.24
117,40.0,3,8,22.18,0.554
117,40.0,3,9,26.17,0.654
117,40.0,3,10,25.95,0.649
117,40.0,3,11,24.99,0.625
117,40.0,3,12,25.4,0.635
117,40.0,3,13,25.64,0.641
117,40.0,3,14,24.8,0.62
117,40.0,3,15,17.99,0.45
117,40.0,3,16,5.32,0.133
117,40.0,3,17,2.08,0.052
117,40.0,3,18,1.89,0.047
117,40.0,3,19,1.44,0.036
117,40.0,3,20,1.39,0.035
117,40.0,3,21,1.05,0.026
117,40.0,3,22,0.91,0.023
117,40.0,3,23,0.73,0.018
117,40.0,4,0,0.64,0.016
117,40.0,4,1,0.73,0.018
117,40.0,4,2,0.66,0.016
117,40.0,4,3,0.69,0.017
117,40.0,4,4,0.73,0.018
117,40.0,4,5,1.04,0.026
117,40.0,4,6,2.86,0.072
117,40.0,4,7,7.29,0.182
117,40.0,4,8,12.49,0.312
117,40.0,4,9,15.26,0.382
117,40.0,4,10,16.26,0.406
117,40.0,4,11,16.03,0.401
117,40.0,4,12,15.97,0.399
117,40.0,4,13,15.67,0.392
117,40.0,4,14,14.14,0.354
117,40.0,4,15,9.38,0.234
117,40.0,4,16,4.19,0.105
117,40.0,4,17,1.53,0.038
117,40.0,4,18,1.43,0.036
117,40.0,4,19,1.9,0.048
117,40.0,4,20,2.02,0.05
117,40.0,4,21,1.72,0.043
117,40.0,4,22,1.41,0.035
117,40.0,4,23,0.96,0.024
117,40.0,5,0,0.9,0.022
117,40.0,5,1,0.87,0.022
117,40.0,5,2,0.9,0.022
117,40.0,5,3,0.99,0.025
117,40.0,5,4,0.88,0.022
117,40.0,5,5,1.12,0.028
117,40.0,5,6,1.6,0.04
117,40.0,5,7,1.7,0.042
117,40.0,5,8,1.3,0.032
117,40.0,5,9,0.89,0.022
117,40.0,5,10,0.82,0.02
117,40.0,5,11,0.72,0.018
117,40.0,5,12,0.95,0.024
117,40.0,5,13,1.03,0.026
117,40.0,5,14,0.96,0.024
117,40.0,5,15,1.93,0.048
117,40.0,5,16,3.67,0.092
117,40.0,5,17,4.65,0.116
117,40.0,5,18,5.36,0.134
117,40.0,5,19,5.0,0.125
117,40.0,5,20,4.91,0.123
117,40.0,5,21,4.8,0.12
117,40.0,5,22,4.98,0.125
117,40.0,5,23,5.08,0.127
117,40.0,6,0,5.14,0.128
117,40.0,6,1,5.17,0.129
117,40.0,6,2,5.1,0.128
117,40.0,6,3,5.16,0.129
117,40.0,6,4,5.12,0.128
117,40.0,6,5,5.32,0.133
117,40.0,6,6,5.35,0.134
117,40.0,6,7,5.64,0.141
117,40.0,6,8,5.81,0.145
117,40.0,6,9,5.75,0.144
117,40.0,6,10,5.72,0.143
117,40.0,6,11,5.22,0.13
117,40.0,6,12,4.74,0.119
117,40.0,6,13,4.8,0.12
117,40.0,6,14,4.68,0.117
117,40.0,6,15,5.29,0.132
117,40.0,6,16,5.46,0.136
117,40.0,6,17,5.35,0.134
117,40.0,6,18,5.71,0.143
117,40.0,6,19,6.1,0.152
117,40.0,6,20,5.65,0.141
117,40.0,6,21,5.07,0.127
117,40.0,6,22,5.12,0.128
117,40.0,6,23,5.05,0.126
12,20.0,0,0,2.15,0.108
12,20.0,0,1,2.14,0.107
12,20.0,0,2,2.14,0.107
12,20.0,0,3,2.12,0.106
12,20.0,0,4,2.13,0.106
12,20.0,0,5,1.61,0.08
12,20.0,0,6,2.31,0.116
12,20.0,0,7,1.3,0.065
12,20.0,0,8,0.32,0.016
12,20.0,0,9,0.79,0.04
12,20.0,0,10,0.92,0.046
12,20.0,0,11,0.33,0.016
12,20.0,0,12,0.83,0.041
12,20.0,0,13,0.64,0.032
12,20.0,0,14,0.62,0.031
12,20.0,0,15,1.09,0.055
12,20.0,0,16,1.25,0.062
12,20.0,0,17,2.02,0.101
12,20.0,0,18,2.27,0.114
12,20.0,0,19,1.81,0.09
12,20.0,0,20,1.58,0.079
12,20.0,0,21,1.81,0.09
12,20.0,0,22,2.24,0.112
12,20.0,0,23,2.92,0.146
12,20.0,1,0,3.14,0.157
12,20.0,1,1,3.11,0.156
12,20.0,1,2,3.25,0.162
12,20.0,1,3,3.16,0.158
12,20.0,1,4,3.0,0.15
12,20.0,1,5,2.35,0.118
12,20.0,1,6,2.46,0.123
12,20.0,1,7,1.17,0.058
12,20.0,1,8,0.08,0.004
12,20.0,1,9,0.16,0.008
12,20.0,1,10,0.77,0.038
12,20.0,1,11,1.37,0.068
12,20.0,1,12,1.53,0.076
12,20.0,1,13,1.82,0.091
12,20.0,1,14,1.99,0.1
12,20.0,1,15,1.82,0.091
12,20.0,1,16,2.37,0.119
12,20.0,1,17,4.55,0.227
12,20.0,1,18,4.64,0.232
12,20.0,1,19,3.82,0.191
12,20.0,1,20,3.44,0.172
12,20.0,1,21,4.14,0.207
12,20.0,1,22,5.01,0.25
12,20.0,1,23,5.45,0.272
12,20.0,2,0,5.57,0.278
12,20.0,2,1,5.76,0.288
12,20.0,2,2,5.72,0.286
12,20.0,2,3,5.67,0.284
12,20.0,2,4,5.35,0.267
12,20.0,2,5,5.38,0.269
12,20.0,2,6,6.32,0.316
12,20.0,2,7,3.1,0.155
12,20.0,2,8,0.59,0.03
12,20.0,2,9,0.64,0.032
12,20.0,2,10,1.61,0.08
12,20.0,2,11,3.16,0.158
12,20.0,2,12,1.99,0.1
12,20.0,2,13,1.49,0.074
12,20.0,2,14,2.0,0.1
12,20.0,2,15,1.6,0.08
12,20.0,2,16,3.58,0.179
12,20.0,2,17,5.18,0.259
12,20.0,2,18,5.89,0.294
12,20.0,2,19,6.03,0.302
12,20.0,2,20,5.59,0.279
12,20.0,2,21,5.67,0.284
12,20.0,2,22,6.44,0.322
12,20.0,2,23,6.9,0.345
12,20.0,3,0,7.14,0.357
12,20.0,3,1,7.22,0.361
12,20.0,3,2,7.35,0.368
12,20.0,3,3,7.34,0.367
12,20.0,3,4,6.88,0.344
12,20.0,3,5,6.72,0.336
12,20.0,3,6,7.73,0.386
12,20.0,3,7,5.44,0.272
12,20.0,3,8,1.12,0.056
12,20.0,3,9,0.61,0.03
12,20.0,3,10,0.72,0.036
12,20.0,3,11,1.31,0.066
12,20.0,3,12,1.62,0.081
12,20.0,3,13,2.12,0.106
12,20.0,3,14,3.08,0.154
12,20.0,3,15,3.22,0.161
12,20.0,3,16,3.33,0.166
12,20.0,3,17,2.85,0.143
12,20.0,3,18,2.34,0.117
12,20.0,3,19,1.65,0.082
12,20.0,3,20,2.13,0.106
12,20.0,3,21,3.85,0.192
12,20.0,3,22,4.56,0.228
12,20.0,3,23,5.19,0.26
12,20.0,4,0,5.46,0.273
12,20.0,4,1,5.39,0.269
12,20.0,4,2,5.41,0.27
12,20.0,4,3,5.48,0.274
12,20.0,4,4,5.28,0.264
12,20.0,4,5,4.98,0.249
12,20.0,4,6,5.55,0.277
12,20.0,4,7,4.48,0.224
12,20.0,4,8,2.4,0.12
12,20.0,4,9,2.47,0.124
12,20.0,4,10,1.83,0.092
12,20.0,4,11,1.38,0.069
12,20.0,4,12,2.49,0.125
12,20.0,4,13,2.64,0.132
12,20.0,4,14,2.05,0.102
12,20.0,4,15,3.29,0.164
12,20.0,4,16,3.93,0.196
12,20.0,4,17,4.59,0.229
12,20.0,4,18,4.41,0.22
12,20.0,4,19,4.22,0.211
12,20.0,4,20,4.81,0.24
12,20.0,4,21,4.13,0.206
12,20.0,4,22,4.11,0.206
12,20.0,4,23,3.63,0.182
12,20.0,5,0,3.92,0.196
12,20.0,5,1,3.9,0.195
12,20.0,5,2,3.97,0.198
12,20.0,5,3,3.98,0.199
12,20.0,5,4,3.84,0.192
12,20.0,5,5,3.16,0.158
12,20.0,5,6,2.76,0.138
12,20.0,5,7,2.2,0.11
12,20.0,5,8,2.17,0.108
12,20.0,5,9,2.16,0.108
12,20.0,5,10,1.81,0.09
12,20.0,5,11,3.34,0.167
12,20.0,5,12,3.66,0.183
12,20.0,5,13,2.42,0.121
12,20.0,5,14,1.93,0.096
12,20.0,5,15,1.22,0.061
12,20.0,5,16,0.72,0.036
12,20.0,5,17,1.22,0.061
12,20.0,5,18,0.99,0.05
12,20.0,5,19,0.97,0.048
12,20.0,5,20,0.95,0.048
12,20.0,5,21,0.71,0.036
12,20.0,5,22,1.4,0.07
12,20.0,5,23,2.2,0.11
12,20.0,6,0,2.54,0.127
12,20.0,6,1,2.6,0.13
12,20.0,6,2,2.53,0.126
12,20.0,6,3,2.55,0.128
12,20.0,6,4,2.43,0.122
12,20.0,6,5,2.24,0.112
12,20.0,6,6,1.84,0.092
12,20.0,6,7,1.59,0.08
12,20.0,6,8,1.04,0.052
12,20.0,6,9,0.95,0.048
12,20.0,6,10,0.62,0.031
12,20.0,6,11,1.43,0.072
12,20.0,6,12,1.92,0.096
12,20.0,6,13,1.95,0.098
12,20.0,6,14,1.9,0.095
12,20.0,6,15,1.18,0.059
12,20.0,6,16,1.13,0.056
12,20.0,6,17,1.06,0.053
12,20.0,6,18,0.83,0.041
12,20.0,6,19,0.56,0.028
12,20.0,6,20,0.64,0.032
12,20.0,6,21,1.17,0.058
12,20.0,6,22,1.66,0.083
12,20.0,6,23,1.99,0.1
13,30.0,0,0,6.97,0.232
13,30.0,0,1,6.95,0.232
13,30.0,0,2,7.07,0.236
13,30.0,0,3,7.05,0.235
13,30.0,0,4,7.06,0.235
13,30.0,0,5,6.8,0.227
13,30.0,0,6,7.34,0.245
13,30.0,0,7,9.56,0.319
13,30.0,0,8,13.44,0.448
13,30.0,0,9,14.33,0.478
13,30.0,0,10,14.2,0.473
13,30.0,0,11,14.28,0.476
13,30.0,0,12,13.43,0.448
13,30.0,0,13,13.26,0.442
13,30.0,0,14,13.57,0.452
13,30.0,0,15,11.67,0.389
13,30.0,0,16,8.83,0.294
13,30.0,0,17,6.24,0.208
13,30.0,0,18,6.16,0.205
13,30.0,0,19,5.31,0.177
13,30.0,0,20,4.99,0.166
13,30.0,0,21,4.52,0.151
13,30.0,0,22,4.45,0.148
13,30.0,0,23,4.47,0.149
13,30.0,1,0,4.31,0.144
13,30.0,1,1,4.4,0.147
13,30.0,1,2,4.29,0.143
13,30.0,1,3,4.3,0.143
13,30.0,1,4,4.45,0.148
13,30.0,1,5,4.25,0.142
13,30.0,1,6,4.6,0.153
13,30.0,1,7,8.31,0.277
13,30.0,1,8,14.16,0.472
13,30.0,1,9,15.07,0.502
13,30.0,1,10,15.41,0.514
13,30.0,1,11,14.82,0.494
13,30.0,1,12,13.92,0.464
13,30.0,1,13,14.5,0.483
13,30.0,1,14,15.11,0.504
13,30.0,1,15,12.64,0.421
13,30.0,1,16,7.81,0.26
13,30.0,1,17,4.74,0.158
13,30.0,1,18,3.11,0.104
13,30.0,1,19,2.71,0.09
13,30.0,1,20,2.64,0.088
13,30.0,1,21,2.36,0.079
13,30.0,1,22,2.03,0.068
13,30.0,1,23,1.92,0.064
13,30.0,2,0,1.71,0.057
13,30.0,2,1,1.6,0.053
13,30.0,2,2,1.65,0.055
13,30.0,2,3,1.58,0.053
13,30.0,2,4,1.58,0.053
13,30.0,2,5,1.79,0.06
13,30.0,2,6,2.53,0.084
13,30.0,2,7,5.91,0.197
13,30.0,2,8,11.67,0.389
13,30.0,2,9,13.06,0.435
13,30.0,2,10,13.5,0.45
13,30.0,2,11,13.43,0.448
13,30.0,2,12,12.82,0.427
13,30.0,2,13,13.28,0.443
13,30.0,2,14,11.52,0.384
13,30.0,2,15,9.84,0.328
13,30.0,2,16,4.83,0.161
13,30.0,2,17,1.72,0.057
13,30.0,2,18,1.31,0.044
13,30.0,2,19,1.02,0.034
13,30.0,2,20,1.35,0.045
13,30.0,2,21,0.73,0.024
13,30.0,2,22,0.51,0.017
13,30.0,2,23,0.46,0.015
13,30.0,3,0,0.46,0.015
13,30.0,3,1,0.5,0.017
13,30.0,3,2,0.44,0.015
13,30.0,3,3,0.43,0.014
13,30.0,3,4,0.44,0.015
13,30.0,3,5,0.6,0.02
13,30.0,3,6,1.75,0.058
13,30.0,3,7,5.76,0.192
13,30.0,3,8,11.3,0.377
13,30.0,3,9,12.36,0.412
13,30.0,3,10,12.79,0.426
13,30.0,3,11,12.23,0.408
13,30.0,3,12,12.06,0.402
13,30.0,3,13,12.57,0.419
13,30.0,3,14,11.81,0.394
13,30.0,3,15,10.12,0.337
13,30.0,3,16,5.29,0.176
13,30.0,3,17,2.7,0.09
13,30.0,3,18,2.87,0.096
13,30.0,3,19,2.78,0.093
13,30.0,3,20,2.23,0.074
13,30.0,3,21,1.58,0.053
13,30.0,3,22,0.66,0.022
13,30.0,3,23,0.55,0.018
13,30.0,4,0,0.66,0.022
13,30.0,4,1,0.63,0.021
13,30.0,4,2,0.68,0.023
13,30.0,4,3,0.66,0.022
13,30.0,4,4,0.64,0.021
13,30.0,4,5,0.73,0.024
13,30.0,4,6,1.41,0.047
13,30.0,4,7,3.94,0.131
13,30.0,4,8,6.65,0.222
13,30.0,4,9,6.97,0.232
13,30.0,4,10,8.02,0.267
13,30.0,4,11,7.8,0.26
13,30.0,4,12,6.92,0.231
13,30.0,4,13,6.84,0.228
13,30.0,4,14,6.69,0.223
13,30.0,4,15,6.14,0.205
13,30.0,4,16,5.34,0.178
13,30.0,4,17,3.95,0.132
13,30.0,4,18,4.12,0.137
13,30.0,4,19,4.34,0.145
13,30.0,4,20,4.03,0.134
13,30.0,4,21,3.54,0.118
13,30.0,4,22,3.31,0.11
13,30.0,4,23,3.23,0.108
13,30.0,5,0,3.22,0.107
13,30.0,5,1,3.15,0.105
13,30.0,5,2,3.3,0.11
13,30.0,5,3,3.3,0.11
13,30.0,5,4,3.19,0.106
13,30.0,5,5,3.03,0.101
13,30.0,5,6,3.23,0.108
13,30.0,5,7,4.17,0.139
13,30.0,5,8,4.79,0.16
13,30.0,5,9,4.46,0.149
13,30.0,5,10,4.7,0.157
13,30.0,5,11,5.34,0.178
13,30.0,5,12,5.46,0.182
13,30.0,5,13,5.5,0.183
13,30.0,5,14,5.31,0.177
13,30.0,5,15,5.04,0.168
13,30.0,5,16,4.36,0.145
13,30.0,5,17,3.99,0.133
13,30.0,5,18,4.0,0.133
13,30.0,5,19,4.65,0.155
13,30.0,5,20,5.13,0.171
13,30.0,5,21,5.09,0.17
13,30.0,5,22,5.13,0.171
13,30.0,5,23,5.12,0.171
13,30.0,6,0,5.04,0.168
13,30.0,6,1,4.95,0.165
13,30.0,6,2,4.94,0.165
13,30.0,6,3,5.05,0.168
13,30.0,6,4,4.88,0.163
13,30.0,6,5,4.56,0.152
13,30.0,6,6,4.62,0.154
13,30.0,6,7,5.01,0.167
13,30.0,6,8,4.96,0.165
13,30.0,6,9,4.7,0.157
13,30.0,6,10,4.89,0.163
13,30.0,6,11,4.87,0.162
13,30.0,6,12,5.31,0.177
13,30.0,6,13,4.9,0.163
13,30.0,6,14,5.02,0.167
13,30.0,6,15,5.13,0.171
13,30.0,6,16,5.64,0.188
13,30.0,6,17,6.06,0.202
13,30.0,6,18,5.82,0.194
13,30.0,6,19,6.03,0.201
13,30.0,6,20,5.96,0.199
13,30.0,6,21,5.97,0.199
13,30.0,6,22,6.1,0.203
13,30.0,6,23,6.31,0.21
14,30.0,0,0,24.31,0.81
14,30.0,0,1,24.37,0.812
14,30.0,0,2,24.32,0.811
14,30.0,0,3,24.21,0.807
14,30.0,0,4,22.89,0.763
14,30.0,0,5,17.6,0.587
14,30.0,0,6,17.98,0.599
14,30.0,0,7,18.87,0.629
14,30.0,0,8,22.75,0.758
14,30.0,0,9,22.39,0.746
14,30.0,0,10,22.5,0.75
14,30.0,0,11,20.14,0.671
14,30.0,0,12,20.69,0.69
14,30.0,0,13,21.54,0.718
14,30.0,0,14,21.56,0.719
14,30.0,0,15,23.76,0.792
14,30.0,0,16,25.05,0.835
14,30.0,0,17,24.86,0.829
14,30.0,0,18,25.96,0.865
14,30.0,0,19,24.74,0.825
14,30.0,0,20,23.06,0.769
14,30.0,0,21,20.54,0.685
14,30.0,0,22,19.46,0.649
14,30.0,0,23,19.45,0.648
14,30.0,1,0,19.32,0.644
14,30.0,1,1,19.27,0.642
14,30.0,1,2,19.36,0.645
14,30.0,1,3,19.02,0.634
14,30.0,1,4,19.61,0.654
14,30.0,1,5,14.58,0.486
14,30.0,1,6,12.6,0.42
14,30.0,1,7,15.78,0.526
14,30.0,1,8,21.17,0.706
14,30.0,1,9,22.17,0.739
14,30.0,1,10,22.59,0.753
14,30.0,1,11,18.4,0.613
14,30.0,1,12,19.0,0.633
14,30.0,1,13,15.43,0.514
14,30.0,1,14,13.8,0.46
14,30.0,1,15,15.44,0.515
14,30.0,1,16,14.24,0.475
14,30.0,1,17,14.48,0.483
14,30.0,1,18,16.64,0.555
14,30.0,1,19,14.8,0.493
14,30.0,1,20,12.62,0.421
14,30.0,1,21,10.25,0.342
14,30.0,1,22,8.72,0.291
14,30.0,1,23,7.32,0.244
14,30.0,2,0,8.06,0.269
14,30.0,2,1,8.03,0.268
14,30.0,2,2,8.34,0.278
14,30.0,2,3,7.73,0.258
14,30.0,2,4,7.98,0.266
14,30.0,2,5,8.76,0.292
14,30.0,2,6,9.41,0.314
14,30.0,2,7,13.12,0.437
14,30.0,2,8,20.44,0.681
14,30.0,2,9,21.33,0.711
14,30.0,2,10,20.2,0.673
14,30.0,2,11,18.59,0.62
14,30.0,2,12,20.14,0.671
14,30.0,2,13,19.91,0.664
14,30.0,2,14,18.59,0.62
14,30.0,2,15,19.28,0.643
14,30.0,2,16,18.13,0.604
14,30.0,2,17,18.91,0.63
14,30.0,2,18,20.37,0.679
14,30.0,2,19,19.69,0.656
14,30.0,2,20,19.04,0.635
14,30.0,2,21,16.92,0.564
14,30.0,2,22,13.37,0.446
14,30.0,2,23,11.29,0.376
14,30.0,3,0,11.3,0.377
14,30.0,3,1,11.32,0.377
14,30.0,3,2,11.35,0.378
14,30.0,3,3,11.25,0.375
14,30.0,3,4,11.69,0.39
14,30.0,3,5,7.27,0.242
14,30.0,3,6,6.37,0.212
14,30.0,3,7,14.93,0.498
14,30.0,3,8,22.29,0.743
14,30.0,3,9,22.55,0.752
14,30.0,3,10,21.01,0.7
14,30.0,3,11,18.8,0.627
14,30.0,3,12,19.29,0.643
14,30.0,3,13,17.81,0.594
14,30.0,3,14,17.71,0.59
14,30.0,3,15,18.97,0.632
14,30.0,3,16,16.45,0.548
14,30.0,3,17,18.99,0.633
14,30.0,3,18,22.94,0.765
14,30.0,3,19,21.99,0.733
14,30.0,3,20,21.24,0.708
14,30.0,3,21,19.15,0.638
14,30.0,3,22,15.27,0.509
14,30.0,3,23,11.62,0.387
14,30.0,4,0,11.74,0.391
14,30.0,4,1,11.75,0.392
14,30.0,4,2,11.99,0.4
14,30.0,4,3,11.42,0.381
14,30.0,4,4,11.06,0.369
14,30.0,4,5,6.89,0.23
14,30.0,4,6,6.85,0.228
14,30.0,4,7,10.55,0.352
14,30.0,4,8,16.04,0.535
14,30.0,4,9,18.61,0.62
14,30.0,4,10,20.27,0.676
14,30.0,4,11,21.01,0.7
14,30.0,4,12,20.07,0.669
14,30.0,4,13,22.32,0.744
14,30.0,4,14,23.73,0.791
14,30.0,4,15,25.3,0.843
14,30.0,4,16,27.19,0.906
14,30.0,4,17,26.84,0.895
14,30.0,4,18,27.52,0.917
14,30.0,4,19,27.65,0.922
14,30.0,4,20,26.95,0.898
14,30.0,4,21,25.74,0.858
14,30.0,4,22,23.44,0.781
14,30.0,4,23,21.09,0.703
14,30.0,5,0,21.25,0.708
14,30.0,5,1,21.58,0.719
14,30.0,5,2,21.32,0.711
14,30.0,5,3,21.53,0.718
14,30.0,5,4,22.06,0.735
14,30.0,5,5,24.06,0.802
14,30.0,5,6,21.27,0.709
14,30.0,5,7,19.13,0.638
14,30.0,5,8,19.48,0.649
14,30.0,5,9,20.81,0.694
14,30.0,5,10,22.14,0.738
14,30.0,5,11,22.96,0.765
14,30.0,5,12,25.04,0.835
14,30.0,5,13,25.74,0.858
14,30.0,5,14,28.74,0.958
14,30.0,5,15,26.3,0.877
14,30.0,5,16,25.2,0.84
14,30.0,5,17,26.43,0.881
14,30.0,5,18,27.17,0.906
14,30.0,5,19,27.72,0.924
14,30.0,5,20,28.16,0.939
14,30.0,5,21,27.74,0.925
14,30.0,5,22,27.0,0.9
14,30.0,5,23,23.46,0.782
14,30.0,6,0,23.1,0.77
14,30.0,6,1,23.45,0.782
14,30.0,6,2,23.43,0.781
14,30.0,6,3,23.27,0.776
14,30.0,6,4,22.83,0.761
14,30.0,6,5,25.21,0.84
14,30.0,6,6,25.97,0.866
14,30.0,6,7,25.74,0.858
14,30.0,6,8,26.97,0.899
14,30.0,6,9,21.98,0.733
14,30.0,6,10,23.38,0.779
14,30.0,6,11,24.48,0.816
14,30.0,6,12,26.76,0.892
14,30.0,6,13,27.22,0.907
14,30.0,6,14,26.24,0.875
14,30.0,6,15,26.66,0.889
14,30.0,6,16,27.6,0.92
14,30.0,6,17,27.6,0.92
14,30.0,6,18,28.17,0.939
14,30.0,6,19,28.96,0.965
14,30.0,6,20,29.22,0.974
14,30.0,6,21,28.13,0.938
14,30.0,6,22,26.61,0.887
14,30.0,6,23,24.86,0.829
15,16.0,0,0,3.77,0.236
15,16.0,0,1,3.8,0.238
15,16.0,0,2,3.75,0.234
15,16.0,0,3,3.77,0.236
15,16.0,0,4,3.22,0.201
15,16.0,0,5,2.37,0.148
15,16.0,0,6,2.15,0.134
15,16.0,0,7,1.58,0.099
15,16.0,0,8,0.59,0.037
15,16.0,0,9,0.13,0.008
15,16.0,0,10,0.18,0.011
15,16.0,0,11,0.54,0.034
15,16.0,0,12,0.32,0.02
15,16.0,0,13,0.26,0.016
15,16.0,0,14,0.59,0.037
15,16.0,0,15,1.18,0.074
15,16.0,0,16,0.49,0.031
15,16.0,0,17,1.88,0.118
15,16.0,0,18,2.25,0.141
15,16.0,0,19,3.06,0.191
15,16.0,0,20,3.16,0.198
15,16.0,0,21,3.29,0.206
15,16.0,0,22,3.56,0.222
15,16.0,0,23,3.98,0.249
15,16.0,1,0,4.15,0.259
15,16.0,1,1,4.07,0.254
15,16.0,1,2,4.23,0.264
15,16.0,1,3,4.23,0.264
15,16.0,1,4,3.24,0.202
15,16.0,1,5,2.18,0.136
15,16.0,1,6,1.77,0.111
15,16.0,1,7,1.46,0.091
15,16.0,1,8,0.59,0.037
15,16.0,1,9,0.3,0.019
15,16.0,1,10,0.14,0.009
15,16.0,1,11,0.6,0.038
15,16.0,1,12,0.47,0.029
15,16.0,1,13,0.93,0.058
15,16.0,1,14,0.52,0.032
15,16.0,1,15,0.58,0.036
15,16.0,1,16,0.7,0.044
15,16.0,1,17,2.39,0.149
15,16.0,1,18,2.8,0.175
15,16.0,1,19,3.79,0.237
15,16.0,1,20,4.92,0.308
15,16.0,1,21,5.45,0.341
15,16.0,1,22,5.82,0.364
15,16.0,1,23,5.79,0.362
15,16.0,2,0,5.86,0.366
15,16.0,2,1,5.91,0.369
15,16.0,2,2,5.91,0.369
15,16.0,2,3,5.92,0.37
15,16.0,2,4,5.28,0.33
15,16.0,2,5,3.34,0.209
15,16.0,2,6,2.32,0.145
15,16.0,2,7,2.58,0.161
15,16.0,2,8,2.73,0.171
15,16.0,2,9,2.05,0.128
15,16.0,2,10,1.63,0.102
15,16.0,2,11,1.25,0.078
15,16.0,2,12,2.45,0.153
15,16.0,2,13,2.85,0.178
15,16.0,2,14,3.01,0.188
15,16.0,2,15,1.67,0.104
15,16.0,2,16,0.88,0.055
15,16.0,2,17,1.59,0.099
15,16.0,2,18,1.52,0.095
15,16.0,2,19,2.63,0.164
15,16.0,2,20,4.32,0.27
15,16.0,2,21,5.54,0.346
15,16.0,2,22,5.58,0.349
15,16.0,2,23,6.23,0.389
15,16.0,3,0,6.37,0.398
15,16.0,3,1,6.51,0.407
15,16.0,3,2,6.32,0.395
15,16.0,3,3,6.47,0.404
15,16.0,3,4,5.7,0.356
15,16.0,3,5,3.98,0.249
15,16.0,3,6,3.43,0.214
15,16.0,3,7,3.09,0.193
15,16.0,3,8,2.63,0.164
15,16.0,3,9,2.36,0.148
15,16.0,3,10,1.59,0.099
15,16.0,3,11,1.48,0.092
15,16.0,3,12,1.84,0.115
15,16.0,3,13,2.25,0.141
15,16.0,3,14,2.17,0.136
15,16.0,3,15,1.92,0.12
15,16.0,3,16,1.46,0.091
15,16.0,3,17,2.92,0.182
15,16.0,3,18,2.74,0.171
15,16.0,3,19,3.35,0.209
15,16.0,3,20,4.27,0.267
15,16.0,3,21,5.34,0.334
15,16.0,3,22,5.79,0.362
15,16.0,3,23,5.92,0.37
15,16.0,4,0,6.06,0.379
15,16.0,4,1,6.28,0.392
15,16.0,4,2,6.16,0.385
15,16.0,4,3,6.37,0.398
15,16.0,4,4,5.65,0.353
15,16.0,4,5,3.75,0.234
15,16.0,4,6,3.25,0.203
15,16.0,4,7,3.56,0.222
15,16.0,4,8,4.72,0.295
15,16.0,4,9,4.24,0.265
15,16.0,4,10,3.61,0.226
15,16.0,4,11,3.54,0.221
15,16.0,4,12,3.61,0.226
15,16.0,4,13,3.66,0.229
15,16.0,4,14,4.36,0.272
15,16.0,4,15,2.99,0.187
15,16.0,4,16,2.03,0.127
15,16.0,4,17,2.72,0.17
15,16.0,4,18,3.13,0.196
15,16.0,4,19,3.62,0.226
15,16.0,4,20,4.49,0.281
15,16.0,4,21,4.99,0.312
15,16.0,4,22,5.69,0.356
15,16.0,4,23,6.33,0.396
15,16.0,5,0,6.36,0.398
15,16.0,5,1,6.33,0.396
15,16.0,5,2,6.4,0.4
15,16.0,5,3,6.51,0.407
15,16.0,5,4,6.48,0.405
15,16.0,5,5,6.28,0.392
15,16.0,5,6,5.72,0.358
15,16.0,5,7,4.31,0.269
15,16.0,5,8,3.33,0.208
15,16.0,5,9,2.52,0.158
15,16.0,5,10,1.98,0.124
15,16.0,5,11,1.79,0.112
15,16.0,5,12,2.0,0.125
15,16.0,5,13,2.41,0.151
15,16.0,5,14,1.84,0.115
15,16.0,5,15,0.73,0.046
15,16.0,5,16,1.1,0.069
15,16.0,5,17,2.09,0.131
15,16.0,5,18,2.2,0.138
15,16.0,5,19,2.31,0.144
15,16.0,5,20,2.1,0.131
15,16.0,5,21,2.14,0.134
15,16.0,5,22,2.59,0.162
15,16.0,5,23,3.39,0.212
15,16.0,6,0,3.61,0.226
15,16.0,6,1,3.79,0.237
15,16.0,6,2,3.74,0.234
15,16.0,6,3,3.89,0.243
15,16.0,6,4,3.63,0.227
15,16.0,6,5,3.32,0.208
15,16.0,6,6,2.72,0.17
15,16.0,6,7,2.17,0.136
15,16.0,6,8,1.53,0.096
15,16.0,6,9,0.68,0.042
15,16.0,6,10,0.1,0.006
15,16.0,6,11,0.47,0.029
15,16.0,6,12,0.6,0.038
15,16.0,6,13,0.72,0.045
15,16.0,6,14,0.53,0.033
15,16.0,6,15,0.61,0.038
15,16.0,6,16,0.94,0.059
15,16.0,6,17,0.88,0.055
15,16.0,6,18,0.71,0.044
15,16.0,6,19,0.98,0.061
15,16.0,6,20,1.29,0.081
15,16.0,6,21,2.13,0.133
15,16.0,6,22,3.03,0.189
15,16.0,6,23,3.37,0.211
16,20.0,0,0,5.79,0.29
16,20.0,0,1,5.93,0.296
16,20.0,0,2,5.82,0.291
16,20.0,0,3,6.06,0.303
16,20.0,0,4,5.75,0.288
16,20.0,0,5,6.43,0.322
16,20.0,0,6,8.07,0.404
16,20.0,0,7,7.39,0.37
16,20.0,0,8,7.22,0.361
16,20.0,0,9,7.14,0.357
16,20.0,0,10,6.23,0.312
16,20.0,0,11,7.07,0.354
16,20.0,0,12,8.78,0.439
16,20.0,0,13,9.33,0.466
16,20.0,0,14,10.73,0.536
16,20.0,0,15,12.87,0.644
16,20.0,0,16,13.51,0.676
16,20.0,0,17,13.95,0.698
16,20.0,0,18,14.5,0.725
16,20.0,0,19,12.96,0.648
16,20.0,0,20,12.1,0.605
16,20.0,0,21,11.92,0.596
16,20.0,0,22,11.88,0.594
16,20.0,0,23,11.05,0.552
16,20.0,1,0,11.05,0.552
16,20.0,1,1,10.8,0.54
16,20.0,1,2,10.98,0.549
16,20.0,1,3,10.78,0.539
16,20.0,1,4,10.27,0.514
16,20.0,1,5,10.77,0.538
16,20.0,1,6,10.87,0.544
16,20.0,1,7,8.11,0.406
16,20.0,1,8,7.3,0.365
16,20.0,1,9,6.15,0.308
16,20.0,1,10,5.79,0.29
16,20.0,1,11,4.23,0.212
16,20.0,1,12,4.5,0.225
16,20.0,1,13,5.39,0.269
16,20.0,1,14,7.78,0.389
16,20.0,1,15,13.84,0.692
16,20.0,1,16,17.62,0.881
16,20.0,1,17,16.26,0.813
16,20.0,1,18,14.64,0.732
16,20.0,1,19,14.56,0.728
16,20.0,1,20,13.32,0.666
16,20.0,1,21,13.31,0.666
16,20.0,1,22,12.05,0.602
16,20.0,1,23,11.63,0.582
16,20.0,2,0,10.98,0.549
16,20.0,2,1,10.99,0.55
16,20.0,2,2,10.97,0.548
16,20.0,2,3,10.95,0.548
16,20.0,2,4,10.62,0.531
16,20.0,2,5,11.1,0.555
16,20.0,2,6,9.7,0.485
16,20.0,2,7,6.9,0.345
16,20.0,2,8,6.88,0.344
16,20.0,2,9,6.66,0.333
16,20.0,2,10,6.85,0.342
16,20.0,2,11,5.86,0.293
16,20.0,2,12,6.14,0.307
16,20.0,2,13,7.53,0.376
16,20.0,2,14,8.82,0.441
16,20.0,2,15,12.26,0.613
16,20.0,2,16,15.84,0.792
16,20.0,2,17,14.99,0.75
16,20.0,2,18,12.12,0.606
16,20.0,2,19,11.79,0.589
16,20.0,2,20,12.19,0.609
16,20.0,2,21,11.77,0.588
16,20.0,2,22,10.62,0.531
16,20.0,2,23,10.57,0.528
16,20.0,3,0,10.43,0.522
16,20.0,3,1,10.08,0.504
16,20.0,3,2,10.49,0.524
16,20.0,3,3,10.53,0.526
16,20.0,3,4,9.54,0.477
16,20.0,3,5,9.16,0.458
16,20.0,3,6,8.89,0.444
16,20.0,3,7,7.08,0.354
16,20.0,3,8,6.01,0.3
16,20.0,3,9,6.34,0.317
16,20.0,3,10,6.19,0.31
16,20.0,3,11,6.28,0.314
16,20.0,3,12,6.76,0.338
16,20.0,3,13,7.15,0.358
16,20.0,3,14,8.84,0.442
16,20.0,3,15,13.03,0.652
16,20.0,3,16,13.69,0.684
16,20.0,3,17,13.46,0.673
16,20.0,3,18,12.69,0.634
16,20.0,3,19,12.57,0.629
16,20.0,3,20,11.58,0.579
16,20.0,3,21,11.91,0.596
16,20.0,3,22,11.87,0.593
16,20.0,3,23,11.68,0.584
16,20.0,4,0,11.52,0.576
16,20.0,4,1,11.74,0.587
16,20.0,4,2,11.34,0.567
16,20.0,4,3,11.61,0.58
16,20.0,4,4,11.48,0.574
16,20.0,4,5,10.92,0.546
16,20.0,4,6,10.72,0.536
16,20.0,4,7,10.34,0.517
16,20.0,4,8,10.04,0.502
16,20.0,4,9,10.01,0.5
16,20.0,4,10,8.71,0.436
16,20.0,4,11,7.06,0.353
16,20.0,4,12,8.42,0.421
16,20.0,4,13,10.55,0.528
16,20.0,4,14,11.4,0.57
16,20.0,4,15,12.71,0.636
16,20.0,4,16,13.5,0.675
16,20.0,4,17,13.83,0.692
16,20.0,4,18,13.96,0.698
16,20.0,4,19,13.07,0.654
16,20.0,4,20,13.56,0.678
16,20.0,4,21,14.85,0.742
16,20.0,4,22,13.91,0.696
16,20.0,4,23,13.11,0.656
16,20.0,5,0,13.6,0.68
16,20.0,5,1,13.4,0.67
16,20.0,5,2,13.44,0.672
16,20.0,5,3,13.52,0.676
16,20.0,5,4,13.61,0.68
16,20.0,5,5,13.24,0.662
16,20.0,5,6,13.61,0.68
16,20.0,5,7,14.09,0.704
16,20.0,5,8,15.89,0.794
16,20.0,5,9,15.9,0.795
16,20.0,5,10,15.18,0.759
16,20.0,5,11,15.54,0.777
16,20.0,5,12,16.43,0.822
16,20.0,5,13,17.47,0.874
16,20.0,5,14,16.07,0.804
16,20.0,5,15,15.78,0.789
16,20.0,5,16,15.63,0.782
16,20.0,5,17,15.67,0.784
16,20.0,5,18,14.84,0.742
16,20.0,5,19,15.01,0.75
16,20.0,5,20,15.24,0.762
16,20.0,5,21,15.88,0.794
16,20.0,5,22,15.38,0.769
16,20.0,5,23,14.26,0.713
16,20.0,6,0,14.14,0.707
16,20.0,6,1,14.03,0.702
16,20.0,6,2,14.03,0.702
16,20.0,6,3,13.98,0.699
16,20.0,6,4,13.99,0.7
16,20.0,6,5,14.35,0.718
16,20.0,6,6,15.23,0.762
16,20.0,6,7,15.35,0.768
16,20.0,6,8,15.25,0.762
16,20.0,6,9,16.04,0.802
16,20.0,6,10,16.45,0.822
16,20.0,6,11,17.6,0.88
16,20.0,6,12,17.16,0.858
16,20.0,6,13,16.72,0.836
16,20.0,6,14,16.6,0.83
16,20.0,6,15,16.06,0.803
16,20.0,6,16,13.73,0.686
16,20.0,6,17,12.92,0.646
16,20.0,6,18,12.31,0.616
16,20.0,6,19,11.23,0.562
16,20.0,6,20,9.91,0.496
16,20.0,6,21,8.83,0.442
16,20.0,6,22,8.07,0.404
16,20.0,6,23,7.58,0.379
17,20.0,0,0,10.74,0.537
17,20.0,0,1,10.67,0.534
17,20.0,0,2,10.67,0.534
17,20.0,0,3,10.8,0.54
17,20.0,0,4,10.74,0.537
17,20.0,0,5,10.89,0.544
17,20.0,0,6,11.29,0.564
17,20.0,0,7,12.68,0.634
17,20.0,0,8,12.46,0.623
17,20.0,0,9,12.91,0.646
17,20.0,0,10,13.11,0.656
17,20.0,0,11,12.14,0.607
17,20.0,0,12,12.5,0.625
17,20.0,0,13,13.37,0.668
17,20.0,0,14,13.92,0.696
17,20.0,0,15,13.5,0.675
17,20.0,0,16,10.89,0.544
17,20.0,0,17,10.4,0.52
17,20.0,0,18,8.86,0.443
17,20.0,0,19,7.98,0.399
17,20.0,0,20,7.61,0.38
17,20.0,0,21,6.72,0.336
17,20.0,0,22,6.86,0.343
17,20.0,0,23,7.51,0.376
17,20.0,1,0,7.21,0.36
17,20.0,1,1,7.31,0.366
17,20.0,1,2,7.26,0.363
17,20.0,1,3,7.37,0.368
17,20.0,1,4,7.34,0.367
17,20.0,1,5,7.45,0.372
17,20.0,1,6,8.41,0.42
17,20.0,1,7,9.84,0.492
17,20.0,1,8,10.18,0.509
17,20.0,1,9,11.64,0.582
17,20.0,1,10,11.55,0.578
17,20.0,1,11,10.84,0.542
17,20.0,1,12,10.64,0.532
17,20.0,1,13,10.48,0.524
17,20.0,1,14,10.24,0.512
17,20.0,1,15,9.24,0.462
17,20.0,1,16,7.53,0.376
17,20.0,1,17,7.07,0.354
17,20.0,1,18,5.98,0.299
17,20.0,1,19,6.01,0.3
17,20.0,1,20,5.35,0.267
17,20.0,1,21,4.71,0.236
17,20.0,1,22,5.24,0.262
17,20.0,1,23,6.0,0.3
17,20.0,2,0,5.46,0.273
17,20.0,2,1,5.35,0.267
17,20.0,2,2,5.34,0.267
17,20.0,2,3,5.35,0.267
17,20.0,2,4,5.06,0.253
17,20.0,2,5,4.92,0.246
17,20.0,2,6,5.55,0.277
17,20.0,2,7,8.15,0.408
17,20.0,2,8,7.32,0.366
17,20.0,2,9,8.04,0.402
17,20.0,2,10,8.49,0.424
17,20.0,2,11,7.6,0.38
17,20.0,2,12,7.7,0.385
17,20.0,2,13,6.62,0.331
17,20.0,2,14,5.33,0.266
17,20.0,2,15,4.84,0.242
17,20.0,2,16,4.61,0.23
17,20.0,2,17,4.0,0.2
17,20.0,2,18,2.65,0.132
17,20.0,2,19,2.1,0.105
17,20.0,2,20,0.99,0.05
17,20.0,2,21,0.32,0.016
17,20.0,2,22,0.36,0.018
17,20.0,2,23,0.92,0.046
17,20.0,3,0,0.93,0.046
17,20.0,3,1,0.88,0.044
17,20.0,3,2,0.9,0.045
17,20.0,3,3,0.9,0.045
17,20.0,3,4,0.72,0.036
17,20.0,3,5,1.06,0.053
17,20.0,3,6,2.02,0.101
17,20.0,3,7,4.81,0.24
17,20.0,3,8,4.86,0.243
17,20.0,3,9,5.45,0.272
17,20.0,3,10,5.53,0.276
17,20.0,3,11,5.36,0.268
17,20.0,3,12,5.81,0.29
17,20.0,3,13,5.33,0.266
17,20.0,3,14,4.67,0.233
17,20.0,3,15,3.88,0.194
17,20.0,3,16,3.45,0.173
17,20.0,3,17,2.58,0.129
17,20.0,3,18,1.68,0.084
17,20.0,3,19,1.32,0.066
17,20.0,3,20,0.92,0.046
17,20.0,3,21,1.15,0.057
17,20.0,3,22,1.49,0.074
17,20.0,3,23,1.82,0.091
17,20.0,4,0,1.88,0.094
17,20.0,4,1,1.97,0.098
17,20.0,4,2,1.96,0.098
17,20.0,4,3,1.86,0.093
17,20.0,4,4,1.89,0.094
17,20.0,4,5,2.17,0.108
17,20.0,4,6,3.36,0.168
17,20.0,4,7,5.44,0.272
17,20.0,4,8,5.21,0.26
17,20.0,4,9,5.52,0.276
17,20.0,4,10,6.54,0.327
17,20.0,4,11,6.49,0.324
17,20.0,4,12,7.03,0.352
17,20.0,4,13,7.36,0.368
17,20.0,4,14,6.35,0.318
17,20.0,4,15,5.27,0.263
17,20.0,4,16,5.49,0.274
17,20.0,4,17,5.06,0.253
17,20.0,4,18,3.72,0.186
17,20.0,4,19,3.23,0.162
17,20.0,4,20,3.55,0.178
17,20.0,4,21,3.9,0.195
17,20.0,4,22,4.93,0.246
17,20.0,4,23,5.01,0.25
17,20.0,5,0,5.35,0.267
17,20.0,5,1,5.33,0.266
17,20.0,5,2,5.3,0.265
17,20.0,5,3,5.27,0.263
17,20.0,5,4,5.57,0.278
17,20.0,5,5,6.19,0.31
17,20.0,5,6,7.22,0.361
17,20.0,5,7,7.62,0.381
17,20.0,5,8,9.12,0.456
17,20.0,5,9,10.76,0.538
17,20.0,5,10,11.89,0.594
17,20.0,5,11,12.34,0.617
17,20.0,5,12,12.79,0.64
17,20.0,5,13,13.0,0.65
17,20.0,5,14,11.81,0.59
17,20.0,5,15,12.81,0.641
17,20.0,5,16,13.52,0.676
17,20.0,5,17,12.79,0.64
17,20.0,5,18,13.42,0.671
17,20.0,5,19,13.9,0.695
17,20.0,5,20,13.61,0.68
17,20.0,5,21,13.5,0.675
17,20.0,5,22,13.5,0.675
17,20.0,5,23,13.33,0.666
17,20.0,6,0,13.27,0.664
17,20.0,6,1,13.32,0.666
17,20.0,6,2,13.24,0.662
17,20.0,6,3,13.15,0.658
17,20.0,6,4,13.11,0.656
17,20.0,6,5,13.59,0.68
17,20.0,6,6,13.99,0.7
17,20.0,6,7,13.83,0.692
17,20.0,6,8,13.82,0.691
17,20.0,6,9,14.23,0.712
17,20.0,6,10,14.33,0.716
17,20.0,6,11,13.94,0.697
17,20.0,6,12,13.54,0.677
17,20.0,6,13,14.16,0.708
17,20.0,6,14,14.27,0.714
17,20.0,6,15,14.26,0.713
17,20.0,6,16,12.5,0.625
17,20.0,6,17,12.31,0.616
17,20.0,6,18,11.05,0.552
17,20.0,6,19,10.66,0.533
17,20.0,6,20,10.68,0.534
17,20.0,6,21,9.78,0.489
17,20.0,6,22,10.31,0.516
17,20.0,6,23,10.65,0.532
18,30.0,0,0,10.69,0.356
18,30.0,0,1,10.66,0.355
18,30.0,0,2,10.61,0.354
18,30.0,0,3,10.94,0.365
18,30.0,0,4,10.87,0.362
18,30.0,0,5,9.66,0.322
18,30.0,0,6,8.93,0.298
18,30.0,0,7,5.96,0.199
18,30.0,0,8,5.47,0.182
18,30.0,0,9,6.25,0.208
18,30.0,0,10,5.82,0.194
18,30.0,0,11,7.09,0.236
18,30.0,0,12,6.41,0.214
18,30.0,0,13,6.16,0.205
18,30.0,0,14,5.24,0.175
18,30.0,0,15,5.12,0.171
18,30.0,0,16,5.68,0.189
18,30.0,0,17,6.54,0.218
18,30.0,0,18,7.51,0.25
18,30.0,0,19,7.49,0.25
18,30.0,0,20,8.74,0.291
18,30.0,0,21,10.11,0.337
18,30.0,0,22,10.91,0.364
18,30.0,0,23,10.53,0.351
18,30.0,1,0,10.65,0.355
18,30.0,1,1,10.53,0.351
18,30.0,1,2,10.6,0.353
18,30.0,1,3,10.62,0.354
18,30.0,1,4,10.62,0.354
18,30.0,1,5,8.98,0.299
18,30.0,1,6,10.68,0.356
18,30.0,1,7,11.09,0.37
18,30.0,1,8,8.93,0.298
18,30.0,1,9,9.81,0.327
18,30.0,1,10,9.54,0.318
18,30.0,1,11,8.15,0.272
18,30.0,1,12,7.18,0.239
18,30.0,1,13,6.83,0.228
18,30.0,1,14,6.6,0.22
18,30.0,1,15,3.27,0.109
18,30.0,1,16,4.09,0.136
18,30.0,1,17,6.41,0.214
18,30.0,1,18,8.48,0.283
18,30.0,1,19,9.02,0.301
18,30.0,1,20,10.07,0.336
18,30.0,1,21,11.2,0.373
18,30.0,1,22,11.93,0.398
18,30.0,1,23,12.03,0.401
18,30.0,2,0,12.98,0.433
18,30.0,2,1,12.97,0.432
18,30.0,2,2,12.93,0.431
18,30.0,2,3,12.91,0.43
18,30.0,2,4,14.29,0.476
18,30.0,2,5,13.38,0.446
18,30.0,2,6,12.97,0.432
18,30.0,2,7,12.45,0.415
18,30.0,2,8,7.81,0.26
18,30.0,2,9,5.21,0.174
18,30.0,2,10,5.21,0.174
18,30.0,2,11,5.32,0.177
18,30.0,2,12,5.2,0.173
18,30.0,2,13,5.27,0.176
18,30.0,2,14,5.17,0.172
18,30.0,2,15,3.95,0.132
18,30.0,2,16,3.24,0.108
18,30.0,2,17,5.2,0.173
18,30.0,2,18,8.85,0.295
18,30.0,2,19,10.7,0.357
18,30.0,2,20,11.29,0.376
18,30.0,2,21,10.4,0.347
18,30.0,2,22,10.08,0.336
18,30.0,2,23,10.47,0.349
18,30.0,3,0,10.31,0.344
18,30.0,3,1,10.38,0.346
18,30.0,3,2,10.5,0.35
18,30.0,3,3,10.13,0.338
18,30.0,3,4,10.99,0.366
18,30.0,3,5,9.85,0.328
18,30.0,3,6,9.31,0.31
18,30.0,3,7,7.22,0.241
18,30.0,3,8,3.85,0.128
18,30.0,3,9,3.85,0.128
18,30.0,3,10,4.25,0.142
18,30.0,3,11,4.85,0.162
18,30.0,3,12,4.44,0.148
18,30.0,3,13,5.32,0.177
18,30.0,3,14,6.7,0.223
18,30.0,3,15,3.21,0.107
18,30.0,3,16,4.2,0.14
18,30.0,3,17,5.29,0.176
18,30.0,3,18,4.52,0.151
18,30.0,3,19,5.81,0.194
18,30.0,3,20,7.14,0.238
18,30.0,3,21,7.31,0.244
18,30.0,3,22,7.34,0.245
18,30.0,3,23,8.35,0.278
18,30.0,4,0,8.43,0.281
18,30.0,4,1,8.5,0.283
18,30.0,4,2,8.3,0.277
18,30.0,4,3,8.35,0.278
18,30.0,4,4,8.73,0.291
18,30.0,4,5,7.59,0.253
18,30.0,4,6,8.33,0.278
18,30.0,4,7,6.1,0.203
18,30.0,4,8,4.33,0.144
18,30.0,4,9,3.94,0.131
18,30.0,4,10,4.29,0.143
18,30.0,4,11,4.68,0.156
18,30.0,4,12,4.31,0.144
18,30.0,4,13,3.56,0.119
18,30.0,4,14,4.32,0.144
18,30.0,4,15,3.69,0.123
18,30.0,4,16,5.0,0.167
18,30.0,4,17,6.51,0.217
18,30.0,4,18,6.85,0.228
18,30.0,4,19,8.29,0.276
18,30.0,4,20,8.9,0.297
18,30.0,4,21,9.69,0.323
18,30.0,4,22,9.53,0.318
18,30.0,4,23,9.43,0.314
18,30.0,5,0,9.9,0.33
18,30.0,5,1,10.16,0.339
18,30.0,5,2,10.12,0.337
18,30.0,5,3,10.0,0.333
18,30.0,5,4,9.64,0.321
18,30.0,5,5,8.7,0.29
18,30.0,5,6,8.01,0.267
18,30.0,5,7,8.1,0.27
18,30.0,5,8,8.29,0.276
18,30.0,5,9,8.45,0.282
18,30.0,5,10,8.42,0.281
18,30.0,5,11,7.42,0.247
18,30.0,5,12,7.2,0.24
18,30.0,5,13,7.39,0.246
18,30.0,5,14,7.81,0.26
18,30.0,5,15,8.09,0.27
18,30.0,5,16,7.54,0.251
18,30.0,5,17,6.25,0.208
18,30.0,5,18,6.47,0.216
18,30.0,5,19,8.02,0.267
18,30.0,5,20,9.99,0.333
18,30.0,5,21,10.44,0.348
18,30.0,5,22,10.98,0.366
18,30.0,5,23,10.26,0.342
18,30.0,6,0,10.56,0.352
18,30.0,6,1,9.97,0.332
18,30.0,6,2,9.97,0.332
18,30.0,6,3,10.04,0.335
18,30.0,6,4,9.76,0.325
18,30.0,6,5,8.93,0.298
18,30.0,6,6,8.99,0.3
18,30.0,6,7,8.68,0.289
18,30.0,6,8,9.85,0.328
18,30.0,6,9,10.88,0.363
18,30.0,6,10,11.22,0.374
18,30.0,6,11,9.24,0.308
18,30.0,6,12,8.97,0.299
18,30.0,6,13,8.78,0.293
18,30.0,6,14,8.34,0.278
18,30.0,6,15,8.21,0.274
18,30.0,6,16,8.76,0.292
18,30.0,6,17,8.66,0.289
18,30.0,6,18,8.92,0.297
18,30.0,6,19,10.02,0.334
18,30.0,6,20,12.01,0.4
18,30.0,6,21,13.17,0.439
18,30.0,6,22,13.22,0.441
18,30.0,6,23,13.04,0.435
19,30.0,0,0,4.74,0.158
19,30.0,0,1,4.51,0.15
19,30.0,0,2,4.64,0.155
19,30.0,0,3,4.7,0.157
19,30.0,0,4,5.13,0.171
19,30.0,0,5,6.15,0.205
19,30.0,0,6,10.09,0.336
19,30.0,0,7,16.95,0.565
19,30.0,0,8,22.11,0.737
19,30.0,0,9,23.06,0.769
19,30.0,0,10,23.33,0.778
19,30.0,0,11,22.31,0.744
19,30.0,0,12,22.71,0.757
19,30.0,0,13,21.96,0.732
19,30.0,0,14,20.43,0.681
19,30.0,0,15,15.54,0.518
19,30.0,0,16,7.06,0.235
19,30.0,0,17,4.11,0.137
19,30.0,0,18,4.62,0.154
19,30.0,0,19,4.91,0.164
19,30.0,0,20,4.46,0.149
19,30.0,0,21,3.99,0.133
19,30.0,0,22,3.09,0.103
19,30.0,0,23,3.28,0.109
19,30.0,1,0,3.27,0.109
19,30.0,1,1,3.23,0.108
19,30.0,1,2,3.1,0.103
19,30.0,1,3,3.25,0.108
19,30.0,1,4,3.36,0.112
19,30.0,1,5,4.26,0.142
19,30.0,1,6,7.48,0.249
19,30.0,1,7,17.48,0.583
19,30.0,1,8,24.73,0.824
19,30.0,1,9,26.92,0.897
19,30.0,1,10,26.77,0.892
19,30.0,1,11,25.91,0.864
19,30.0,1,12,26.01,0.867
19,30.0,1,13,23.24,0.775
19,30.0,1,14,20.73,0.691
19,30.0,1,15,12.55,0.418
19,30.0,1,16,1.89,0.063
19,30.0,1,17,1.29,0.043
19,30.0,1,18,2.14,0.071
19,30.0,1,19,2.77,0.092
19,30.0,1,20,3.36,0.112
19,30.0,1,21,2.53,0.084
19,30.0,1,22,1.95,0.065
19,30.0,1,23,1.82,0.061
19,30.0,2,0,1.66,0.055
19,30.0,2,1,1.6,0.053
19,30.0,2,2,1.63,0.054
19,30.0,2,3,1.6,0.053
19,30.0,2,4,1.5,0.05
19,30.0,2,5,1.92,0.064
19,30.0,2,6,5.21,0.174
19,30.0,2,7,16.52,0.551
19,30.0,2,8,25.73,0.858
19,30.0,2,9,27.74,0.925
19,30.0,2,10,28.85,0.962
19,30.0,2,11,27.64,0.921
19,30.0,2,12,26.92,0.897
19,30.0,2,13,26.48,0.883
19,30.0,2,14,23.69,0.79
19,30.0,2,15,15.82,0.527
19,30.0,2,16,3.47,0.116
19,30.0,2,17,0.83,0.028
19,30.0,2,18,1.07,0.036
19,30.0,2,19,2.35,0.078
19,30.0,2,20,2.24,0.075
19,30.0,2,21,1.17,0.039
19,30.0,2,22,0.82,0.027
19,30.0,2,23,1.83,0.061
19,30.0,3,0,1.88,0.063
19,30.0,3,1,1.92,0.064
19,30.0,3,2,1.85,0.062
19,30.0,3,3,1.9,0.063
19,30.0,3,4,1.77,0.059
19,30.0,3,5,2.39,0.08
19,30.0,3,6,6.07,0.202
19,30.0,3,7,17.31,0.577
19,30.0,3,8,25.01,0.834
19,30.0,3,9,26.8,0.893
19,30.0,3,10,27.32,0.911
19,30.0,3,11,26.48,0.883
19,30.0,3,12,26.75,0.892
19,30.0,3,13,26.11,0.87
19,30.0,3,14,24.59,0.82
19,30.0,3,15,17.41,0.58
19,30.0,3,16,6.12,0.204
19,30.0,3,17,2.58,0.086
19,30.0,3,18,2.09,0.07
19,30.0,3,19,1.89,0.063
19,30.0,3,20,1.62,0.054
19,30.0,3,21,1.71,0.057
19,30.0,3,22,1.23,0.041
19,30.0,3,23,0.48,0.016
19,30.0,4,0,0.55,0.018
19,30.0,4,1,0.55,0.018
19,30.0,4,2,0.55,0.018
19,30.0,4,3,0.54,0.018
19,30.0,4,4,0.56,0.019
19,30.0,4,5,1.03,0.034
19,30.0,4,6,3.97,0.132
19,30.0,4,7,11.3,0.377
19,30.0,4,8,20.87,0.696
19,30.0,4,9,25.1,0.837
19,30.0,4,10,26.28,0.876
19,30.0,4,11,26.19,0.873
19,30.0,4,12,22.82,0.761
19,30.0,4,13,21.06,0.702
19,30.0,4,14,19.62,0.654
19,30.0,4,15,12.82,0.427
19,30.0,4,16,7.03,0.234
19,30.0,4,17,3.79,0.126
19,30.0,4,18,3.1,0.103
19,30.0,4,19,3.32,0.111
19,30.0,4,20,3.69,0.123
19,30.0,4,21,2.55,0.085
19,30.0,4,22,1.94,0.065
19,30.0,4,23,1.46,0.049
19,30.0,5,0,1.7,0.057
19,30.0,5,1,1.74,0.058
19,30.0,5,2,1.79,0.06
19,30.0,5,3,1.8,0.06
19,30.0,5,4,2.14,0.071
19,30.0,5,5,2.48,0.083
19,30.0,5,6,3.93,0.131
19,30.0,5,7,4.27,0.142
19,30.0,5,8,5.17,0.172
19,30.0,5,9,6.4,0.213
19,30.0,5,10,8.06,0.269
19,30.0,5,11,7.24,0.241
19,30.0,5,12,7.03,0.234
19,30.0,5,13,6.72,0.224
19,30.0,5,14,7.12,0.237
19,30.0,5,15,5.86,0.195
19,30.0,5,16,5.78,0.193
19,30.0,5,17,3.17,0.106
19,30.0,5,18,4.41,0.147
19,30.0,5,19,5.28,0.176
19,30.0,5,20,4.62,0.154
19,30.0,5,21,4.56,0.152
19,30.0,5,22,3.18,0.106
19,30.0,5,23,3.24,0.108
19,30.0,6,0,3.45,0.115
19,30.0,6,1,3.54,0.118
19,30.0,6,2,3.42,0.114
19,30.0,6,3,3.42,0.114
19,30.0,6,4,3.61,0.12
19,30.0,6,5,4.43,0.148
19,30.0,6,6,4.89,0.163
19,30.0,6,7,4.68,0.156
19,30.0,6,8,5.06,0.169
19,30.0,6,9,5.43,0.181
19,30.0,6,10,5.78,0.193
19,30.0,6,11,6.62,0.221
19,30.0,6,12,6.53,0.218
19,30.0,6,13,6.66,0.222
19,30.0,6,14,6.2,0.207
19,30.0,6,15,5.23,0.174
19,30.0,6,16,5.29,0.176
19,30.0,6,17,5.39,0.18
19,30.0,6,18,6.16,0.205
19,30.0,6,19,5.87,0.196
19,30.0,6,20,5.09,0.17
19,30.0,6,21,3.94,0.131
19,30.0,6,22,3.78,0.126
19,30.0,6,23,4.12,0.137
2,20.0,0,0,6.36,0.318
2,20.0,0,1,6.29,0.314
2,20.0,0,2,6.42,0.321
2,20.0,0,3,6.23,0.312
2,20.0,0,4,5.79,0.29
2,20.0,0,5,3.51,0.176
2,20.0,0,6,1.95,0.098
2,20.0,0,7,1.31,0.066
2,20.0,0,8,1.08,0.054
2,20.0,0,9,0.8,0.04
2,20.0,0,10,1.11,0.056
2,20.0,0,11,2.42,0.121
2,20.0,0,12,2.69,0.134
2,20.0,0,13,2.0,0.1
2,20.0,0,14,2.48,0.124
2,20.0,0,15,1.53,0.076
2,20.0,0,16,1.18,0.059
2,20.0,0,17,2.19,0.11
2,20.0,0,18,3.82,0.191
2,20.0,0,19,4.88,0.244
2,20.0,0,20,6.23,0.312
2,20.0,0,21,6.46,0.323
2,20.0,0,22,7.8,0.39
2,20.0,0,23,8.06,0.403
2,20.0,1,0,8.41,0.42
2,20.0,1,1,8.28,0.414
2,20.0,1,2,8.49,0.424
2,20.0,1,3,8.52,0.426
2,20.0,1,4,7.57,0.378
2,20.0,1,5,5.84,0.292
2,20.0,1,6,1.88,0.094
2,20.0,1,7,2.2,0.11
2,20.0,1,8,2.84,0.142
2,20.0,1,9,3.88,0.194
2,20.0,1,10,5.07,0.254
2,20.0,1,11,4.29,0.214
2,20.0,1,12,3.21,0.16
2,20.0,1,13,2.79,0.14
2,20.0,1,14,3.6,0.18
2,20.0,1,15,2.99,0.15
2,20.0,1,16,3.48,0.174
2,20.0,1,17,5.08,0.254
2,20.0,1,18,5.84,0.292
2,20.0,1,19,7.42,0.371
2,20.0,1,20,8.55,0.428
2,20.0,1,21,9.52,0.476
2,20.0,1,22,10.57,0.528
2,20.0,1,23,11.19,0.56
2,20.0,2,0,11.25,0.562
2,20.0,2,1,11.02,0.551
2,20.0,2,2,11.14,0.557
2,20.0,2,3,11.02,0.551
2,20.0,2,4,10.44,0.522
2,20.0,2,5,7.63,0.382
2,20.0,2,6,5.61,0.28
2,20.0,2,7,5.23,0.262
2,20.0,2,8,1.75,0.088
2,20.0,2,9,1.35,0.068
2,20.0,2,10,2.83,0.142
2,20.0,2,11,3.87,0.194
2,20.0,2,12,3.61,0.18
2,20.0,2,13,3.43,0.172
2,20.0,2,14,4.8,0.24
2,20.0,2,15,3.85,0.192
2,20.0,2,16,4.44,0.222
2,20.0,2,17,3.87,0.194
2,20.0,2,18,4.19,0.21
2,20.0,2,19,5.54,0.277
2,20.0,2,20,7.55,0.378
2,20.0,2,21,8.65,0.432
2,20.0,2,22,9.9,0.495
2,20.0,2,23,10.36,0.518
2,20.0,3,0,10.24,0.512
2,20.0,3,1,10.34,0.517
2,20.0,3,2,10.38,0.519
2,20.0,3,3,10.31,0.516
2,20.0,3,4,10.09,0.504
2,20.0,3,5,9.58,0.479
2,20.0,3,6,8.37,0.418
2,20.0,3,7,5.35,0.267
2,20.0,3,8,1.32,0.066
2,20.0,3,9,1.06,0.053
2,20.0,3,10,0.96,0.048
2,20.0,3,11,3.02,0.151
2,20.0,3,12,3.17,0.158
2,20.0,3,13,4.52,0.226
2,20.0,3,14,6.8,0.34
2,20.0,3,15,5.85,0.292
2,20.0,3,16,4.9,0.245
2,20.0,3,17,5.17,0.258
2,20.0,3,18,6.41,0.32
2,20.0,3,19,7.68,0.384
2,20.0,3,20,9.04,0.452
2,20.0,3,21,9.71,0.486
2,20.0,3,22,11.22,0.561
2,20.0,3,23,12.06,0.603
2,20.0,4,0,12.27,0.613
2,20.0,4,1,12.37,0.618
2,20.0,4,2,12.34,0.617
2,20.0,4,3,12.51,0.626
2,20.0,4,4,11.72,0.586
2,20.0,4,5,9.23,0.462
2,20.0,4,6,6.79,0.34
2,20.0,4,7,6.27,0.314
2,20.0,4,8,3.84,0.192
2,20.0,4,9,3.65,0.182
2,20.0,4,10,2.9,0.145
2,20.0,4,11,2.64,0.132
2,20.0,4,12,4.5,0.225
2,20.0,4,13,4.15,0.208
2,20.0,4,14,4.26,0.213
2,20.0,4,15,3.26,0.163
2,20.0,4,16,2.78,0.139
2,20.0,4,17,2.65,0.132
2,20.0,4,18,3.36,0.168
2,20.0,4,19,3.19,0.16
2,20.0,4,20,4.39,0.219
2,20.0,4,21,4.36,0.218
2,20.0,4,22,5.43,0.271
2,20.0,4,23,6.6,0.33
2,20.0,5,0,6.58,0.329
2,20.0,5,1,6.74,0.337
2,20.0,5,2,6.61,0.33
2,20.0,5,3,6.77,0.338
2,20.0,5,4,6.1,0.305
2,20.0,5,5,4.89,0.244
2,20.0,5,6,3.1,0.155
2,20.0,5,7,1.27,0.064
2,20.0,5,8,0.34,0.017
2,20.0,5,9,0.42,0.021
2,20.0,5,10,0.75,0.038
2,20.0,5,11,1.37,0.068
2,20.0,5,12,2.35,0.118
2,20.0,5,13,3.09,0.154
2,20.0,5,14,2.82,0.141
2,20.0,5,15,2.4,0.12
2,20.0,5,16,2.5,0.125
2,20.0,5,17,2.34,0.117
2,20.0,5,18,2.72,0.136
2,20.0,5,19,2.93,0.147
2,20.0,5,20,3.41,0.17
2,20.0,5,21,3.53,0.176
2,20.0,5,22,3.91,0.196
2,20.0,5,23,4.55,0.227
2,20.0,6,0,4.67,0.233
2,20.0,6,1,4.81,0.24
2,20.0,6,2,4.83,0.242
2,20.0,6,3,4.74,0.237
2,20.0,6,4,3.94,0.197
2,20.0,6,5,2.49,0.125
2,20.0,6,6,1.78,0.089
2,20.0,6,7,0.88,0.044
2,20.0,6,8,0.98,0.049
2,20.0,6,9,0.62,0.031
2,20.0,6,10,0.53,0.027
2,20.0,6,11,1.75,0.088
2,20.0,6,12,2.9,0.145
2,20.0,6,13,2.62,0.131
2,20.0,6,14,1.69,0.084
2,20.0,6,15,2.12,0.106
2,20.0,6,16,2.72,0.136
2,20.0,6,17,3.19,0.16
2,20.0,6,18,3.61,0.18
2,20.0,6,19,3.8,0.19
2,20.0,6,20,3.91,0.196
2,20.0,6,21,4.47,0.223
2,20.0,6,22,4.78,0.239
2,20.0,6,23,5.69,0.285
20,30.0,0,0,1.87,0.062
20,30.0,0,1,1.97,0.066
20,30.0,0,2,1.86,0.062
20,30.0,0,3,1.85,0.062
20,30.0,0,4,2.11,0.07
20,30.0,0,5,4.0,0.133
20,30.0,0,6,6.75,0.225
20,30.0,0,7,14.41,0.48
20,30.0,0,8,21.2,0.707
20,30.0,0,9,18.46,0.615
20,30.0,0,10,18.16,0.605
20,30.0,0,11,17.56,0.585
20,30.0,0,12,15.66,0.522
20,30.0,0,13,14.55,0.485
20,30.0,0,14,13.44,0.448
20,30.0,0,15,8.42,0.281
20,30.0,0,16,3.37,0.112
20,30.0,0,17,1.39,0.046
20,30.0,0,18,1.38,0.046
20,30.0,0,19,1.39,0.046
20,30.0,0,20,1.45,0.048
20,30.0,0,21,1.23,0.041
20,30.0,0,22,0.96,0.032
20,30.0,0,23,0.9,0.03
20,30.0,1,0,1.09,0.036
20,30.0,1,1,0.95,0.032
20,30.0,1,2,1.07,0.036
20,30.0,1,3,0.99,0.033
20,30.0,1,4,1.53,0.051
20,30.0,1,5,3.77,0.126
20,30.0,1,6,8.13,0.271
20,30.0,1,7,18.42,0.614
20,30.0,1,8,27.76,0.925
20,30.0,1,9,27.55,0.918
20,30.0,1,10,26.09,0.87
20,30.0,1,11,24.85,0.828
20,30.0,1,12,21.79,0.726
20,30.0,1,13,20.81,0.694
20,30.0,1,14,17.43,0.581
20,30.0,1,15,9.65,0.322
20,30.0,1,16,2.54,0.085
20,30.0,1,17,0.42,0.014
20,30.0,1,18,0.22,0.007
20,30.0,1,19,0.38,0.013
20,30.0,1,20,0.47,0.016
20,30.0,1,21,0.32,0.011
20,30.0,1,22,0.19,0.006
20,30.0,1,23,0.15,0.005
20,30.0,2,0,0.47,0.016
20,30.0,2,1,0.47,0.016
20,30.0,2,2,0.44,0.015
20,30.0,2,3,0.41,0.014
20,30.0,2,4,0.86,0.029
20,30.0,2,5,3.78,0.126
20,30.0,2,6,9.0,0.3
20,30.0,2,7,20.26,0.675
20,30.0,2,8,27.91,0.93
20,30.0,2,9,25.32,0.844
20,30.0,2,10,25.5,0.85
20,30.0,2,11,25.42,0.847
20,30.0,2,12,23.69,0.79
20,30.0,2,13,22.62,0.754
20,30.0,2,14,20.24,0.675
20,30.0,2,15,13.05,0.435
20,30.0,2,16,2.57,0.086
20,30.0,2,17,0.76,0.025
20,30.0,2,18,0.42,0.014
20,30.0,2,19,1.0,0.033
20,30.0,2,20,0.57,0.019
20,30.0,2,21,0.19,0.006
20,30.0,2,22,0.15,0.005
20,30.0,2,23,0.21,0.007
20,30.0,3,0,0.23,0.008
20,30.0,3,1,0.22,0.007
20,30.0,3,2,0.22,0.007
20,30.0,3,3,0.23,0.008
20,30.0,3,4,0.73,0.024
20,30.0,3,5,3.38,0.113
20,30.0,3,6,7.77,0.259
20,30.0,3,7,19.5,0.65
20,30.0,3,8,26.69,0.89
20,30.0,3,9,23.96,0.799
20,30.0,3,10,23.01,0.767
20,30.0,3,11,22.12,0.737
20,30.0,3,12,20.66,0.689
20,30.0,3,13,20.19,0.673
20,30.0,3,14,17.04,0.568
20,30.0,3,15,7.93,0.264
20,30.0,3,16,2.83,0.094
20,30.0,3,17,0.88,0.029
20,30.0,3,18,0.23,0.008
20,30.0,3,19,0.44,0.015
20,30.0,3,20,0.41,0.014
20,30.0,3,21,0.3,0.01
20,30.0,3,22,0.28,0.009
20,30.0,3,23,0.27,0.009
20,30.0,4,0,0.35,0.012
20,30.0,4,1,0.31,0.01
20,30.0,4,2,0.3,0.01
20,30.0,4,3,0.33,0.011
20,30.0,4,4,0.71,0.024
20,30.0,4,5,3.51,0.117
20,30.0,4,6,8.2,0.273
20,30.0,4,7,12.48,0.416
20,30.0,4,8,19.76,0.659
20,30.0,4,9,19.59,0.653
20,30.0,4,10,20.34,0.678
20,30.0,4,11,20.26,0.675
20,30.0,4,12,18.16,0.605
20,30.0,4,13,16.33,0.544
20,30.0,4,14,14.21,0.474
20,30.0,4,15,9.31,0.31
20,30.0,4,16,6.54,0.218
20,30.0,4,17,4.66,0.155
20,30.0,4,18,2.89,0.096
20,30.0,4,19,2.94,0.098
20,30.0,4,20,3.36,0.112
20,30.0,4,21,3.34,0.111
20,30.0,4,22,3.03,0.101
20,30.0,4,23,2.64,0.088
20,30.0,5,0,2.71,0.09
20,30.0,5,1,2.64,0.088
20,30.0,5,2,2.59,0.086
20,30.0,5,3,2.7,0.09
20,30.0,5,4,2.72,0.091
20,30.0,5,5,2.97,0.099
20,30.0,5,6,3.68,0.123
20,30.0,5,7,4.0,0.133
20,30.0,5,8,3.89,0.13
20,30.0,5,9,3.55,0.118
20,30.0,5,10,3.03,0.101
20,30.0,5,11,2.98,0.099
20,30.0,5,12,3.18,0.106
20,30.0,5,13,2.57,0.086
20,30.0,5,14,2.49,0.083
20,30.0,5,15,2.63,0.088
20,30.0,5,16,3.24,0.108
20,30.0,5,17,4.53,0.151
20,30.0,5,18,4.68,0.156
20,30.0,5,19,4.22,0.141
20,30.0,5,20,4.07,0.136
20,30.0,5,21,4.05,0.135
20,30.0,5,22,2.97,0.099
20,30.0,5,23,2.46,0.082
20,30.0,6,0,2.5,0.083
20,30.0,6,1,2.31,0.077
20,30.0,6,2,2.41,0.08
20,30.0,6,3,2.29,0.076
20,30.0,6,4,2.25,0.075
20,30.0,6,5,2.57,0.086
20,30.0,6,6,2.43,0.081
20,30.0,6,7,2.83,0.094
20,30.0,6,8,2.76,0.092
20,30.0,6,9,2.75,0.092
20,30.0,6,10,2.58,0.086
20,30.0,6,11,2.68,0.089
20,30.0,6,12,2.74,0.091
20,30.0,6,13,2.7,0.09
20,30.0,6,14,2.78,0.093
20,30.0,6,15,3.11,0.104
20,30.0,6,16,3.76,0.125
20,30.0,6,17,4.69,0.156
20,30.0,6,18,4.69,0.156
20,30.0,6,19,4.69,0.156
20,30.0,6,20,4.51,0.15
20,30.0,6,21,3.88,0.129
20,30.0,6,22,3.36,0.112
20,30.0,6,23,3.29,0.11
21,30.0,0,0,8.68,0.289
21,30.0,0,1,8.59,0.286
21,30.0,0,2,8.49,0.283
21,30.0,0,3,8.46,0.282
21,30.0,0,4,8.66,0.289
21,30.0,0,5,10.0,0.333
21,30.0,0,6,12.48,0.416
21,30.0,0,7,17.29,0.576
21,30.0,0,8,24.41,0.814
21,30.0,0,9,23.29,0.776
21,30.0,0,10,23.28,0.776
21,30.0,0,11,25.37,0.846
21,30.0,0,12,24.88,0.829
21,30.0,0,13,23.38,0.779
21,30.0,0,14,22.49,0.75
21,30.0,0,15,21.66,0.722
21,30.0,0,16,20.23,0.674
21,30.0,0,17,18.8,0.627
21,30.0,0,18,16.81,0.56
21,30.0,0,19,14.32,0.477
21,30.0,0,20,12.57,0.419
21,30.0,0,21,11.7,0.39
21,30.0,0,22,10.98,0.366
21,30.0,0,23,9.87,0.329
21,30.0,1,0,10.13,0.338
21,30.0,1,1,9.92,0.331
21,30.0,1,2,10.0,0.333
21,30.0,1,3,9.99,0.333
21,30.0,1,4,9.52,0.317
21,30.0,1,5,9.47,0.316
21,30.0,1,6,12.71,0.424
21,30.0,1,7,18.8,0.627
21,30.0,1,8,24.04,0.801
21,30.0,1,9,18.5,0.617
21,30.0,1,10,19.21,0.64
21,30.0,1,11,20.54,0.685
21,30.0,1,12,22.82,0.761
21,30.0,1,13,21.96,0.732
21,30.0,1,14,19.75,0.658
21,30.0,1,15,18.76,0.625
21,30.0,1,16,17.74,0.591
21,30.0,1,17,17.05,0.568
21,30.0,1,18,15.03,0.501
21,30.0,1,19,13.63,0.454
21,30.0,1,20,10.99,0.366
21,30.0,1,21,9.63,0.321
21,30.0,1,22,8.33,0.278
21,30.0,1,23,6.78,0.226
21,30.0,2,0,6.53,0.218
21,30.0,2,1,6.46,0.215
21,30.0,2,2,6.59,0.22
21,30.0,2,3,6.56,0.219
21,30.0,2,4,6.12,0.204
21,30.0,2,5,4.08,0.136
21,30.0,2,6,7.69,0.256
21,30.0,2,7,14.92,0.497
21,30.0,2,8,25.61,0.854
21,30.0,2,9,24.11,0.804
21,30.0,2,10,19.76,0.659
21,30.0,2,11,19.89,0.663
21,30.0,2,12,22.33,0.744
21,30.0,2,13,20.46,0.682
21,30.0,2,14,21.41,0.714
21,30.0,2,15,17.78,0.593
21,30.0,2,16,18.36,0.612
21,30.0,2,17,17.26,0.575
21,30.0,2,18,14.54,0.485
21,30.0,2,19,12.49,0.416
21,30.0,2,20,10.69,0.356
21,30.0,2,21,7.47,0.249
21,30.0,2,22,5.57,0.186
21,30.0,2,23,4.49,0.15
21,30.0,3,0,4.33,0.144
21,30.0,3,1,4.18,0.139
21,30.0,3,2,4.49,0.15
21,30.0,3,3,4.43,0.148
21,30.0,3,4,4.78,0.159
21,30.0,3,5,6.02,0.201
21,30.0,3,6,6.73,0.224
21,30.0,3,7,13.77,0.459
21,30.0,3,8,23.95,0.798
21,30.0,3,9,22.35,0.745
21,30.0,3,10,21.43,0.714
21,30.0,3,11,20.87,0.696
21,30.0,3,12,21.23,0.708
21,30.0,3,13,18.9,0.63
21,30.0,3,14,16.49,0.55
21,30.0,3,15,16.92,0.564
21,30.0,3,16,16.38,0.546
21,30.0,3,17,15.37,0.512
21,30.0,3,18,12.98,0.433
21,30.0,3,19,10.82,0.361
21,30.0,3,20,7.88,0.263
21,30.0,3,21,5.67,0.189
21,30.0,3,22,3.77,0.126
21,30.0,3,23,2.26,0.075
21,30.0,4,0,1.86,0.062
21,30.0,4,1,1.82,0.061
21,30.0,4,2,1.84,0.061
21,30.0,4,3,1.83,0.061
21,30.0,4,4,2.21,0.074
21,30.0,4,5,3.73,0.124
21,30.0,4,6,7.44,0.248
21,30.0,4,7,8.96,0.299
21,30.0,4,8,15.16,0.505
21,30.0,4,9,17.76,0.592
21,30.0,4,10,16.54,0.551
21,30.0,4,11,18.44,0.615
21,30.0,4,12,17.9,0.597
21,30.0,4,13,16.97,0.566
21,30.0,4,14,17.06,0.569
21,30.0,4,15,16.62,0.554
21,30.0,4,16,18.13,0.604
21,30.0,4,17,16.57,0.552
21,30.0,4,18,16.2,0.54
21,30.0,4,19,14.88,0.496
21,30.0,4,20,13.9,0.463
21,30.0,4,21,13.13,0.438
21,30.0,4,22,10.76,0.359
21,30.0,4,23,9.55,0.318
21,30.0,5,0,9.66,0.322
21,30.0,5,1,9.58,0.319
21,30.0,5,2,9.41,0.314
21,30.0,5,3,9.54,0.318
21,30.0,5,4,9.79,0.326
21,30.0,5,5,10.19,0.34
21,30.0,5,6,12.01,0.4
21,30.0,5,7,13.74,0.458
21,30.0,5,8,16.33,0.544
21,30.0,5,9,16.79,0.56
21,30.0,5,10,19.78,0.659
21,30.0,5,11,21.37,0.712
21,30.0,5,12,22.68,0.756
21,30.0,5,13,23.02,0.767
21,30.0,5,14,21.4,0.713
21,30.0,5,15,20.91,0.697
21,30.0,5,16,19.95,0.665
21,30.0,5,17,18.58,0.619
21,30.0,5,18,16.49,0.55
21,30.0,5,19,15.53,0.518
21,30.0,5,20,15.35,0.512
21,30.0,5,21,14.75,0.492
21,30.0,5,22,13.91,0.464
21,30.0,5,23,11.85,0.395
21,30.0,6,0,12.09,0.403
21,30.0,6,1,11.77,0.392
21,30.0,6,2,11.72,0.391
21,30.0,6,3,11.98,0.399
21,30.0,6,4,12.25,0.408
21,30.0,6,5,12.45,0.415
21,30.0,6,6,14.22,0.474
21,30.0,6,7,15.36,0.512
21,30.0,6,8,17.21,0.574
21,30.0,6,9,18.71,0.624
21,30.0,6,10,21.52,0.717
21,30.0,6,11,23.2,0.773
21,30.0,6,12,23.87,0.796
21,30.0,6,13,23.52,0.784
21,30.0,6,14,23.16,0.772
21,30.0,6,15,21.41,0.714
21,30.0,6,16,20.14,0.671
21,30.0,6,17,18.64,0.621
21,30.0,6,18,17.74,0.591
21,30.0,6,19,14.56,0.485
21,30.0,6,20,11.82,0.394
21,30.0,6,21,10.46,0.349
21,30.0,6,22,9.04,0.301
21,30.0,6,23,8.86,0.295
22,20.0,0,0,10.33,0.516
22,20.0,0,1,10.29,0.514
22,20.0,0,2,10.14,0.507
22,20.0,0,3,10.29,0.514
22,20.0,0,4,10.28,0.514
22,20.0,0,5,9.54,0.477
22,20.0,0,6,9.52,0.476
22,20.0,0,7,9.29,0.464
22,20.0,0,8,9.53,0.476
22,20.0,0,9,10.89,0.544
22,20.0,0,10,10.44,0.522
22,20.0,0,11,10.75,0.538
22,20.0,0,12,11.09,0.554
22,20.0,0,13,11.83,0.592
22,20.0,0,14,11.64,0.582
22,20.0,0,15,11.84,0.592
22,20.0,0,16,14.14,0.707
22,20.0,0,17,14.53,0.726
22,20.0,0,18,13.63,0.682
22,20.0,0,19,12.25,0.612
22,20.0,0,20,11.19,0.56
22,20.0,0,21,11.1,0.555
22,20.0,0,22,10.58,0.529
22,20.0,0,23,9.8,0.49
22,20.0,1,0,9.27,0.463
22,20.0,1,1,9.38,0.469
22,20.0,1,2,9.53,0.476
22,20.0,1,3,9.29,0.464
22,20.0,1,4,9.15,0.458
22,20.0,1,5,8.99,0.45
22,20.0,1,6,9.63,0.482
22,20.0,1,7,10.4,0.52
22,20.0,1,8,10.72,0.536
22,20.0,1,9,9.9,0.495
22,20.0,1,10,9.81,0.491
22,20.0,1,11,10.96,0.548
22,20.0,1,12,11.6,0.58
22,20.0,1,13,9.87,0.493
22,20.0,1,14,9.54,0.477
22,20.0,1,15,12.41,0.62
22,20.0,1,16,16.22,0.811
22,20.0,1,17,17.46,0.873
22,20.0,1,18,16.39,0.82
22,20.0,1,19,15.86,0.793
22,20.0,1,20,13.51,0.676
22,20.0,1,21,11.79,0.589
22,20.0,1,22,10.86,0.543
22,20.0,1,23,10.86,0.543
22,20.0,2,0,11.42,0.571
22,20.0,2,1,11.22,0.561
22,20.0,2,2,11.21,0.56
22,20.0,2,3,11.32,0.566
22,20.0,2,4,10.93,0.546
22,20.0,2,5,10.08,0.504
22,20.0,2,6,9.14,0.457
22,20.0,2,7,7.95,0.398
22,20.0,2,8,8.2,0.41
22,20.0,2,9,9.28,0.464
22,20.0,2,10,10.41,0.52
22,20.0,2,11,11.34,0.567
22,20.0,2,12,12.2,0.61
22,20.0,2,13,11.61,0.58
22,20.0,2,14,10.06,0.503
22,20.0,2,15,10.25,0.512
22,20.0,2,16,13.03,0.652
22,20.0,2,17,13.84,0.692
22,20.0,2,18,12.51,0.626
22,20.0,2,19,10.49,0.524
22,20.0,2,20,9.41,0.471
22,20.0,2,21,9.18,0.459
22,20.0,2,22,10.04,0.502
22,20.0,2,23,9.88,0.494
22,20.0,3,0,9.97,0.499
22,20.0,3,1,9.92,0.496
22,20.0,3,2,10.3,0.515
22,20.0,3,3,9.82,0.491
22,20.0,3,4,10.01,0.5
22,20.0,3,5,9.93,0.496
22,20.0,3,6,9.46,0.473
22,20.0,3,7,6.18,0.309
22,20.0,3,8,7.23,0.362
22,20.0,3,9,6.16,0.308
22,20.0,3,10,6.28,0.314
22,20.0,3,11,6.89,0.344
22,20.0,3,12,7.96,0.398
22,20.0,3,13,6.97,0.348
22,20.0,3,14,6.1,0.305
22,20.0,3,15,8.4,0.42
22,20.0,3,16,10.2,0.51
22,20.0,3,17,14.13,0.706
22,20.0,3,18,13.53,0.676
22,20.0,3,19,12.05,0.602
22,20.0,3,20,9.99,0.5
22,20.0,3,21,9.57,0.479
22,20.0,3,22,9.08,0.454
22,20.0,3,23,8.17,0.408
22,20.0,4,0,7.8,0.39
22,20.0,4,1,7.93,0.396
22,20.0,4,2,7.9,0.395
22,20.0,4,3,7.81,0.39
22,20.0,4,4,8.09,0.404
22,20.0,4,5,7.57,0.378
22,20.0,4,6,8.22,0.411
22,20.0,4,7,9.0,0.45
22,20.0,4,8,9.38,0.469
22,20.0,4,9,10.5,0.525
22,20.0,4,10,10.9,0.545
22,20.0,4,11,12.73,0.637
22,20.0,4,12,13.11,0.656
22,20.0,4,13,13.73,0.686
22,20.0,4,14,13.47,0.674
22,20.0,4,15,13.35,0.668
22,20.0,4,16,13.82,0.691
22,20.0,4,17,14.85,0.742
22,20.0,4,18,14.33,0.716
22,20.0,4,19,13.89,0.694
22,20.0,4,20,12.44,0.622
22,20.0,4,21,12.56,0.628
22,20.0,4,22,12.6,0.63
22,20.0,4,23,12.3,0.615
22,20.0,5,0,12.33,0.616
22,20.0,5,1,12.5,0.625
22,20.0,5,2,12.79,0.64
22,20.0,5,3,13.07,0.654
22,20.0,5,4,12.56,0.628
22,20.0,5,5,12.53,0.626
22,20.0,5,6,13.27,0.664
22,20.0,5,7,14.12,0.706
22,20.0,5,8,14.64,0.732
22,20.0,5,9,15.17,0.758
22,20.0,5,10,15.37,0.768
22,20.0,5,11,15.74,0.787
22,20.0,5,12,17.13,0.856
22,20.0,5,13,17.49,0.874
22,20.0,5,14,18.05,0.903
22,20.0,5,15,17.72,0.886
22,20.0,5,16,17.06,0.853
22,20.0,5,17,15.51,0.776
22,20.0,5,18,14.92,0.746
22,20.0,5,19,14.17,0.708
22,20.0,5,20,14.04,0.702
22,20.0,5,21,13.01,0.65
22,20.0,5,22,13.41,0.67
22,20.0,5,23,13.12,0.656
22,20.0,6,0,12.7,0.635
22,20.0,6,1,12.95,0.648
22,20.0,6,2,12.95,0.648
22,20.0,6,3,12.95,0.648
22,20.0,6,4,12.7,0.635
22,20.0,6,5,12.98,0.649
22,20.0,6,6,13.88,0.694
22,20.0,6,7,14.68,0.734
22,20.0,6,8,15.48,0.774
22,20.0,6,9,16.2,0.81
22,20.0,6,10,16.14,0.807
22,20.0,6,11,16.02,0.801
22,20.0,6,12,14.99,0.75
22,20.0,6,13,15.43,0.772
22,20.0,6,14,15.5,0.775
22,20.0,6,15,15.03,0.752
22,20.0,6,16,14.16,0.708
22,20.0,6,17,13.52,0.676
22,20.0,6,18,11.97,0.598
22,20.0,6,19,11.25,0.562
22,20.0,6,20,11.03,0.552
22,20.0,6,21,10.54,0.527
22,20.0,6,22,10.7,0.535
22,20.0,6,23,9.94,0.497
23,30.0,0,0,14.41,0.48
23,30.0,0,1,14.53,0.484
23,30.0,0,2,14.3,0.477
23,30.0,0,3,14.33,0.478
23,30.0,0,4,14.1,0.47
23,30.0,0,5,13.02,0.434
23,30.0,0,6,12.64,0.421
23,30.0,0,7,12.7,0.423
23,30.0,0,8,13.37,0.446
23,30.0,0,9,14.79,0.493
23,30.0,0,10,15.13,0.504
23,30.0,0,11,15.4,0.513
23,30.0,0,12,12.71,0.424
23,30.0,0,13,12.71,0.424
23,30.0,0,14,14.6,0.487
23,30.0,0,15,18.65,0.622
23,30.0,0,16,22.38,0.746
23,30.0,0,17,22.48,0.749
23,30.0,0,18,21.58,0.719
23,30.0,0,19,20.57,0.686
23,30.0,0,20,20.48,0.683
23,30.0,0,21,20.21,0.674
23,30.0,0,22,18.96,0.632
23,30.0,0,23,18.37,0.612
23,30.0,1,0,18.23,0.608
23,30.0,1,1,18.31,0.61
23,30.0,1,2,18.4,0.613
23,30.0,1,3,18.47,0.616
23,30.0,1,4,17.2,0.573
23,30.0,1,5,13.79,0.46
23,30.0,1,6,12.37,0.412
23,30.0,1,7,15.23,0.508
23,30.0,1,8,16.52,0.551
23,30.0,1,9,16.57,0.552
23,30.0,1,10,16.02,0.534
23,30.0,1,11,14.51,0.484
23,30.0,1,12,13.38,0.446
23,30.0,1,13,11.27,0.376
23,30.0,1,14,12.87,0.429
23,30.0,1,15,19.07,0.636
23,30.0,1,16,25.65,0.855
23,30.0,1,17,27.26,0.909
23,30.0,1,18,27.46,0.915
23,30.0,1,19,27.68,0.923
23,30.0,1,20,26.81,0.894
23,30.0,1,21,26.26,0.875
23,30.0,1,22,24.25,0.808
23,30.0,1,23,23.13,0.771
23,30.0,2,0,22.62,0.754
23,30.0,2,1,22.46,0.749
23,30.0,2,2,22.47,0.749
23,30.0,2,3,22.43,0.748
23,30.0,2,4,18.65,0.622
23,30.0,2,5,10.18,0.339
23,30.0,2,6,9.01,0.3
23,30.0,2,7,8.28,0.276
23,30.0,2,8,8.74,0.291
23,30.0,2,9,10.44,0.348
23,30.0,2,10,11.23,0.374
23,30.0,2,11,11.27,0.376
23,30.0,2,12,11.71,0.39
23,30.0,2,13,10.53,0.351
23,30.0,2,14,12.27,0.409
23,30.0,2,15,17.55,0.585
23,30.0,2,16,23.1,0.77
23,30.0,2,17,23.67,0.789
23,30.0,2,18,22.39,0.746
23,30.0,2,19,22.28,0.743
23,30.0,2,20,21.15,0.705
23,30.0,2,21,19.18,0.639
23,30.0,2,22,17.76,0.592
23,30.0,2,23,18.86,0.629
23,30.0,3,0,18.33,0.611
23,30.0,3,1,18.31,0.61
23,30.0,3,2,18.86,0.629
23,30.0,3,3,18.58,0.619
23,30.0,3,4,15.58,0.519
23,30.0,3,5,9.13,0.304
23,30.0,3,6,7.54,0.251
23,30.0,3,7,8.19,0.273
23,30.0,3,8,10.28,0.343
23,30.0,3,9,10.29,0.343
23,30.0,3,10,8.63,0.288
23,30.0,3,11,7.34,0.245
23,30.0,3,12,7.42,0.247
23,30.0,3,13,9.06,0.302
23,30.0,3,14,11.08,0.369
23,30.0,3,15,14.66,0.489
23,30.0,3,16,19.23,0.641
23,30.0,3,17,22.77,0.759
23,30.0,3,18,21.45,0.715
23,30.0,3,19,21.87,0.729
23,30.0,3,20,21.81,0.727
23,30.0,3,21,21.97,0.732
23,30.0,3,22,19.86,0.662
23,30.0,3,23,18.92,0.631
23,30.0,4,0,19.06,0.635
23,30.0,4,1,19.48,0.649
23,30.0,4,2,19.09,0.636
23,30.0,4,3,18.85,0.628
23,30.0,4,4,17.42,0.581
23,30.0,4,5,13.43,0.448
23,30.0,4,6,9.65,0.322
23,30.0,4,7,10.26,0.342
23,30.0,4,8,9.24,0.308
23,30.0,4,9,10.18,0.339
23,30.0,4,10,10.79,0.36
23,30.0,4,11,11.04,0.368
23,30.0,4,12,12.08,0.403
23,30.0,4,13,15.08,0.503
23,30.0,4,14,17.54,0.585
23,30.0,4,15,20.26,0.675
23,30.0,4,16,23.95,0.798
23,30.0,4,17,25.18,0.839
23,30.0,4,18,25.6,0.853
23,30.0,4,19,25.75,0.858
23,30.0,4,20,25.71,0.857
23,30.0,4,21,25.32,0.844
23,30.0,4,22,23.55,0.785
23,30.0,4,23,22.21,0.74
23,30.0,5,0,22.07,0.736
23,30.0,5,1,22.0,0.733
23,30.0,5,2,22.11,0.737
23,30.0,5,3,22.19,0.74
23,30.0,5,4,22.27,0.742
23,30.0,5,5,22.73,0.758
23,30.0,5,6,23.35,0.778
23,30.0,5,7,23.18,0.773
23,30.0,5,8,23.45,0.782
23,30.0,5,9,21.63,0.721
23,30.0,5,10,21.75,0.725
23,30.0,5,11,23.5,0.783
23,30.0,5,12,25.78,0.859
23,30.0,5,13,25.71,0.857
23,30.0,5,14,24.39,0.813
23,30.0,5,15,24.13,0.804
23,30.0,5,16,25.16,0.839
23,30.0,5,17,24.41,0.814
23,30.0,5,18,24.08,0.803
23,30.0,5,19,23.8,0.793
23,30.0,5,20,23.73,0.791
23,30.0,5,21,23.31,0.777
23,30.0,5,22,23.17,0.772
23,30.0,5,23,22.86,0.762
23,30.0,6,0,22.65,0.755
23,30.0,6,1,22.99,0.766
23,30.0,6,2,22.69,0.756
23,30.0,6,3,22.86,0.762
23,30.0,6,4,23.03,0.768
23,30.0,6,5,22.87,0.762
23,30.0,6,6,22.91,0.764
23,30.0,6,7,24.23,0.808
23,30.0,6,8,25.57,0.852
23,30.0,6,9,27.05,0.902
23,30.0,6,10,27.95,0.932
23,30.0,6,11,28.36,0.945
23,30.0,6,12,24.36,0.812
23,30.0,6,13,23.63,0.788
23,30.0,6,14,21.94,0.731
23,30.0,6,15,22.26,0.742
23,30.0,6,16,21.9,0.73
23,30.0,6,17,22.11,0.737
23,30.0,6,18,20.73,0.691
23,30.0,6,19,19.57,0.652
23,30.0,6,20,17.39,0.58
23,30.0,6,21,16.52,0.551
23,30.0,6,22,16.68,0.556
23,30.0,6,23,15.91,0.53
24,20.0,0,0,12.85,0.642
24,20.0,0,1,13.22,0.661
24,20.0,0,2,12.85,0.642
24,20.0,0,3,13.17,0.658
24,20.0,0,4,12.96,0.648
24,20.0,0,5,12.26,0.613
24,20.0,0,6,11.71,0.586
24,20.0,0,7,10.23,0.512
24,20.0,0,8,10.29,0.514
24,20.0,0,9,9.57,0.479
24,20.0,0,10,10.0,0.5
24,20.0,0,11,8.67,0.434
24,20.0,0,12,9.0,0.45
24,20.0,0,13,8.04,0.402
24,20.0,0,14,9.13,0.456
24,20.0,0,15,10.33,0.516
24,20.0,0,16,9.46,0.473
24,20.0,0,17,10.71,0.536
24,20.0,0,18,9.89,0.495
24,20.0,0,19,10.91,0.546
24,20.0,0,20,9.9,0.495
24,20.0,0,21,9.04,0.452
24,20.0,0,22,8.85,0.442
24,20.0,0,23,8.37,0.418
24,20.0,1,0,8.45,0.422
24,20.0,1,1,8.91,0.446
24,20.0,1,2,8.51,0.426
24,20.0,1,3,8.96,0.448
24,20.0,1,4,8.13,0.406
24,20.0,1,5,7.87,0.394
24,20.0,1,6,6.78,0.339
24,20.0,1,7,9.62,0.481
24,20.0,1,8,9.66,0.483
24,20.0,1,9,7.72,0.386
24,20.0,1,10,6.36,0.318
24,20.0,1,11,6.21,0.31
24,20.0,1,12,7.7,0.385
24,20.0,1,13,6.07,0.304
24,20.0,1,14,6.68,0.334
24,20.0,1,15,6.77,0.338
24,20.0,1,16,5.71,0.286
24,20.0,1,17,8.97,0.448
24,20.0,1,18,10.64,0.532
24,20.0,1,19,11.27,0.564
24,20.0,1,20,10.3,0.515
24,20.0,1,21,9.68,0.484
24,20.0,1,22,9.06,0.453
24,20.0,1,23,9.53,0.476
24,20.0,2,0,8.65,0.432
24,20.0,2,1,8.94,0.447
24,20.0,2,2,8.7,0.435
24,20.0,2,3,8.42,0.421
24,20.0,2,4,8.01,0.4
24,20.0,2,5,7.48,0.374
24,20.0,2,6,6.0,0.3
24,20.0,2,7,8.47,0.424
24,20.0,2,8,9.21,0.46
24,20.0,2,9,9.16,0.458
24,20.0,2,10,7.88,0.394
24,20.0,2,11,5.9,0.295
24,20.0,2,12,6.65,0.332
24,20.0,2,13,7.13,0.356
24,20.0,2,14,7.29,0.364
24,20.0,2,15,6.97,0.348
24,20.0,2,16,6.55,0.328
24,20.0,2,17,7.38,0.369
24,20.0,2,18,8.64,0.432
24,20.0,2,19,10.13,0.507
24,20.0,2,20,10.94,0.547
24,20.0,2,21,11.08,0.554
24,20.0,2,22,11.85,0.592
24,20.0,2,23,11.49,0.574
24,20.0,3,0,11.49,0.574
24,20.0,3,1,11.42,0.571
24,20.0,3,2,11.58,0.579
24,20.0,3,3,11.39,0.57
24,20.0,3,4,10.63,0.532
24,20.0,3,5,10.9,0.545
24,20.0,3,6,9.3,0.465
24,20.0,3,7,10.4,0.52
24,20.0,3,8,11.51,0.576
24,20.0,3,9,10.51,0.526
24,20.0,3,10,9.38,0.469
24,20.0,3,11,8.28,0.414
24,20.0,3,12,9.94,0.497
24,20.0,3,13,10.37,0.518
24,20.0,3,14,11.22,0.561
24,20.0,3,15,9.78,0.489
24,20.0,3,16,10.03,0.501
24,20.0,3,17,11.54,0.577
24,20.0,3,18,11.65,0.582
24,20.0,3,19,13.15,0.658
24,20.0,3,20,12.59,0.63
24,20.0,3,21,11.71,0.586
24,20.0,3,22,12.76,0.638
24,20.0,3,23,12.09,0.604
24,20.0,4,0,11.97,0.598
24,20.0,4,1,11.89,0.594
24,20.0,4,2,12.04,0.602
24,20.0,4,3,12.35,0.617
24,20.0,4,4,11.71,0.586
24,20.0,4,5,12.2,0.61
24,20.0,4,6,12.07,0.604
24,20.0,4,7,11.93,0.596
24,20.0,4,8,13.86,0.693
24,20.0,4,9,13.97,0.698
24,20.0,4,10,13.51,0.676
24,20.0,4,11,12.08,0.604
24,20.0,4,12,13.15,0.658
24,20.0,4,13,12.12,0.606
24,20.0,4,14,13.33,0.666
24,20.0,4,15,13.46,0.673
24,20.0,4,16,11.6,0.58
24,20.0,4,17,13.24,0.662
24,20.0,4,18,14.15,0.708
24,20.0,4,19,15.94,0.797
24,20.0,4,20,16.85,0.842
24,20.0,4,21,16.16,0.808
24,20.0,4,22,15.9,0.795
24,20.0,4,23,15.92,0.796
24,20.0,5,0,16.06,0.803
24,20.0,5,1,16.22,0.811
24,20.0,5,2,16.18,0.809
24,20.0,5,3,16.13,0.806
24,20.0,5,4,16.33,0.816
24,20.0,5,5,16.69,0.834
24,20.0,5,6,17.12,0.856
24,20.0,5,7,17.3,0.865
24,20.0,5,8,16.44,0.822
24,20.0,5,9,15.16,0.758
24,20.0,5,10,14.52,0.726
24,20.0,5,11,12.33,0.616
24,20.0,5,12,11.23,0.562
24,20.0,5,13,10.82,0.541
24,20.0,5,14,11.0,0.55
24,20.0,5,15,12.08,0.604
24,20.0,5,16,13.23,0.662
24,20.0,5,17,13.28,0.664
24,20.0,5,18,13.61,0.68
24,20.0,5,19,14.56,0.728
24,20.0,5,20,15.61,0.78
24,20.0,5,21,15.29,0.764
24,20.0,5,22,14.3,0.715
24,20.0,5,23,13.8,0.69
24,20.0,6,0,13.94,0.697
24,20.0,6,1,14.09,0.704
24,20.0,6,2,13.89,0.694
24,20.0,6,3,14.04,0.702
24,20.0,6,4,14.48,0.724
24,20.0,6,5,15.43,0.772
24,20.0,6,6,16.63,0.831
24,20.0,6,7,17.23,0.862
24,20.0,6,8,16.33,0.816
24,20.0,6,9,15.61,0.78
24,20.0,6,10,15.5,0.775
24,20.0,6,11,15.0,0.75
24,20.0,6,12,14.83,0.742
24,20.0,6,13,14.65,0.732
24,20.0,6,14,15.35,0.768
24,20.0,6,15,13.23,0.662
24,20.0,6,16,13.64,0.682
24,20.0,6,17,14.38,0.719
24,20.0,6,18,14.04,0.702
24,20.0,6,19,15.3,0.765
24,20.0,6,20,15.59,0.78
24,20.0,6,21,14.62,0.731
24,20.0,6,22,13.95,0.698
24,20.0,6,23,13.43,0.672
25,30.0,0,0,7.33,0.244
25,30.0,0,1,7.7,0.257
25,30.0,0,2,7.35,0.245
25,30.0,0,3,7.34,0.245
25,30.0,0,4,7.61,0.254
25,30.0,0,5,8.32,0.277
25,30.0,0,6,10.48,0.349
25,30.0,0,7,12.59,0.42
25,30.0,0,8,17.82,0.594
25,30.0,0,9,18.19,0.606
25,30.0,0,10,17.92,0.597
25,30.0,0,11,17.57,0.586
25,30.0,0,12,16.71,0.557
25,30.0,0,13,17.83,0.594
25,30.0,0,14,18.08,0.603
25,30.0,0,15,15.87,0.529
25,30.0,0,16,10.58,0.353
25,30.0,0,17,7.94,0.265
25,30.0,0,18,5.88,0.196
25,30.0,0,19,4.8,0.16
25,30.0,0,20,4.29,0.143
25,30.0,0,21,3.82,0.127
25,30.0,0,22,3.54,0.118
25,30.0,0,23,3.0,0.1
25,30.0,1,0,3.23,0.108
25,30.0,1,1,3.12,0.104
25,30.0,1,2,3.19,0.106
25,30.0,1,3,3.31,0.11
25,30.0,1,4,3.31,0.11
25,30.0,1,5,3.56,0.119
25,30.0,1,6,6.15,0.205
25,30.0,1,7,13.4,0.447
25,30.0,1,8,24.12,0.804
25,30.0,1,9,26.78,0.893
25,30.0,1,10,26.85,0.895
25,30.0,1,11,25.49,0.85
25,30.0,1,12,23.58,0.786
25,30.0,1,13,24.85,0.828
25,30.0,1,14,24.46,0.815
25,30.0,1,15,22.01,0.734
25,30.0,1,16,11.85,0.395
25,30.0,1,17,3.88,0.129
25,30.0,1,18,1.81,0.06
25,30.0,1,19,0.8,0.027
25,30.0,1,20,0.55,0.018
25,30.0,1,21,0.73,0.024
25,30.0,1,22,0.35,0.012
25,30.0,1,23,0.26,0.009
25,30.0,2,0,0.58,0.019
25,30.0,2,1,0.53,0.018
25,30.0,2,2,0.54,0.018
25,30.0,2,3,0.61,0.02
25,30.0,2,4,0.57,0.019
25,30.0,2,5,0.87,0.029
25,30.0,2,6,3.33,0.111
25,30.0,2,7,9.97,0.332
25,30.0,2,8,19.88,0.663
25,30.0,2,9,22.68,0.756
25,30.0,2,10,23.62,0.787
25,30.0,2,11,22.95,0.765
25,30.0,2,12,22.09,0.736
25,30.0,2,13,21.45,0.715
25,30.0,2,14,18.72,0.624
25,30.0,2,15,17.01,0.567
25,30.0,2,16,9.73,0.324
25,30.0,2,17,3.16,0.105
25,30.0,2,18,1.43,0.048
25,30.0,2,19,1.34,0.045
25,30.0,2,20,0.45,0.015
25,30.0,2,21,0.24,0.008
25,30.0,2,22,0.24,0.008
25,30.0,2,23,0.13,0.004
25,30.0,3,0,0.11,0.004
25,30.0,3,1,0.11,0.004
25,30.0,3,2,0.11,0.004
25,30.0,3,3,0.11,0.004
25,30.0,3,4,0.21,0.007
25,30.0,3,5,0.68,0.023
25,30.0,3,6,3.2,0.107
25,30.0,3,7,9.46,0.315
25,30.0,3,8,19.8,0.66
25,30.0,3,9,22.54,0.751
25,30.0,3,10,22.8,0.76
25,30.0,3,11,22.15,0.738
25,30.0,3,12,21.1,0.703
25,30.0,3,13,19.44,0.648
25,30.0,3,14,19.27,0.642
25,30.0,3,15,16.59,0.553
25,30.0,3,16,8.9,0.297
25,30.0,3,17,3.17,0.106
25,30.0,3,18,1.89,0.063
25,30.0,3,19,1.2,0.04
25,30.0,3,20,0.45,0.015
25,30.0,3,21,0.33,0.011
25,30.0,3,22,0.43,0.014
25,30.0,3,23,0.33,0.011
25,30.0,4,0,0.34,0.011
25,30.0,4,1,0.33,0.011
25,30.0,4,2,0.33,0.011
25,30.0,4,3,0.32,0.011
25,30.0,4,4,0.36,0.012
25,30.0,4,5,0.8,0.027
25,30.0,4,6,2.73,0.091
25,30.0,4,7,6.83,0.228
25,30.0,4,8,10.64,0.355
25,30.0,4,9,12.62,0.421
25,30.0,4,10,13.19,0.44
25,30.0,4,11,11.89,0.396
25,30.0,4,12,10.97,0.366
25,30.0,4,13,10.78,0.359
25,30.0,4,14,9.84,0.328
25,30.0,4,15,6.95,0.232
25,30.0,4,16,4.1,0.137
25,30.0,4,17,3.37,0.112
25,30.0,4,18,3.46,0.115
25,30.0,4,19,3.31,0.11
25,30.0,4,20,2.95,0.098
25,30.0,4,21,3.08,0.103
25,30.0,4,22,3.0,0.1
25,30.0,4,23,3.07,0.102
25,30.0,5,0,3.14,0.105
25,30.0,5,1,3.06,0.102
25,30.0,5,2,3.1,0.103
25,30.0,5,3,3.08,0.103
25,30.0,5,4,3.1,0.103
25,30.0,5,5,3.65,0.122
25,30.0,5,6,4.18,0.139
25,30.0,5,7,4.03,0.134
25,30.0,5,8,4.57,0.152
25,30.0,5,9,4.53,0.151
25,30.0,5,10,4.89,0.163
25,30.0,5,11,5.06,0.169
25,30.0,5,12,5.41,0.18
25,30.0,5,13,5.5,0.183
25,30.0,5,14,5.45,0.182
25,30.0,5,15,5.06,0.169
25,30.0,5,16,4.78,0.159
25,30.0,5,17,4.13,0.138
25,30.0,5,18,4.01,0.134
25,30.0,5,19,4.95,0.165
25,30.0,5,20,4.85,0.162
25,30.0,5,21,4.58,0.153
25,30.0,5,22,4.43,0.148
25,30.0,5,23,4.53,0.151
25,30.0,6,0,4.41,0.147
25,30.0,6,1,4.61,0.154
25,30.0,6,2,4.35,0.145
25,30.0,6,3,4.42,0.147
25,30.0,6,4,4.58,0.153
25,30.0,6,5,5.01,0.167
25,30.0,6,6,5.35,0.178
25,30.0,6,7,5.39,0.18
25,30.0,6,8,5.63,0.188
25,30.0,6,9,5.42,0.181
25,30.0,6,10,5.36,0.179
25,30.0,6,11,5.32,0.177
25,30.0,6,12,6.17,0.206
25,30.0,6,13,7.68,0.256
25,30.0,6,14,7.17,0.239
25,30.0,6,15,6.88,0.229
25,30.0,6,16,6.79,0.226
25,30.0,6,17,6.94,0.231
25,30.0,6,18,6.63,0.221
25,30.0,6,19,6.68,0.223
25,30.0,6,20,6.75,0.225
25,30.0,6,21,6.79,0.226
25,30.0,6,22,6.66,0.222
25,30.0,6,23,6.45,0.215
26,20.0,0,0,11.22,0.561
26,20.0,0,1,11.23,0.562
26,20.0,0,2,11.29,0.564
26,20.0,0,3,11.22,0.561
26,20.0,0,4,11.26,0.563
26,20.0,0,5,11.22,0.561
26,20.0,0,6,11.49,0.574
26,20.0,0,7,12.91,0.646
26,20.0,0,8,14.93,0.746
26,20.0,0,9,16.53,0.826
26,20.0,0,10,17.43,0.871
26,20.0,0,11,16.23,0.812
26,20.0,0,12,16.42,0.821
26,20.0,0,13,16.52,0.826
26,20.0,0,14,16.03,0.802
26,20.0,0,15,15.62,0.781
26,20.0,0,16,13.8,0.69
26,20.0,0,17,13.23,0.662
26,20.0,0,18,11.04,0.552
26,20.0,0,19,10.22,0.511
26,20.0,0,20,9.8,0.49
26,20.0,0,21,8.14,0.407
26,20.0,0,22,7.64,0.382
26,20.0,0,23,7.57,0.378
26,20.0,1,0,7.14,0.357
26,20.0,1,1,7.41,0.37
26,20.0,1,2,7.35,0.368
26,20.0,1,3,7.57,0.378
26,20.0,1,4,7.29,0.364
26,20.0,1,5,8.19,0.41
26,20.0,1,6,9.42,0.471
26,20.0,1,7,13.29,0.664
26,20.0,1,8,16.35,0.818
26,20.0,1,9,17.54,0.877
26,20.0,1,10,18.83,0.941
26,20.0,1,11,16.58,0.829
26,20.0,1,12,15.15,0.758
26,20.0,1,13,14.06,0.703
26,20.0,1,14,12.93,0.646
26,20.0,1,15,11.87,0.593
26,20.0,1,16,11.87,0.593
26,20.0,1,17,10.17,0.508
26,20.0,1,18,8.77,0.438
26,20.0,1,19,7.01,0.35
26,20.0,1,20,6.33,0.316
26,20.0,1,21,4.56,0.228
26,20.0,1,22,3.29,0.164
26,20.0,1,23,2.03,0.102
26,20.0,2,0,1.66,0.083
26,20.0,2,1,1.54,0.077
26,20.0,2,2,1.42,0.071
26,20.0,2,3,1.66,0.083
26,20.0,2,4,1.67,0.083
26,20.0,2,5,2.75,0.138
26,20.0,2,6,2.73,0.136
26,20.0,2,7,4.49,0.224
26,20.0,2,8,10.88,0.544
26,20.0,2,9,14.72,0.736
26,20.0,2,10,16.36,0.818
26,20.0,2,11,16.12,0.806
26,20.0,2,12,14.46,0.723
26,20.0,2,13,13.53,0.676
26,20.0,2,14,12.92,0.646
26,20.0,2,15,12.96,0.648
26,20.0,2,16,10.57,0.528
26,20.0,2,17,7.73,0.386
26,20.0,2,18,6.12,0.306
26,20.0,2,19,4.51,0.225
26,20.0,2,20,2.82,0.141
26,20.0,2,21,1.66,0.083
26,20.0,2,22,0.72,0.036
26,20.0,2,23,0.5,0.025
26,20.0,3,0,0.48,0.024
26,20.0,3,1,0.48,0.024
26,20.0,3,2,0.43,0.022
26,20.0,3,3,0.46,0.023
26,20.0,3,4,0.59,0.03
26,20.0,3,5,1.3,0.065
26,20.0,3,6,2.13,0.106
26,20.0,3,7,4.55,0.227
26,20.0,3,8,10.31,0.516
26,20.0,3,9,15.98,0.799
26,20.0,3,10,16.81,0.84
26,20.0,3,11,17.04,0.852
26,20.0,3,12,17.09,0.854
26,20.0,3,13,13.65,0.682
26,20.0,3,14,11.59,0.58
26,20.0,3,15,11.61,0.58
26,20.0,3,16,10.07,0.504
26,20.0,3,17,11.11,0.556
26,20.0,3,18,8.9,0.445
26,20.0,3,19,6.81,0.34
26,20.0,3,20,4.42,0.221
26,20.0,3,21,2.18,0.109
26,20.0,3,22,1.06,0.053
26,20.0,3,23,1.01,0.05
26,20.0,4,0,0.86,0.043
26,20.0,4,1,0.87,0.044
26,20.0,4,2,1.04,0.052
26,20.0,4,3,0.96,0.048
26,20.0,4,4,0.87,0.044
26,20.0,4,5,1.38,0.069
26,20.0,4,6,2.15,0.108
26,20.0,4,7,3.97,0.198
26,20.0,4,8,8.72,0.436
26,20.0,4,9,12.45,0.622
26,20.0,4,10,16.01,0.801
26,20.0,4,11,16.23,0.812
26,20.0,4,12,17.07,0.854
26,20.0,4,13,17.13,0.856
26,20.0,4,14,15.7,0.785
26,20.0,4,15,15.58,0.779
26,20.0,4,16,16.08,0.804
26,20.0,4,17,13.79,0.69
26,20.0,4,18,13.55,0.678
26,20.0,4,19,12.91,0.646
26,20.0,4,20,12.03,0.601
26,20.0,4,21,9.66,0.483
26,20.0,4,22,6.8,0.34
26,20.0,4,23,4.42,0.221
26,20.0,5,0,3.88,0.194
26,20.0,5,1,3.97,0.198
26,20.0,5,2,3.93,0.196
26,20.0,5,3,3.97,0.198
26,20.0,5,4,3.69,0.184
26,20.0,5,5,3.61,0.18
26,20.0,5,6,3.8,0.19
26,20.0,5,7,4.43,0.221
26,20.0,5,8,5.43,0.271
26,20.0,5,9,8.11,0.406
26,20.0,5,10,10.57,0.528
26,20.0,5,11,13.32,0.666
26,20.0,5,12,13.95,0.698
26,20.0,5,13,14.2,0.71
26,20.0,5,14,14.46,0.723
26,20.0,5,15,14.32,0.716
26,20.0,5,16,14.61,0.73
26,20.0,5,17,14.16,0.708
26,20.0,5,18,14.83,0.742
26,20.0,5,19,15.6,0.78
26,20.0,5,20,15.77,0.788
26,20.0,5,21,14.42,0.721
26,20.0,5,22,12.18,0.609
26,20.0,5,23,10.76,0.538
26,20.0,6,0,10.8,0.54
26,20.0,6,1,10.6,0.53
26,20.0,6,2,11.01,0.55
26,20.0,6,3,10.71,0.536
26,20.0,6,4,10.61,0.53
26,20.0,6,5,10.26,0.513
26,20.0,6,6,10.58,0.529
26,20.0,6,7,10.8,0.54
26,20.0,6,8,10.97,0.548
26,20.0,6,9,11.42,0.571
26,20.0,6,10,12.7,0.635
26,20.0,6,11,14.66,0.733
26,20.0,6,12,14.71,0.736
26,20.0,6,13,13.99,0.7
26,20.0,6,14,14.56,0.728
26,20.0,6,15,14.07,0.704
26,20.0,6,16,13.05,0.653
26,20.0,6,17,11.28,0.564
26,20.0,6,18,11.53,0.576
26,20.0,6,19,10.95,0.548
26,20.0,6,20,10.56,0.528
26,20.0,6,21,10.54,0.527
26,20.0,6,22,10.07,0.504
26,20.0,6,23,9.94,0.497
27,20.0,0,0,8.44,0.422
27,20.0,0,1,8.63,0.432
27,20.0,0,2,8.3,0.415
27,20.0,0,3,8.28,0.414
27,20.0,0,4,8.49,0.424
27,20.0,0,5,9.66,0.483
27,20.0,0,6,12.1,0.605
27,20.0,0,7,15.53,0.776
27,20.0,0,8,17.8,0.89
27,20.0,0,9,17.41,0.87
27,20.0,0,10,17.14,0.857
27,20.0,0,11,16.85,0.842
27,20.0,0,12,16.27,0.814
27,20.0,0,13,15.54,0.777
27,20.0,0,14,14.21,0.71
27,20.0,0,15,12.2,0.61
27,20.0,0,16,8.64,0.432
27,20.0,0,17,6.49,0.324
27,20.0,0,18,5.26,0.263
27,20.0,0,19,4.83,0.242
27,20.0,0,20,4.66,0.233
27,20.0,0,21,2.85,0.143
27,20.0,0,22,2.12,0.106
27,20.0,0,23,2.52,0.126
27,20.0,1,0,2.44,0.122
27,20.0,1,1,2.54,0.127
27,20.0,1,2,2.46,0.123
27,20.0,1,3,2.53,0.126
27,20.0,1,4,2.6,0.13
27,20.0,1,5,3.97,0.198
27,20.0,1,6,6.51,0.326
27,20.0,1,7,12.48,0.624
27,20.0,1,8,18.55,0.928
27,20.0,1,9,18.7,0.935
27,20.0,1,10,19.1,0.955
27,20.0,1,11,17.5,0.875
27,20.0,1,12,15.88,0.794
27,20.0,1,13,15.29,0.764
27,20.0,1,14,12.89,0.645
27,20.0,1,15,9.98,0.499
27,20.0,1,16,6.35,0.318
27,20.0,1,17,5.56,0.278
27,20.0,1,18,5.06,0.253
27,20.0,1,19,3.12,0.156
27,20.0,1,20,2.83,0.142
27,20.0,1,21,1.58,0.079
27,20.0,1,22,1.17,0.058
27,20.0,1,23,0.93,0.046
27,20.0,2,0,0.9,0.045
27,20.0,2,1,0.88,0.044
27,20.0,2,2,0.87,0.044
27,20.0,2,3,0.92,0.046
27,20.0,2,4,0.94,0.047
27,20.0,2,5,2.54,0.127
27,20.0,2,6,5.74,0.287
27,20.0,2,7,10.78,0.539
27,20.0,2,8,17.14,0.857
27,20.0,2,9,17.96,0.898
27,20.0,2,10,17.95,0.898
27,20.0,2,11,18.15,0.908
27,20.0,2,12,16.7,0.835
27,20.0,2,13,14.51,0.726
27,20.0,2,14,12.73,0.637
27,20.0,2,15,9.28,0.464
27,20.0,2,16,4.66,0.233
27,20.0,2,17,3.97,0.198
27,20.0,2,18,3.08,0.154
27,20.0,2,19,2.69,0.134
27,20.0,2,20,1.26,0.063
27,20.0,2,21,0.33,0.016
27,20.0,2,22,0.09,0.004
27,20.0,2,23,0.29,0.014
27,20.0,3,0,0.59,0.03
27,20.0,3,1,0.6,0.03
27,20.0,3,2,0.58,0.029
27,20.0,3,3,0.58,0.029
27,20.0,3,4,0.65,0.032
27,20.0,3,5,2.27,0.114
27,20.0,3,6,5.8,0.29
27,20.0,3,7,11.49,0.574
27,20.0,3,8,17.18,0.859
27,20.0,3,9,17.77,0.888
27,20.0,3,10,16.84,0.842
27,20.0,3,11,15.78,0.789
27,20.0,3,12,13.91,0.696
27,20.0,3,13,11.36,0.568
27,20.0,3,14,10.37,0.518
27,20.0,3,15,8.08,0.404
27,20.0,3,16,4.9,0.245
27,20.0,3,17,5.61,0.28
27,20.0,3,18,6.72,0.336
27,20.0,3,19,5.88,0.294
27,20.0,3,20,4.21,0.21
27,20.0,3,21,2.15,0.108
27,20.0,3,22,1.35,0.068
27,20.0,3,23,0.52,0.026
27,20.0,4,0,0.33,0.016
27,20.0,4,1,0.35,0.017
27,20.0,4,2,0.33,0.016
27,20.0,4,3,0.36,0.018
27,20.0,4,4,0.32,0.016
27,20.0,4,5,2.02,0.101
27,20.0,4,6,5.86,0.293
27,20.0,4,7,8.16,0.408
27,20.0,4,8,12.06,0.603
27,20.0,4,9,13.93,0.696
27,20.0,4,10,15.63,0.782
27,20.0,4,11,16.81,0.84
27,20.0,4,12,14.95,0.747
27,20.0,4,13,11.04,0.552
27,20.0,4,14,8.56,0.428
27,20.0,4,15,8.26,0.413
27,20.0,4,16,8.15,0.408
27,20.0,4,17,6.18,0.309
27,20.0,4,18,5.78,0.289
27,20.0,4,19,5.58,0.279
27,20.0,4,20,4.91,0.246
27,20.0,4,21,4.34,0.217
27,20.0,4,22,3.17,0.158
27,20.0,4,23,2.71,0.136
27,20.0,5,0,2.65,0.132
27,20.0,5,1,2.67,0.134
27,20.0,5,2,2.75,0.138
27,20.0,5,3,2.48,0.124
27,20.0,5,4,2.51,0.126
27,20.0,5,5,2.93,0.147
27,20.0,5,6,3.95,0.198
27,20.0,5,7,6.4,0.32
27,20.0,5,8,9.09,0.454
27,20.0,5,9,12.29,0.614
27,20.0,5,10,14.33,0.716
27,20.0,5,11,14.03,0.702
27,20.0,5,12,14.52,0.726
27,20.0,5,13,14.45,0.722
27,20.0,5,14,14.35,0.718
27,20.0,5,15,13.1,0.655
27,20.0,5,16,12.0,0.6
27,20.0,5,17,10.93,0.546
27,20.0,5,18,10.88,0.544
27,20.0,5,19,10.05,0.503
27,20.0,5,20,8.39,0.42
27,20.0,5,21,7.7,0.385
27,20.0,5,22,5.59,0.279
27,20.0,5,23,4.55,0.227
27,20.0,6,0,4.06,0.203
27,20.0,6,1,4.09,0.204
27,20.0,6,2,4.27,0.213
27,20.0,6,3,4.18,0.209
27,20.0,6,4,4.08,0.204
27,20.0,6,5,4.48,0.224
27,20.0,6,6,5.37,0.268
27,20.0,6,7,6.1,0.305
27,20.0,6,8,7.28,0.364
27,20.0,6,9,8.54,0.427
27,20.0,6,10,12.2,0.61
27,20.0,6,11,14.05,0.702
27,20.0,6,12,14.72,0.736
27,20.0,6,13,15.21,0.761
27,20.0,6,14,17.74,0.887
27,20.0,6,15,17.22,0.861
27,20.0,6,16,16.58,0.829
27,20.0,6,17,15.8,0.79
27,20.0,6,18,14.39,0.72
27,20.0,6,19,13.75,0.688
27,20.0,6,20,12.05,0.602
27,20.0,6,21,9.89,0.495
27,20.0,6,22,8.51,0.426
27,20.0,6,23,7.98,0.399
28,30.0,0,0,6.26,0.209
28,30.0,0,1,5.88,0.196
28,30.0,0,2,6.47,0.216
28,30.0,0,3,6.19,0.206
28,30.0,0,4,6.47,0.216
28,30.0,0,5,8.15,0.272
28,30.0,0,6,5.85,0.195
28,30.0,0,7,6.0,0.2
28,30.0,0,8,3.26,0.109
28,30.0,0,9,1.42,0.047
28,30.0,0,10,1.59,0.053
28,30.0,0,11,3.87,0.129
28,30.0,0,12,8.36,0.279
28,30.0,0,13,10.65,0.355
28,30.0,0,14,10.25,0.342
28,30.0,0,15,9.58,0.319
28,30.0,0,16,7.38,0.246
28,30.0,0,17,5.62,0.187
28,30.0,0,18,7.75,0.258
28,30.0,0,19,8.08,0.269
28,30.0,0,20,9.06,0.302
28,30.0,0,21,10.41,0.347
28,30.0,0,22,11.0,0.367
28,30.0,0,23,11.27,0.376
28,30.0,1,0,11.17,0.372
28,30.0,1,1,11.23,0.374
28,30.0,1,2,11.18,0.373
28,30.0,1,3,11.4,0.38
28,30.0,1,4,10.81,0.36
28,30.0,1,5,9.74,0.325
28,30.0,1,6,11.08,0.369
28,30.0,1,7,7.32,0.244
28,30.0,1,8,6.71,0.224
28,30.0,1,9,7.6,0.253
28,30.0,1,10,5.62,0.187
28,30.0,1,11,3.83,0.128
28,30.0,1,12,5.66,0.189
28,30.0,1,13,9.34,0.311
28,30.0,1,14,10.33,0.344
28,30.0,1,15,8.49,0.283
28,30.0,1,16,8.08,0.269
28,30.0,1,17,10.11,0.337
28,30.0,1,18,12.46,0.415
28,30.0,1,19,13.63,0.454
28,30.0,1,20,13.69,0.456
28,30.0,1,21,14.02,0.467
28,30.0,1,22,14.58,0.486
28,30.0,1,23,14.83,0.494
28,30.0,2,0,14.29,0.476
28,30.0,2,1,14.37,0.479
28,30.0,2,2,14.53,0.484
28,30.0,2,3,14.69,0.49
28,30.0,2,4,13.93,0.464
28,30.0,2,5,12.77,0.426
28,30.0,2,6,13.97,0.466
28,30.0,2,7,6.17,0.206
28,30.0,2,8,3.75,0.125
28,30.0,2,9,4.97,0.166
28,30.0,2,10,4.63,0.154
28,30.0,2,11,4.13,0.138
28,30.0,2,12,10.43,0.348
28,30.0,2,13,10.49,0.35
28,30.0,2,14,10.91,0.364
28,30.0,2,15,9.73,0.324
28,30.0,2,16,8.34,0.278
28,30.0,2,17,6.79,0.226
28,30.0,2,18,12.02,0.401
28,30.0,2,19,14.81,0.494
28,30.0,2,20,15.94,0.531
28,30.0,2,21,16.82,0.561
28,30.0,2,22,18.5,0.617
28,30.0,2,23,19.27,0.642
28,30.0,3,0,19.29,0.643
28,30.0,3,1,18.87,0.629
28,30.0,3,2,19.04,0.635
28,30.0,3,3,18.96,0.632
28,30.0,3,4,18.25,0.608
28,30.0,3,5,14.42,0.481
28,30.0,3,6,12.49,0.416
28,30.0,3,7,11.41,0.38
28,30.0,3,8,7.14,0.238
28,30.0,3,9,6.79,0.226
28,30.0,3,10,4.93,0.164
28,30.0,3,11,4.16,0.139
28,30.0,3,12,5.86,0.195
28,30.0,3,13,10.38,0.346
28,30.0,3,14,10.88,0.363
28,30.0,3,15,9.99,0.333
28,30.0,3,16,9.02,0.301
28,30.0,3,17,12.0,0.4
28,30.0,3,18,16.51,0.55
28,30.0,3,19,17.86,0.595
28,30.0,3,20,18.88,0.629
28,30.0,3,21,18.66,0.622
28,30.0,3,22,20.1,0.67
28,30.0,3,23,20.67,0.689
28,30.0,4,0,20.82,0.694
28,30.0,4,1,20.6,0.687
28,30.0,4,2,20.79,0.693
28,30.0,4,3,20.67,0.689
28,30.0,4,4,20.5,0.683
28,30.0,4,5,16.59,0.553
28,30.0,4,6,14.06,0.469
28,30.0,4,7,12.47,0.416
28,30.0,4,8,9.99,0.333
28,30.0,4,9,6.7,0.223
28,30.0,4,10,6.98,0.233
28,30.0,4,11,9.3,0.31
28,30.0,4,12,11.56,0.385
28,30.0,4,13,11.32,0.377
28,30.0,4,14,10.33,0.344
28,30.0,4,15,8.36,0.279
28,30.0,4,16,9.19,0.306
28,30.0,4,17,8.26,0.275
28,30.0,4,18,8.97,0.299
28,30.0,4,19,8.82,0.294
28,30.0,4,20,9.67,0.322
28,30.0,4,21,9.89,0.33
28,30.0,4,22,11.59,0.386
28,30.0,4,23,12.5,0.417
28,30.0,5,0,11.86,0.395
28,30.0,5,1,12.12,0.404
28,30.0,5,2,12.15,0.405
28,30.0,5,3,12.41,0.414
28,30.0,5,4,11.29,0.376
28,30.0,5,5,8.85,0.295
28,30.0,5,6,7.06,0.235
28,30.0,5,7,6.2,0.207
28,30.0,5,8,4.15,0.138
28,30.0,5,9,3.97,0.132
28,30.0,5,10,7.28,0.243
28,30.0,5,11,10.26,0.342
28,30.0,5,12,8.25,0.275
28,30.0,5,13,7.24,0.241
28,30.0,5,14,9.66,0.322
28,30.0,5,15,10.22,0.341
28,30.0,5,16,10.4,0.347
28,30.0,5,17,9.73,0.324
28,30.0,5,18,8.85,0.295
28,30.0,5,19,7.69,0.256
28,30.0,5,20,7.61,0.254
28,30.0,5,21,7.31,0.244
28,30.0,5,22,7.73,0.258
28,30.0,5,23,7.7,0.257
28,30.0,6,0,7.86,0.262
28,30.0,6,1,7.71,0.257
28,30.0,6,2,8.0,0.267
28,30.0,6,3,7.8,0.26
28,30.0,6,4,7.27,0.242
28,30.0,6,5,5.72,0.191
28,30.0,6,6,4.86,0.162
28,30.0,6,7,4.25,0.142
28,30.0,6,8,2.82,0.094
28,30.0,6,9,3.87,0.129
28,30.0,6,10,6.21,0.207
28,30.0,6,11,6.14,0.205
28,30.0,6,12,5.66,0.189
28,30.0,6,13,4.16,0.139
28,30.0,6,14,6.05,0.202
28,30.0,6,15,6.47,0.216
28,30.0,6,16,7.44,0.248
28,30.0,6,17,7.25,0.242
28,30.0,6,18,6.69,0.223
28,30.0,6,19,6.47,0.216
28,30.0,6,20,6.83,0.228
28,30.0,6,21,6.64,0.221
28,30.0,6,22,6.42,0.214
28,30.0,6,23,5.96,0.199
29,29.0,0,0,22.07,0.761
29,29.0,0,1,22.04,0.76
29,29.0,0,2,22.09,0.762
29,29.0,0,3,22.04,0.76
29,29.0,0,4,21.86,0.754
29,29.0,0,5,18.86,0.65
29,29.0,0,6,18.16,0.626
29,29.0,0,7,16.2,0.559
29,29.0,0,8,16.52,0.57
29,29.0,0,9,18.86,0.65
29,29.0,0,10,17.6,0.607
29,29.0,0,11,17.21,0.593
29,29.0,0,12,18.53,0.639
29,29.0,0,13,19.57,0.675
29,29.0,0,14,20.72,0.714
29,29.0,0,15,20.78,0.717
29,29.0,0,16,20.25,0.698
29,29.0,0,17,21.01,0.724
29,29.0,0,18,21.62,0.746
29,29.0,0,19,22.22,0.766
29,29.0,0,20,23.09,0.796
29,29.0,0,21,23.17,0.799
29,29.0,0,22,22.9,0.79
29,29.0,0,23,23.07,0.796
29,29.0,1,0,22.84,0.788
29,29.0,1,1,22.64,0.781
29,29.0,1,2,22.63,0.78
29,29.0,1,3,22.98,0.792
29,29.0,1,4,21.45,0.74
29,29.0,1,5,15.71,0.542
29,29.0,1,6,10.97,0.378
29,29.0,1,7,8.58,0.296
29,29.0,1,8,7.91,0.273
29,29.0,1,9,9.03,0.311
29,29.0,1,10,9.12,0.314
29,29.0,1,11,9.22,0.318
29,29.0,1,12,10.93,0.377
29,29.0,1,13,12.77,0.44
29,29.0,1,14,13.56,0.468
29,29.0,1,15,14.04,0.484
29,29.0,1,16,13.04,0.45
29,29.0,1,17,10.97,0.378
29,29.0,1,18,12.4,0.428
29,29.0,1,19,13.42,0.463
29,29.0,1,20,13.02,0.449
29,29.0,1,21,12.39,0.427
29,29.0,1,22,12.24,0.422
29,29.0,1,23,12.06,0.416
29,29.0,2,0,13.36,0.461
29,29.0,2,1,13.54,0.467
29,29.0,2,2,12.82,0.442
29,29.0,2,3,13.33,0.46
29,29.0,2,4,12.75,0.44
29,29.0,2,5,10.81,0.373
29,29.0,2,6,8.58,0.296
29,29.0,2,7,7.11,0.245
29,29.0,2,8,8.22,0.283
29,29.0,2,9,8.12,0.28
29,29.0,2,10,7.03,0.242
29,29.0,2,11,7.64,0.263
29,29.0,2,12,9.53,0.329
29,29.0,2,13,11.01,0.38
29,29.0,2,14,12.52,0.432
29,29.0,2,15,12.29,0.424
29,29.0,2,16,10.36,0.357
29,29.0,2,17,9.33,0.322
29,29.0,2,18,9.59,0.331
29,29.0,2,19,10.77,0.371
29,29.0,2,20,10.87,0.375
29,29.0,2,21,10.0,0.345
29,29.0,2,22,8.92,0.308
29,29.0,2,23,8.31,0.287
29,29.0,3,0,8.68,0.299
29,29.0,3,1,8.63,0.298
29,29.0,3,2,8.51,0.293
29,29.0,3,3,8.33,0.287
29,29.0,3,4,8.57,0.296
29,29.0,3,5,7.68,0.265
29,29.0,3,6,5.22,0.18
29,29.0,3,7,4.14,0.143
29,29.0,3,8,6.34,0.219
29,29.0,3,9,8.81,0.304
29,29.0,3,10,10.16,0.35
29,29.0,3,11,10.73,0.37
29,29.0,3,12,12.74,0.439
29,29.0,3,13,15.2,0.524
29,29.0,3,14,15.99,0.551
29,29.0,3,15,16.26,0.561
29,29.0,3,16,14.7,0.507
29,29.0,3,17,14.72,0.508
29,29.0,3,18,15.49,0.534
29,29.0,3,19,17.05,0.588
29,29.0,3,20,17.26,0.595
29,29.0,3,21,17.6,0.607
29,29.0,3,22,16.55,0.571
29,29.0,3,23,16.04,0.553
29,29.0,4,0,16.48,0.568
29,29.0,4,1,16.4,0.566
29,29.0,4,2,16.15,0.557
29,29.0,4,3,16.74,0.577
29,29.0,4,4,16.26,0.561
29,29.0,4,5,15.09,0.52
29,29.0,4,6,14.41,0.497
29,29.0,4,7,15.1,0.521
29,29.0,4,8,17.95,0.619
29,29.0,4,9,18.0,0.621
29,29.0,4,10,16.09,0.555
29,29.0,4,11,16.45,0.567
29,29.0,4,12,17.68,0.61
29,29.0,4,13,18.77,0.647
29,29.0,4,14,20.34,0.701
29,29.0,4,15,20.27,0.699
29,29.0,4,16,21.91,0.756
29,29.0,4,17,23.86,0.823
29,29.0,4,18,26.22,0.904
29,29.0,4,19,27.57,0.951
29,29.0,4,20,26.7,0.921
29,29.0,4,21,26.37,0.909
29,29.0,4,22,25.29,0.872
29,29.0,4,23,24.58,0.848
29,29.0,5,0,24.35,0.84
29,29.0,5,1,24.69,0.851
29,29.0,5,2,24.47,0.844
29,29.0,5,3,24.63,0.849
29,29.0,5,4,24.45,0.843
29,29.0,5,5,24.11,0.831
29,29.0,5,6,23.67,0.816
29,29.0,5,7,23.45,0.809
29,29.0,5,8,24.03,0.829
29,29.0,5,9,22.72,0.783
29,29.0,5,10,23.65,0.816
29,29.0,5,11,25.43,0.877
29,29.0,5,12,25.43,0.877
29,29.0,5,13,25.55,0.881
29,29.0,5,14,26.06,0.899
29,29.0,5,15,26.76,0.923
29,29.0,5,16,27.28,0.941
29,29.0,5,17,28.38,0.979
29,29.0,5,18,27.51,0.949
29,29.0,5,19,27.22,0.939
29,29.0,5,20,27.23,0.939
29,29.0,5,21,26.32,0.908
29,29.0,5,22,26.38,0.91
29,29.0,5,23,25.94,0.894
29,29.0,6,0,25.63,0.884
29,29.0,6,1,25.64,0.884
29,29.0,6,2,25.75,0.888
29,29.0,6,3,25.69,0.886
29,29.0,6,4,25.45,0.878
29,29.0,6,5,25.38,0.875
29,29.0,6,6,25.6,0.883
29,29.0,6,7,26.81,0.924
29,29.0,6,8,26.93,0.929
29,29.0,6,9,25.58,0.882
29,29.0,6,10,25.94,0.894
29,29.0,6,11,25.69,0.886
29,29.0,6,12,25.9,0.893
29,29.0,6,13,25.94,0.894
29,29.0,6,14,26.47,0.913
29,29.0,6,15,26.84,0.926
29,29.0,6,16,26.7,0.921
29,29.0,6,17,25.99,0.896
29,29.0,6,18,26.26,0.906
29,29.0,6,19,27.52,0.949
29,29.0,6,20,26.44,0.912
29,29.0,6,21,25.76,0.888
29,29.0,6,22,25.0,0.862
29,29.0,6,23,23.12,0.797
3,20.0,0,0,13.29,0.664
3,20.0,0,1,13.18,0.659
3,20.0,0,2,13.05,0.653
3,20.0,0,3,12.81,0.641
3,20.0,0,4,12.37,0.618
3,20.0,0,5,10.64,0.532
3,20.0,0,6,9.36,0.468
3,20.0,0,7,8.82,0.441
3,20.0,0,8,12.02,0.601
3,20.0,0,9,11.38,0.569
3,20.0,0,10,10.2,0.51
3,20.0,0,11,7.79,0.39
3,20.0,0,12,7.82,0.391
3,20.0,0,13,8.54,0.427
3,20.0,0,14,8.36,0.418
3,20.0,0,15,7.72,0.386
3,20.0,0,16,7.54,0.377
3,20.0,0,17,6.82,0.341
3,20.0,0,18,6.86,0.343
3,20.0,0,19,7.87,0.394
3,20.0,0,20,7.12,0.356
3,20.0,0,21,7.69,0.384
3,20.0,0,22,8.36,0.418
3,20.0,0,23,9.34,0.467
3,20.0,1,0,9.35,0.467
3,20.0,1,1,9.46,0.473
3,20.0,1,2,9.26,0.463
3,20.0,1,3,9.2,0.46
3,20.0,1,4,9.13,0.456
3,20.0,1,5,7.36,0.368
3,20.0,1,6,5.89,0.294
3,20.0,1,7,5.26,0.263
3,20.0,1,8,9.16,0.458
3,20.0,1,9,7.27,0.364
3,20.0,1,10,6.71,0.336
3,20.0,1,11,4.0,0.2
3,20.0,1,12,7.2,0.36
3,20.0,1,13,7.97,0.398
3,20.0,1,14,7.88,0.394
3,20.0,1,15,7.82,0.391
3,20.0,1,16,5.26,0.263
3,20.0,1,17,4.66,0.233
3,20.0,1,18,4.55,0.227
3,20.0,1,19,4.7,0.235
3,20.0,1,20,5.14,0.257
3,20.0,1,21,6.02,0.301
3,20.0,1,22,5.2,0.26
3,20.0,1,23,6.0,0.3
3,20.0,2,0,6.37,0.318
3,20.0,2,1,6.67,0.334
3,20.0,2,2,6.75,0.338
3,20.0,2,3,6.7,0.335
3,20.0,2,4,5.73,0.287
3,20.0,2,5,4.85,0.242
3,20.0,2,6,3.79,0.19
3,20.0,2,7,3.04,0.152
3,20.0,2,8,7.15,0.358
3,20.0,2,9,6.37,0.318
3,20.0,2,10,7.01,0.35
3,20.0,2,11,4.17,0.208
3,20.0,2,12,5.47,0.273
3,20.0,2,13,6.75,0.338
3,20.0,2,14,7.29,0.364
3,20.0,2,15,6.48,0.324
3,20.0,2,16,6.21,0.31
3,20.0,2,17,7.04,0.352
3,20.0,2,18,8.67,0.434
3,20.0,2,19,8.73,0.436
3,20.0,2,20,8.63,0.432
3,20.0,2,21,8.67,0.434
3,20.0,2,22,8.5,0.425
3,20.0,2,23,9.01,0.45
3,20.0,3,0,9.17,0.458
3,20.0,3,1,9.21,0.46
3,20.0,3,2,9.18,0.459
3,20.0,3,3,8.89,0.444
3,20.0,3,4,8.47,0.424
3,20.0,3,5,7.19,0.36
3,20.0,3,6,5.23,0.262
3,20.0,3,7,4.45,0.222
3,20.0,3,8,9.35,0.467
3,20.0,3,9,9.59,0.48
3,20.0,3,10,10.05,0.503
3,20.0,3,11,6.61,0.33
3,20.0,3,12,6.16,0.308
3,20.0,3,13,7.48,0.374
3,20.0,3,14,8.51,0.426
3,20.0,3,15,7.55,0.378
3,20.0,3,16,5.68,0.284
3,20.0,3,17,6.71,0.336
3,20.0,3,18,7.94,0.397
3,20.0,3,19,7.46,0.373
3,20.0,3,20,7.71,0.386
3,20.0,3,21,8.32,0.416
3,20.0,3,22,8.83,0.442
3,20.0,3,23,9.66,0.483
3,20.0,4,0,10.29,0.514
3,20.0,4,1,10.39,0.52
3,20.0,4,2,10.57,0.528
3,20.0,4,3,10.29,0.514
3,20.0,4,4,9.76,0.488
3,20.0,4,5,7.86,0.393
3,20.0,4,6,6.23,0.312
3,20.0,4,7,5.0,0.25
3,20.0,4,8,9.62,0.481
3,20.0,4,9,10.68,0.534
3,20.0,4,10,10.05,0.503
3,20.0,4,11,7.03,0.352
3,20.0,4,12,5.04,0.252
3,20.0,4,13,6.21,0.31
3,20.0,4,14,5.95,0.298
3,20.0,4,15,6.16,0.308
3,20.0,4,16,7.01,0.35
3,20.0,4,17,7.96,0.398
3,20.0,4,18,8.28,0.414
3,20.0,4,19,9.18,0.459
3,20.0,4,20,10.72,0.536
3,20.0,4,21,10.33,0.516
3,20.0,4,22,10.3,0.515
3,20.0,4,23,10.75,0.538
3,20.0,5,0,11.27,0.564
3,20.0,5,1,11.32,0.566
3,20.0,5,2,11.27,0.564
3,20.0,5,3,11.39,0.57
3,20.0,5,4,10.94,0.547
3,20.0,5,5,9.81,0.491
3,20.0,5,6,9.02,0.451
3,20.0,5,7,7.77,0.388
3,20.0,5,8,6.0,0.3
3,20.0,5,9,5.67,0.284
3,20.0,5,10,5.79,0.29
3,20.0,5,11,4.85,0.242
3,20.0,5,12,4.98,0.249
3,20.0,5,13,6.66,0.333
3,20.0,5,14,7.82,0.391
3,20.0,5,15,6.98,0.349
3,20.0,5,16,7.7,0.385
3,20.0,5,17,8.27,0.414
3,20.0,5,18,9.27,0.463
3,20.0,5,19,8.15,0.408
3,20.0,5,20,8.79,0.439
3,20.0,5,21,9.2,0.46
3,20.0,5,22,8.88,0.444
3,20.0,5,23,8.83,0.442
3,20.0,6,0,9.17,0.458
3,20.0,6,1,9.33,0.466
3,20.0,6,2,9.48,0.474
3,20.0,6,3,9.32,0.466
3,20.0,6,4,9.24,0.462
3,20.0,6,5,8.31,0.416
3,20.0,6,6,6.92,0.346
3,20.0,6,7,6.02,0.301
3,20.0,6,8,5.67,0.284
3,20.0,6,9,5.52,0.276
3,20.0,6,10,6.39,0.32
3,20.0,6,11,6.71,0.336
3,20.0,6,12,6.96,0.348
3,20.0,6,13,7.32,0.366
3,20.0,6,14,7.8,0.39
3,20.0,6,15,8.17,0.408
3,20.0,6,16,7.73,0.386
3,20.0,6,17,8.15,0.408
3,20.0,6,18,9.53,0.476
3,20.0,6,19,11.19,0.56
3,20.0,6,20,12.41,0.62
3,20.0,6,21,12.58,0.629
3,20.0,6,22,13.3,0.665
3,20.0,6,23,13.38,0.669
30,20.0,0,0,2.42,0.121
30,20.0,0,1,2.4,0.12
30,20.0,0,2,2.27,0.114
30,20.0,0,3,2.37,0.119
30,20.0,0,4,2.35,0.118
30,20.0,0,5,1.9,0.095
30,20.0,0,6,1.47,0.074
30,20.0,0,7,1.51,0.076
30,20.0,0,8,1.39,0.069
30,20.0,0,9,1.43,0.072
30,20.0,0,10,1.26,0.063
30,20.0,0,11,1.13,0.056
30,20.0,0,12,0.97,0.048
30,20.0,0,13,1.18,0.059
30,20.0,0,14,0.93,0.046
30,20.0,0,15,0.61,0.03
30,20.0,0,16,0.83,0.041
30,20.0,0,17,0.8,0.04
30,20.0,0,18,1.34,0.067
30,20.0,0,19,1.11,0.056
30,20.0,0,20,0.86,0.043
30,20.0,0,21,0.84,0.042
30,20.0,0,22,0.51,0.026
30,20.0,0,23,0.38,0.019
30,20.0,1,0,0.38,0.019
30,20.0,1,1,0.39,0.02
30,20.0,1,2,0.36,0.018
30,20.0,1,3,0.36,0.018
30,20.0,1,4,0.38,0.019
30,20.0,1,5,0.41,0.02
30,20.0,1,6,0.89,0.044
30,20.0,1,7,0.99,0.05
30,20.0,1,8,1.82,0.091
30,20.0,1,9,1.81,0.09
30,20.0,1,10,1.67,0.083
30,20.0,1,11,0.96,0.048
30,20.0,1,12,1.2,0.06
30,20.0,1,13,1.59,0.08
30,20.0,1,14,1.61,0.08
30,20.0,1,15,0.96,0.048
30,20.0,1,16,0.25,0.012
30,20.0,1,17,0.42,0.021
30,20.0,1,18,0.95,0.048
30,20.0,1,19,1.2,0.06
30,20.0,1,20,1.31,0.066
30,20.0,1,21,1.06,0.053
30,20.0,1,22,0.66,0.033
30,20.0,1,23,0.42,0.021
30,20.0,2,0,0.35,0.017
30,20.0,2,1,0.32,0.016
30,20.0,2,2,0.35,0.017
30,20.0,2,3,0.35,0.017
30,20.0,2,4,0.31,0.016
30,20.0,2,5,0.22,0.011
30,20.0,2,6,1.38,0.069
30,20.0,2,7,2.26,0.113
30,20.0,2,8,4.08,0.204
30,20.0,2,9,3.58,0.179
30,20.0,2,10,3.19,0.16
30,20.0,2,11,2.3,0.115
30,20.0,2,12,2.48,0.124
30,20.0,2,13,3.15,0.158
30,20.0,2,14,3.11,0.156
30,20.0,2,15,2.23,0.112
30,20.0,2,16,2.06,0.103
30,20.0,2,17,2.59,0.13
30,20.0,2,18,3.07,0.154
30,20.0,2,19,3.11,0.156
30,20.0,2,20,3.0,0.15
30,20.0,2,21,3.02,0.151
30,20.0,2,22,2.18,0.109
30,20.0,2,23,1.99,0.1
30,20.0,3,0,1.99,0.1
30,20.0,3,1,2.06,0.103
30,20.0,3,2,2.12,0.106
30,20.0,3,3,1.96,0.098
30,20.0,3,4,2.05,0.102
30,20.0,3,5,2.1,0.105
30,20.0,3,6,2.78,0.139
30,20.0,3,7,2.95,0.148
30,20.0,3,8,4.4,0.22
30,20.0,3,9,3.92,0.196
30,20.0,3,10,3.63,0.182
30,20.0,3,11,2.57,0.128
30,20.0,3,12,2.84,0.142
30,20.0,3,13,2.85,0.143
30,20.0,3,14,2.97,0.149
30,20.0,3,15,2.17,0.108
30,20.0,3,16,1.22,0.061
30,20.0,3,17,1.74,0.087
30,20.0,3,18,2.9,0.145
30,20.0,3,19,3.55,0.178
30,20.0,3,20,3.24,0.162
30,20.0,3,21,3.06,0.153
30,20.0,3,22,1.88,0.094
30,20.0,3,23,1.47,0.074
30,20.0,4,0,1.49,0.074
30,20.0,4,1,1.38,0.069
30,20.0,4,2,1.47,0.074
30,20.0,4,3,1.46,0.073
30,20.0,4,4,1.43,0.072
30,20.0,4,5,1.52,0.076
30,20.0,4,6,1.72,0.086
30,20.0,4,7,2.83,0.142
30,20.0,4,8,3.66,0.183
30,20.0,4,9,4.2,0.21
30,20.0,4,10,2.81,0.14
30,20.0,4,11,2.0,0.1
30,20.0,4,12,1.49,0.074
30,20.0,4,13,2.81,0.14
30,20.0,4,14,2.6,0.13
30,20.0,4,15,2.06,0.103
30,20.0,4,16,1.74,0.087
30,20.0,4,17,2.05,0.102
30,20.0,4,18,3.33,0.166
30,20.0,4,19,3.9,0.195
30,20.0,4,20,4.06,0.203
30,20.0,4,21,3.52,0.176
30,20.0,4,22,2.78,0.139
30,20.0,4,23,2.16,0.108
30,20.0,5,0,2.0,0.1
30,20.0,5,1,2.16,0.108
30,20.0,5,2,2.05,0.102
30,20.0,5,3,1.99,0.1
30,20.0,5,4,2.03,0.102
30,20.0,5,5,2.34,0.117
30,20.0,5,6,3.04,0.152
30,20.0,5,7,3.5,0.175
30,20.0,5,8,3.74,0.187
30,20.0,5,9,3.01,0.15
30,20.0,5,10,2.6,0.13
30,20.0,5,11,2.75,0.138
30,20.0,5,12,2.71,0.136
30,20.0,5,13,2.66,0.133
30,20.0,5,14,3.1,0.155
30,20.0,5,15,2.78,0.139
30,20.0,5,16,3.08,0.154
30,20.0,5,17,3.53,0.176
30,20.0,5,18,4.21,0.21
30,20.0,5,19,4.37,0.218
30,20.0,5,20,4.28,0.214
30,20.0,5,21,4.66,0.233
30,20.0,5,22,4.02,0.201
30,20.0,5,23,3.57,0.178
30,20.0,6,0,3.39,0.17
30,20.0,6,1,3.48,0.174
30,20.0,6,2,3.43,0.172
30,20.0,6,3,3.29,0.164
30,20.0,6,4,3.48,0.174
30,20.0,6,5,3.43,0.172
30,20.0,6,6,3.48,0.174
30,20.0,6,7,4.09,0.204
30,20.0,6,8,3.25,0.162
30,20.0,6,9,2.48,0.124
30,20.0,6,10,2.16,0.108
30,20.0,6,11,1.51,0.076
30,20.0,6,12,1.42,0.071
30,20.0,6,13,1.25,0.062
30,20.0,6,14,1.24,0.062
30,20.0,6,15,1.09,0.055
30,20.0,6,16,1.04,0.052
30,20.0,6,17,1.3,0.065
30,20.0,6,18,1.21,0.06
30,20.0,6,19,1.37,0.068
30,20.0,6,20,1.68,0.084
30,20.0,6,21,2.09,0.104
30,20.0,6,22,2.12,0.106
30,20.0,6,23,2.49,0.125
31,20.0,0,0,14.53,0.726
31,20.0,0,1,14.59,0.73
31,20.0,0,2,14.6,0.73
31,20.0,0,3,14.57,0.728
31,20.0,0,4,14.3,0.715
31,20.0,0,5,14.37,0.718
31,20.0,0,6,12.78,0.639
31,20.0,0,7,10.27,0.514
31,20.0,0,8,9.86,0.493
31,20.0,0,9,10.23,0.512
31,20.0,0,10,9.38,0.469
31,20.0,0,11,8.39,0.42
31,20.0,0,12,9.16,0.458
31,20.0,0,13,9.29,0.464
31,20.0,0,14,11.19,0.56
31,20.0,0,15,13.28,0.664
31,20.0,0,16,11.73,0.586
31,20.0,0,17,12.61,0.63
31,20.0,0,18,11.03,0.552
31,20.0,0,19,11.29,0.564
31,20.0,0,20,12.26,0.613
31,20.0,0,21,12.21,0.61
31,20.0,0,22,11.63,0.582
31,20.0,0,23,11.55,0.578
31,20.0,1,0,11.47,0.574
31,20.0,1,1,11.41,0.57
31,20.0,1,2,11.42,0.571
31,20.0,1,3,11.68,0.584
31,20.0,1,4,11.25,0.562
31,20.0,1,5,9.78,0.489
31,20.0,1,6,9.73,0.487
31,20.0,1,7,8.25,0.412
31,20.0,1,8,5.79,0.29
31,20.0,1,9,6.97,0.348
31,20.0,1,10,8.63,0.432
31,20.0,1,11,8.74,0.437
31,20.0,1,12,10.71,0.536
31,20.0,1,13,10.55,0.528
31,20.0,1,14,9.75,0.488
31,20.0,1,15,9.91,0.496
31,20.0,1,16,6.32,0.316
31,20.0,1,17,8.13,0.406
31,20.0,1,18,7.78,0.389
31,20.0,1,19,8.49,0.424
31,20.0,1,20,8.53,0.426
31,20.0,1,21,8.32,0.416
31,20.0,1,22,8.55,0.428
31,20.0,1,23,8.73,0.436
31,20.0,2,0,9.44,0.472
31,20.0,2,1,9.46,0.473
31,20.0,2,2,9.64,0.482
31,20.0,2,3,9.58,0.479
31,20.0,2,4,9.5,0.475
31,20.0,2,5,10.77,0.538
31,20.0,2,6,8.28,0.414
31,20.0,2,7,7.38,0.369
31,20.0,2,8,7.26,0.363
31,20.0,2,9,8.84,0.442
31,20.0,2,10,9.08,0.454
31,20.0,2,11,7.46,0.373
31,20.0,2,12,6.09,0.304
31,20.0,2,13,6.15,0.308
31,20.0,2,14,7.32,0.366
31,20.0,2,15,9.14,0.457
31,20.0,2,16,9.29,0.464
31,20.0,2,17,11.04,0.552
31,20.0,2,18,9.71,0.486
31,20.0,2,19,9.34,0.467
31,20.0,2,20,9.39,0.47
31,20.0,2,21,9.2,0.46
31,20.0,2,22,8.68,0.434
31,20.0,2,23,9.02,0.451
31,20.0,3,0,8.73,0.436
31,20.0,3,1,8.79,0.439
31,20.0,3,2,8.92,0.446
31,20.0,3,3,8.96,0.448
31,20.0,3,4,9.0,0.45
31,20.0,3,5,9.05,0.452
31,20.0,3,6,10.28,0.514
31,20.0,3,7,10.72,0.536
31,20.0,3,8,11.12,0.556
31,20.0,3,9,11.16,0.558
31,20.0,3,10,12.33,0.616
31,20.0,3,11,12.75,0.638
31,20.0,3,12,14.13,0.706
31,20.0,3,13,10.35,0.518
31,20.0,3,14,10.43,0.522
31,20.0,3,15,10.81,0.54
31,20.0,3,16,11.26,0.563
31,20.0,3,17,12.82,0.641
31,20.0,3,18,12.14,0.607
31,20.0,3,19,12.17,0.608
31,20.0,3,20,13.25,0.662
31,20.0,3,21,12.77,0.638
31,20.0,3,22,13.47,0.674
31,20.0,3,23,13.61,0.68
31,20.0,4,0,13.71,0.686
31,20.0,4,1,13.82,0.691
31,20.0,4,2,13.79,0.69
31,20.0,4,3,13.8,0.69
31,20.0,4,4,13.47,0.674
31,20.0,4,5,13.28,0.664
31,20.0,4,6,10.4,0.52
31,20.0,4,7,7.66,0.383
31,20.0,4,8,8.7,0.435
31,20.0,4,9,9.14,0.457
31,20.0,4,10,9.07,0.454
31,20.0,4,11,9.28,0.464
31,20.0,4,12,8.74,0.437
31,20.0,4,13,8.08,0.404
31,20.0,4,14,8.4,0.42
31,20.0,4,15,11.73,0.586
31,20.0,4,16,10.51,0.526
31,20.0,4,17,11.61,0.58
31,20.0,4,18,11.21,0.56
31,20.0,4,19,12.51,0.626
31,20.0,4,20,13.58,0.679
31,20.0,4,21,14.01,0.7
31,20.0,4,22,14.23,0.712
31,20.0,4,23,13.86,0.693
31,20.0,5,0,14.0,0.7
31,20.0,5,1,13.96,0.698
31,20.0,5,2,13.91,0.696
31,20.0,5,3,13.92,0.696
31,20.0,5,4,14.66,0.733
31,20.0,5,5,16.16,0.808
31,20.0,5,6,16.06,0.803
31,20.0,5,7,15.81,0.79
31,20.0,5,8,14.59,0.73
31,20.0,5,9,14.2,0.71
31,20.0,5,10,14.0,0.7
31,20.0,5,11,13.63,0.682
31,20.0,5,12,13.04,0.652
31,20.0,5,13,13.0,0.65
31,20.0,5,14,13.29,0.664
31,20.0,5,15,14.07,0.704
31,20.0,5,16,12.57,0.629
31,20.0,5,17,12.67,0.634
31,20.0,5,18,13.12,0.656
31,20.0,5,19,13.93,0.696
31,20.0,5,20,14.11,0.706
31,20.0,5,21,13.16,0.658
31,20.0,5,22,13.28,0.664
31,20.0,5,23,12.64,0.632
31,20.0,6,0,12.52,0.626
31,20.0,6,1,12.51,0.626
31,20.0,6,2,12.61,0.63
31,20.0,6,3,12.71,0.636
31,20.0,6,4,12.75,0.638
31,20.0,6,5,12.98,0.649
31,20.0,6,6,13.69,0.684
31,20.0,6,7,13.15,0.658
31,20.0,6,8,12.87,0.644
31,20.0,6,9,11.13,0.556
31,20.0,6,10,10.83,0.542
31,20.0,6,11,11.73,0.586
31,20.0,6,12,12.07,0.604
31,20.0,6,13,12.09,0.604
31,20.0,6,14,13.49,0.674
31,20.0,6,15,15.42,0.771
31,20.0,6,16,14.76,0.738
31,20.0,6,17,14.93,0.746
31,20.0,6,18,15.29,0.764
31,20.0,6,19,15.62,0.781
31,20.0,6,20,15.32,0.766
31,20.0,6,21,15.61,0.78
31,20.0,6,22,15.22,0.761
31,20.0,6,23,15.08,0.754
32,30.0,0,0,6.61,0.22
32,30.0,0,1,6.86,0.229
32,30.0,0,2,7.13,0.238
32,30.0,0,3,7.22,0.241
32,30.0,0,4,7.5,0.25
32,30.0,0,5,8.41,0.28
32,30.0,0,6,10.32,0.344
32,30.0,0,7,13.0,0.433
32,30.0,0,8,14.57,0.486
32,30.0,0,9,19.11,0.637
32,30.0,0,10,17.54,0.585
32,30.0,0,11,16.14,0.538
32,30.0,0,12,16.17,0.539
32,30.0,0,13,17.16,0.572
32,30.0,0,14,17.18,0.573
32,30.0,0,15,17.63,0.588
32,30.0,0,16,21.39,0.713
32,30.0,0,17,21.92,0.731
32,30.0,0,18,18.33,0.611
32,30.0,0,19,15.35,0.512
32,30.0,0,20,14.47,0.482
32,30.0,0,21,12.43,0.414
32,30.0,0,22,11.49,0.383
32,30.0,0,23,11.48,0.383
32,30.0,1,0,11.2,0.373
32,30.0,1,1,11.29,0.376
32,30.0,1,2,11.23,0.374
32,30.0,1,3,11.39,0.38
32,30.0,1,4,11.83,0.394
32,30.0,1,5,13.03,0.434
32,30.0,1,6,15.37,0.512
32,30.0,1,7,14.82,0.494
32,30.0,1,8,17.65,0.588
32,30.0,1,9,21.72,0.724
32,30.0,1,10,19.05,0.635
32,30.0,1,11,18.4,0.613
32,30.0,1,12,17.97,0.599
32,30.0,1,13,18.31,0.61
32,30.0,1,14,16.33,0.544
32,30.0,1,15,18.86,0.629
32,30.0,1,16,21.71,0.724
32,30.0,1,17,22.96,0.765
32,30.0,1,18,22.03,0.734
32,30.0,1,19,19.03,0.634
32,30.0,1,20,14.43,0.481
32,30.0,1,21,9.85,0.328
32,30.0,1,22,8.76,0.292
32,30.0,1,23,8.33,0.278
32,30.0,2,0,8.47,0.282
32,30.0,2,1,8.17,0.272
32,30.0,2,2,8.13,0.271
32,30.0,2,3,8.54,0.285
32,30.0,2,4,9.2,0.307
32,30.0,2,5,9.75,0.325
32,30.0,2,6,12.33,0.411
32,30.0,2,7,13.23,0.441
32,30.0,2,8,13.23,0.441
32,30.0,2,9,18.67,0.622
32,30.0,2,10,14.79,0.493
32,30.0,2,11,15.0,0.5
32,30.0,2,12,15.02,0.501
32,30.0,2,13,12.86,0.429
32,30.0,2,14,13.58,0.453
32,30.0,2,15,16.3,0.543
32,30.0,2,16,19.26,0.642
32,30.0,2,17,20.74,0.691
32,30.0,2,18,16.37,0.546
32,30.0,2,19,12.77,0.426
32,30.0,2,20,9.41,0.314
32,30.0,2,21,7.99,0.266
32,30.0,2,22,7.72,0.257
32,30.0,2,23,6.93,0.231
32,30.0,3,0,7.09,0.236
32,30.0,3,1,6.89,0.23
32,30.0,3,2,6.88,0.229
32,30.0,3,3,7.26,0.242
32,30.0,3,4,7.77,0.259
32,30.0,3,5,8.53,0.284
32,30.0,3,6,9.26,0.309
32,30.0,3,7,9.0,0.3
32,30.0,3,8,12.02,0.401
32,30.0,3,9,15.09,0.503
32,30.0,3,10,15.14,0.505
32,30.0,3,11,15.61,0.52
32,30.0,3,12,14.28,0.476
32,30.0,3,13,14.31,0.477
32,30.0,3,14,14.13,0.471
32,30.0,3,15,15.08,0.503
32,30.0,3,16,19.78,0.659
32,30.0,3,17,20.2,0.673
32,30.0,3,18,19.03,0.634
32,30.0,3,19,15.92,0.531
32,30.0,3,20,13.51,0.45
32,30.0,3,21,10.64,0.355
32,30.0,3,22,9.13,0.304
32,30.0,3,23,8.68,0.289
32,30.0,4,0,8.62,0.287
32,30.0,4,1,8.54,0.285
32,30.0,4,2,8.44,0.281
32,30.0,4,3,8.72,0.291
32,30.0,4,4,9.81,0.327
32,30.0,4,5,10.79,0.36
32,30.0,4,6,11.18,0.373
32,30.0,4,7,12.73,0.424
32,30.0,4,8,15.27,0.509
32,30.0,4,9,16.45,0.548
32,30.0,4,10,19.41,0.647
32,30.0,4,11,20.45,0.682
32,30.0,4,12,19.03,0.634
32,30.0,4,13,17.94,0.598
32,30.0,4,14,18.87,0.629
32,30.0,4,15,18.93,0.631
32,30.0,4,16,18.33,0.611
32,30.0,4,17,18.56,0.619
32,30.0,4,18,16.84,0.561
32,30.0,4,19,13.44,0.448
32,30.0,4,20,11.35,0.378
32,30.0,4,21,10.31,0.344
32,30.0,4,22,8.95,0.298
32,30.0,4,23,8.25,0.275
32,30.0,5,0,8.42,0.281
32,30.0,5,1,8.22,0.274
32,30.0,5,2,8.61,0.287
32,30.0,5,3,8.44,0.281
32,30.0,5,4,9.04,0.301
32,30.0,5,5,9.19,0.306
32,30.0,5,6,9.79,0.326
32,30.0,5,7,11.93,0.398
32,30.0,5,8,14.28,0.476
32,30.0,5,9,17.58,0.586
32,30.0,5,10,19.54,0.651
32,30.0,5,11,19.87,0.662
32,30.0,5,12,18.62,0.621
32,30.0,5,13,20.26,0.675
32,30.0,5,14,20.27,0.676
32,30.0,5,15,22.18,0.739
32,30.0,5,16,21.58,0.719
32,30.0,5,17,18.12,0.604
32,30.0,5,18,16.44,0.548
32,30.0,5,19,13.98,0.466
32,30.0,5,20,12.92,0.431
32,30.0,5,21,12.27,0.409
32,30.0,5,22,10.69,0.356
32,30.0,5,23,10.06,0.335
32,30.0,6,0,9.97,0.332
32,30.0,6,1,10.0,0.333
32,30.0,6,2,10.07,0.336
32,30.0,6,3,10.12,0.337
32,30.0,6,4,9.99,0.333
32,30.0,6,5,10.07,0.336
32,30.0,6,6,10.22,0.341
32,30.0,6,7,11.85,0.395
32,30.0,6,8,14.83,0.494
32,30.0,6,9,18.7,0.623
32,30.0,6,10,21.08,0.703
32,30.0,6,11,24.91,0.83
32,30.0,6,12,24.64,0.821
32,30.0,6,13,21.46,0.715
32,30.0,6,14,20.78,0.693
32,30.0,6,15,19.18,0.639
32,30.0,6,16,16.1,0.537
32,30.0,6,17,13.43,0.448
32,30.0,6,18,13.12,0.437
32,30.0,6,19,12.41,0.414
32,30.0,6,20,10.97,0.366
32,30.0,6,21,9.71,0.324
32,30.0,6,22,8.21,0.274
32,30.0,6,23,7.61,0.254
33,23.0,0,0,15.07,0.655
33,23.0,0,1,14.82,0.644
33,23.0,0,2,15.16,0.659
33,23.0,0,3,15.0,0.652
33,23.0,0,4,13.46,0.585
33,23.0,0,5,11.72,0.51
33,23.0,0,6,11.74,0.51
33,23.0,0,7,10.7,0.465
33,23.0,0,8,14.66,0.637
33,23.0,0,9,14.78,0.643
33,23.0,0,10,9.67,0.42
33,23.0,0,11,9.77,0.425
33,23.0,0,12,11.93,0.519
33,23.0,0,13,12.25,0.533
33,23.0,0,14,15.54,0.676
33,23.0,0,15,19.74,0.858
33,23.0,0,16,19.06,0.829
33,23.0,0,17,19.99,0.869
33,23.0,0,18,19.15,0.833
33,23.0,0,19,17.65,0.767
33,23.0,0,20,18.04,0.784
33,23.0,0,21,16.54,0.719
33,23.0,0,22,16.49,0.717
33,23.0,0,23,14.71,0.64
33,23.0,1,0,14.76,0.642
33,23.0,1,1,14.59,0.634
33,23.0,1,2,14.59,0.634
33,23.0,1,3,14.65,0.637
33,23.0,1,4,14.41,0.627
33,23.0,1,5,12.44,0.541
33,23.0,1,6,10.9,0.474
33,23.0,1,7,8.64,0.376
33,23.0,1,8,13.53,0.588
33,23.0,1,9,16.23,0.706
33,23.0,1,10,15.41,0.67
33,23.0,1,11,16.93,0.736
33,23.0,1,12,17.43,0.758
33,23.0,1,13,14.64,0.637
33,23.0,1,14,14.93,0.649
33,23.0,1,15,17.85,0.776
33,23.0,1,16,20.84,0.906
33,23.0,1,17,20.27,0.881
33,23.0,1,18,18.81,0.818
33,23.0,1,19,16.95,0.737
33,23.0,1,20,15.05,0.654
33,23.0,1,21,12.21,0.531
33,23.0,1,22,11.58,0.503
33,23.0,1,23,11.05,0.48
33,23.0,2,0,10.94,0.476
33,23.0,2,1,10.9,0.474
33,23.0,2,2,10.8,0.47
33,23.0,2,3,10.9,0.474
33,23.0,2,4,10.68,0.464
33,23.0,2,5,10.56,0.459
33,23.0,2,6,8.75,0.38
33,23.0,2,7,9.16,0.398
33,23.0,2,8,15.91,0.692
33,23.0,2,9,16.09,0.7
33,23.0,2,10,11.41,0.496
33,23.0,2,11,11.15,0.485
33,23.0,2,12,14.31,0.622
33,23.0,2,13,13.34,0.58
33,23.0,2,14,13.36,0.581
33,23.0,2,15,13.56,0.59
33,23.0,2,16,16.07,0.699
33,23.0,2,17,18.48,0.803
33,23.0,2,18,16.96,0.737
33,23.0,2,19,16.82,0.731
33,23.0,2,20,15.46,0.672
33,23.0,2,21,12.19,0.53
33,23.0,2,22,10.56,0.459
33,23.0,2,23,9.24,0.402
33,23.0,3,0,9.12,0.397
33,23.0,3,1,8.81,0.383
33,23.0,3,2,8.94,0.389
33,23.0,3,3,9.22,0.401
33,23.0,3,4,9.07,0.394
33,23.0,3,5,9.03,0.393
33,23.0,3,6,7.97,0.347
33,23.0,3,7,9.49,0.413
33,23.0,3,8,15.01,0.653
33,23.0,3,9,13.63,0.593
33,23.0,3,10,13.84,0.602
33,23.0,3,11,12.97,0.564
33,23.0,3,12,10.18,0.443
33,23.0,3,13,10.28,0.447
33,23.0,3,14,13.31,0.579
33,23.0,3,15,17.61,0.766
33,23.0,3,16,20.08,0.873
33,23.0,3,17,21.17,0.92
33,23.0,3,18,20.33,0.884
33,23.0,3,19,19.48,0.847
33,23.0,3,20,18.27,0.794
33,23.0,3,21,16.39,0.713
33,23.0,3,22,14.55,0.633
33,23.0,3,23,12.51,0.544
33,23.0,4,0,12.87,0.56
33,23.0,4,1,13.04,0.567
33,23.0,4,2,12.74,0.554
33,23.0,4,3,12.93,0.562
33,23.0,4,4,12.3,0.535
33,23.0,4,5,13.19,0.573
33,23.0,4,6,10.87,0.473
33,23.0,4,7,9.31,0.405
33,23.0,4,8,11.66,0.507
33,23.0,4,9,12.35,0.537
33,23.0,4,10,12.28,0.534
33,23.0,4,11,12.18,0.53
33,23.0,4,12,15.35,0.667
33,23.0,4,13,16.19,0.704
33,23.0,4,14,17.82,0.775
33,23.0,4,15,19.51,0.848
33,23.0,4,16,17.94,0.78
33,23.0,4,17,18.92,0.823
33,23.0,4,18,19.66,0.855
33,23.0,4,19,19.83,0.862
33,23.0,4,20,18.94,0.823
33,23.0,4,21,17.81,0.774
33,23.0,4,22,17.15,0.746
33,23.0,4,23,16.63,0.723
33,23.0,5,0,16.53,0.719
33,23.0,5,1,16.5,0.717
33,23.0,5,2,16.52,0.718
33,23.0,5,3,16.33,0.71
33,23.0,5,4,15.8,0.687
33,23.0,5,5,16.42,0.714
33,23.0,5,6,17.94,0.78
33,23.0,5,7,17.43,0.758
33,23.0,5,8,17.73,0.771
33,23.0,5,9,14.91,0.648
33,23.0,5,10,14.76,0.642
33,23.0,5,11,13.56,0.59
33,23.0,5,12,13.83,0.601
33,23.0,5,13,14.97,0.651
33,23.0,5,14,17.72,0.77
33,23.0,5,15,17.2,0.748
33,23.0,5,16,17.76,0.772
33,23.0,5,17,18.39,0.8
33,23.0,5,18,19.35,0.841
33,23.0,5,19,17.59,0.765
33,23.0,5,20,17.29,0.752
33,23.0,5,21,17.66,0.768
33,23.0,5,22,18.02,0.783
33,23.0,5,23,17.49,0.76
33,23.0,6,0,17.66,0.768
33,23.0,6,1,17.92,0.779
33,23.0,6,2,17.8,0.774
33,23.0,6,3,17.83,0.775
33,23.0,6,4,17.25,0.75
33,23.0,6,5,17.01,0.74
33,23.0,6,6,17.72,0.77
33,23.0,6,7,20.38,0.886
33,23.0,6,8,19.32,0.84
33,23.0,6,9,18.4,0.8
33,23.0,6,10,17.75,0.772
33,23.0,6,11,19.11,0.831
33,23.0,6,12,16.69,0.726
33,23.0,6,13,16.92,0.736
33,23.0,6,14,18.47,0.803
33,23.0,6,15,18.69,0.813
33,23.0,6,16,18.19,0.791
33,23.0,6,17,19.56,0.85
33,23.0,6,18,18.61,0.809
33,23.0,6,19,16.96,0.737
33,23.0,6,20,16.69,0.726
33,23.0,6,21,15.5,0.674
33,23.0,6,22,16.73,0.727
33,23.0,6,23,15.51,0.674
34,40.0,0,0,15.22,0.38
34,40.0,0,1,15.25,0.381
34,40.0,0,2,15.34,0.384
34,40.0,0,3,15.18,0.38
34,40.0,0,4,14.74,0.368
34,40.0,0,5,14.02,0.35
34,40.0,0,6,15.51,0.388
34,40.0,0,7,8.93,0.223
34,40.0,0,8,4.05,0.101
34,40.0,0,9,7.56,0.189
34,40.0,0,10,6.98,0.175
34,40.0,0,11,6.37,0.159
34,40.0,0,12,5.74,0.144
34,40.0,0,13,5.95,0.149
34,40.0,0,14,5.66,0.142
34,40.0,0,15,5.71,0.143
34,40.0,0,16,8.89,0.222
34,40.0,0,17,15.73,0.393
34,40.0,0,18,19.23,0.481
34,40.0,0,19,20.1,0.503
34,40.0,0,20,21.75,0.544
34,40.0,0,21,23.2,0.58
34,40.0,0,22,23.39,0.585
34,40.0,0,23,23.26,0.582
34,40.0,1,0,23.67,0.592
34,40.0,1,1,23.81,0.595
34,40.0,1,2,24.03,0.601
34,40.0,1,3,24.36,0.609
34,40.0,1,4,23.39,0.585
34,40.0,1,5,27.84,0.696
34,40.0,1,6,27.86,0.696
34,40.0,1,7,15.76,0.394
34,40.0,1,8,4.06,0.102
34,40.0,1,9,8.23,0.206
34,40.0,1,10,8.1,0.202
34,40.0,1,11,7.36,0.184
34,40.0,1,12,5.86,0.147
34,40.0,1,13,5.49,0.137
34,40.0,1,14,6.58,0.164
34,40.0,1,15,5.2,0.13
34,40.0,1,16,9.01,0.225
34,40.0,1,17,19.32,0.483
34,40.0,1,18,23.05,0.576
34,40.0,1,19,24.19,0.605
34,40.0,1,20,26.13,0.653
34,40.0,1,21,26.88,0.672
34,40.0,1,22,26.28,0.657
34,40.0,1,23,27.33,0.683
34,40.0,2,0,29.0,0.725
34,40.0,2,1,29.16,0.729
34,40.0,2,2,29.24,0.731
34,40.0,2,3,29.11,0.728
34,40.0,2,4,28.9,0.722
34,40.0,2,5,29.35,0.734
34,40.0,2,6,30.04,0.751
34,40.0,2,7,16.43,0.411
34,40.0,2,8,3.54,0.088
34,40.0,2,9,8.93,0.223
34,40.0,2,10,7.46,0.186
34,40.0,2,11,5.4,0.135
34,40.0,2,12,4.64,0.116
34,40.0,2,13,5.32,0.133
34,40.0,2,14,5.68,0.142
34,40.0,2,15,5.68,0.142
34,40.0,2,16,8.24,0.206
34,40.0,2,17,14.07,0.352
34,40.0,2,18,17.51,0.438
34,40.0,2,19,20.1,0.503
34,40.0,2,20,19.93,0.498
34,40.0,2,21,20.63,0.516
34,40.0,2,22,19.89,0.497
34,40.0,2,23,19.69,0.492
34,40.0,3,0,19.93,0.498
34,40.0,3,1,19.6,0.49
34,40.0,3,2,20.22,0.505
34,40.0,3,3,19.92,0.498
34,40.0,3,4,18.97,0.474
34,40.0,3,5,21.28,0.532
34,40.0,3,6,25.66,0.642
34,40.0,3,7,10.8,0.27
34,40.0,3,8,1.81,0.045
34,40.0,3,9,6.27,0.157
34,40.0,3,10,6.99,0.175
34,40.0,3,11,4.61,0.115
34,40.0,3,12,4.65,0.116
34,40.0,3,13,5.34,0.134
34,40.0,3,14,5.63,0.141
34,40.0,3,15,6.28,0.157
34,40.0,3,16,7.93,0.198
34,40.0,3,17,16.75,0.419
34,40.0,3,18,20.45,0.511
34,40.0,3,19,23.22,0.58
34,40.0,3,20,22.58,0.564
34,40.0,3,21,23.73,0.593
34,40.0,3,22,23.78,0.594
34,40.0,3,23,24.39,0.61
34,40.0,4,0,24.49,0.612
34,40.0,4,1,24.45,0.611
34,40.0,4,2,23.98,0.6
34,40.0,4,3,24.05,0.601
34,40.0,4,4,24.16,0.604
34,40.0,4,5,25.26,0.632
34,40.0,4,6,25.06,0.626
34,40.0,4,7,17.96,0.449
34,40.0,4,8,8.23,0.206
34,40.0,4,9,8.3,0.208
34,40.0,4,10,9.08,0.227
34,40.0,4,11,6.5,0.162
34,40.0,4,12,6.4,0.16
34,40.0,4,13,7.19,0.18
34,40.0,4,14,6.86,0.172
34,40.0,4,15,7.97,0.199
34,40.0,4,16,9.85,0.246
34,40.0,4,17,12.26,0.306
34,40.0,4,18,12.7,0.318
34,40.0,4,19,12.66,0.316
34,40.0,4,20,14.76,0.369
34,40.0,4,21,14.94,0.374
34,40.0,4,22,14.26,0.356
34,40.0,4,23,15.51,0.388
34,40.0,5,0,15.85,0.396
34,40.0,5,1,16.25,0.406
34,40.0,5,2,15.93,0.398
34,40.0,5,3,16.06,0.401
34,40.0,5,4,15.38,0.384
34,40.0,5,5,13.9,0.348
34,40.0,5,6,12.41,0.31
34,40.0,5,7,16.17,0.404
34,40.0,5,8,15.42,0.386
34,40.0,5,9,15.33,0.383
34,40.0,5,10,15.12,0.378
34,40.0,5,11,13.19,0.33
34,40.0,5,12,10.96,0.274
34,40.0,5,13,10.78,0.269
34,40.0,5,14,9.81,0.245
34,40.0,5,15,8.73,0.218
34,40.0,5,16,9.42,0.236
34,40.0,5,17,9.87,0.247
34,40.0,5,18,10.95,0.274
34,40.0,5,19,11.71,0.293
34,40.0,5,20,11.94,0.298
34,40.0,5,21,11.9,0.298
34,40.0,5,22,11.73,0.293
34,40.0,5,23,12.81,0.32
34,40.0,6,0,12.32,0.308
34,40.0,6,1,12.88,0.322
34,40.0,6,2,13.06,0.326
34,40.0,6,3,13.1,0.328
34,40.0,6,4,13.43,0.336
34,40.0,6,5,10.96,0.274
34,40.0,6,6,9.31,0.233
34,40.0,6,7,9.58,0.24
34,40.0,6,8,10.66,0.266
34,40.0,6,9,9.65,0.241
34,40.0,6,10,8.97,0.224
34,40.0,6,11,8.43,0.211
34,40.0,6,12,6.95,0.174
34,40.0,6,13,6.85,0.171
34,40.0,6,14,7.69,0.192
34,40.0,6,15,8.23,0.206
34,40.0,6,16,7.99,0.2
34,40.0,6,17,10.28,0.257
34,40.0,6,18,10.67,0.267
34,40.0,6,19,12.02,0.3
34,40.0,6,20,12.76,0.319
34,40.0,6,21,12.73,0.318
34,40.0,6,22,13.36,0.334
34,40.0,6,23,13.61,0.34
35,30.0,0,0,19.63,0.654
35,30.0,0,1,19.93,0.664
35,30.0,0,2,20.05,0.668
35,30.0,0,3,19.19,0.64
35,30.0,0,4,19.33,0.644
35,30.0,0,5,17.98,0.599
35,30.0,0,6,15.97,0.532
35,30.0,0,7,14.54,0.485
35,30.0,0,8,14.28,0.476
35,30.0,0,9,13.91,0.464
35,30.0,0,10,12.27,0.409
35,30.0,0,11,10.62,0.354
35,30.0,0,12,9.09,0.303
35,30.0,0,13,10.73,0.358
35,30.0,0,14,10.34,0.345
35,30.0,0,15,10.51,0.35
35,30.0,0,16,11.82,0.394
35,30.0,0,17,13.61,0.454
35,30.0,0,18,16.56,0.552
35,30.0,0,19,19.81,0.66
35,30.0,0,20,20.38,0.679
35,30.0,0,21,19.45,0.648
35,30.0,0,22,19.54,0.651
35,30.0,0,23,19.95,0.665
35,30.0,1,0,19.68,0.656
35,30.0,1,1,19.7,0.657
35,30.0,1,2,19.38,0.646
35,30.0,1,3,19.61,0.654
35,30.0,1,4,19.49,0.65
35,30.0,1,5,18.73,0.624
35,30.0,1,6,16.66,0.555
35,30.0,1,7,15.12,0.504
35,30.0,1,8,13.53,0.451
35,30.0,1,9,8.95,0.298
35,30.0,1,10,7.02,0.234
35,30.0,1,11,5.39,0.18
35,30.0,1,12,4.83,0.161
35,30.0,1,13,6.09,0.203
35,30.0,1,14,6.77,0.226
35,30.0,1,15,5.29,0.176
35,30.0,1,16,6.91,0.23
35,30.0,1,17,9.86,0.329
35,30.0,1,18,12.99,0.433
35,30.0,1,19,14.85,0.495
35,30.0,1,20,15.79,0.526
35,30.0,1,21,17.22,0.574
35,30.0,1,22,19.19,0.64
35,30.0,1,23,19.44,0.648
35,30.0,2,0,19.64,0.655
35,30.0,2,1,19.49,0.65
35,30.0,2,2,19.27,0.642
35,30.0,2,3,19.31,0.644
35,30.0,2,4,19.51,0.65
35,30.0,2,5,18.74,0.625
35,30.0,2,6,13.81,0.46
35,30.0,2,7,9.29,0.31
35,30.0,2,8,7.44,0.248
35,30.0,2,9,8.65,0.288
35,30.0,2,10,6.51,0.217
35,30.0,2,11,5.23,0.174
35,30.0,2,12,4.47,0.149
35,30.0,2,13,5.1,0.17
35,30.0,2,14,5.93,0.198
35,30.0,2,15,4.07,0.136
35,30.0,2,16,5.74,0.191
35,30.0,2,17,6.54,0.218
35,30.0,2,18,9.45,0.315
35,30.0,2,19,12.32,0.411
35,30.0,2,20,13.53,0.451
35,30.0,2,21,15.81,0.527
35,30.0,2,22,17.45,0.582
35,30.0,2,23,17.59,0.586
35,30.0,3,0,17.8,0.593
35,30.0,3,1,17.61,0.587
35,30.0,3,2,17.54,0.585
35,30.0,3,3,17.75,0.592
35,30.0,3,4,17.27,0.576
35,30.0,3,5,15.03,0.501
35,30.0,3,6,14.14,0.471
35,30.0,3,7,12.3,0.41
35,30.0,3,8,12.1,0.403
35,30.0,3,9,12.24,0.408
35,30.0,3,10,9.17,0.306
35,30.0,3,11,5.2,0.173
35,30.0,3,12,4.81,0.16
35,30.0,3,13,6.72,0.224
35,30.0,3,14,7.8,0.26
35,30.0,3,15,8.73,0.291
35,30.0,3,16,10.46,0.349
35,30.0,3,17,11.42,0.381
35,30.0,3,18,13.95,0.465
35,30.0,3,19,15.81,0.527
35,30.0,3,20,18.35,0.612
35,30.0,3,21,20.04,0.668
35,30.0,3,22,22.03,0.734
35,30.0,3,23,23.51,0.784
35,30.0,4,0,24.17,0.806
35,30.0,4,1,24.02,0.801
35,30.0,4,2,24.0,0.8
35,30.0,4,3,24.26,0.809
35,30.0,4,4,24.02,0.801
35,30.0,4,5,24.15,0.805
35,30.0,4,6,23.28,0.776
35,30.0,4,7,21.26,0.709
35,30.0,4,8,19.31,0.644
35,30.0,4,9,18.16,0.605
35,30.0,4,10,14.73,0.491
35,30.0,4,11,12.55,0.418
35,30.0,4,12,10.18,0.339
35,30.0,4,13,11.97,0.399
35,30.0,4,14,13.18,0.439
35,30.0,4,15,14.22,0.474
35,30.0,4,16,13.36,0.445
35,30.0,4,17,14.7,0.49
35,30.0,4,18,17.32,0.577
35,30.0,4,19,19.27,0.642
35,30.0,4,20,19.93,0.664
35,30.0,4,21,21.39,0.713
35,30.0,4,22,23.71,0.79
35,30.0,4,23,24.3,0.81
35,30.0,5,0,24.88,0.829
35,30.0,5,1,24.97,0.832
35,30.0,5,2,24.9,0.83
35,30.0,5,3,24.91,0.83
35,30.0,5,4,25.14,0.838
35,30.0,5,5,25.18,0.839
35,30.0,5,6,24.17,0.806
35,30.0,5,7,23.28,0.776
35,30.0,5,8,23.85,0.795
35,30.0,5,9,20.83,0.694
35,30.0,5,10,19.34,0.645
35,30.0,5,11,17.18,0.573
35,30.0,5,12,16.57,0.552
35,30.0,5,13,17.98,0.599
35,30.0,5,14,18.08,0.603
35,30.0,5,15,18.47,0.616
35,30.0,5,16,18.99,0.633
35,30.0,5,17,20.43,0.681
35,30.0,5,18,21.78,0.726
35,30.0,5,19,23.43,0.781
35,30.0,5,20,23.53,0.784
35,30.0,5,21,24.64,0.821
35,30.0,5,22,25.72,0.857
35,30.0,5,23,25.42,0.847
35,30.0,6,0,25.56,0.852
35,30.0,6,1,25.62,0.854
35,30.0,6,2,25.51,0.85
35,30.0,6,3,25.58,0.853
35,30.0,6,4,26.14,0.871
35,30.0,6,5,25.87,0.862
35,30.0,6,6,25.41,0.847
35,30.0,6,7,25.09,0.836
35,30.0,6,8,24.38,0.813
35,30.0,6,9,22.09,0.736
35,30.0,6,10,20.14,0.671
35,30.0,6,11,19.78,0.659
35,30.0,6,12,16.66,0.555
35,30.0,6,13,18.66,0.622
35,30.0,6,14,17.39,0.58
35,30.0,6,15,17.37,0.579
35,30.0,6,16,17.41,0.58
35,30.0,6,17,18.37,0.612
35,30.0,6,18,18.93,0.631
35,30.0,6,19,18.96,0.632
35,30.0,6,20,18.71,0.624
35,30.0,6,21,19.57,0.652
35,30.0,6,22,20.37,0.679
35,30.0,6,23,20.56,0.685
36,40.0,0,0,14.26,0.356
36,40.0,0,1,13.93,0.348
36,40.0,0,2,14.34,0.358
36,40.0,0,3,14.14,0.354
36,40.0,0,4,14.28,0.357
36,40.0,0,5,15.82,0.396
36,40.0,0,6,18.74,0.468
36,40.0,0,7,19.05,0.476
36,40.0,0,8,22.88,0.572
36,40.0,0,9,25.46,0.637
36,40.0,0,10,25.98,0.65
36,40.0,0,11,26.61,0.665
36,40.0,0,12,26.4,0.66
36,40.0,0,13,27.43,0.686
36,40.0,0,14,26.35,0.659
36,40.0,0,15,23.39,0.585
36,40.0,0,16,18.33,0.458
36,40.0,0,17,15.92,0.398
36,40.0,0,18,15.46,0.386
36,40.0,0,19,14.86,0.372
36,40.0,0,20,14.15,0.354
36,40.0,0,21,12.72,0.318
36,40.0,0,22,11.56,0.289
36,40.0,0,23,11.12,0.278
36,40.0,1,0,10.82,0.27
36,40.0,1,1,11.1,0.277
36,40.0,1,2,11.04,0.276
36,40.0,1,3,11.03,0.276
36,40.0,1,4,10.51,0.263
36,40.0,1,5,12.56,0.314
36,40.0,1,6,17.79,0.445
36,40.0,1,7,22.04,0.551
36,40.0,1,8,27.67,0.692
36,40.0,1,9,32.63,0.816
36,40.0,1,10,32.96,0.824
36,40.0,1,11,31.82,0.796
36,40.0,1,12,27.37,0.684
36,40.0,1,13,24.74,0.618
36,40.0,1,14,23.2,0.58
36,40.0,1,15,17.43,0.436
36,40.0,1,16,8.35,0.209
36,40.0,1,17,3.65,0.091
36,40.0,1,18,3.1,0.078
36,40.0,1,19,2.71,0.068
36,40.0,1,20,1.85,0.046
36,40.0,1,21,1.46,0.036
36,40.0,1,22,0.8,0.02
36,40.0,1,23,0.41,0.01
36,40.0,2,0,0.45,0.011
36,40.0,2,1,0.42,0.01
36,40.0,2,2,0.43,0.011
36,40.0,2,3,0.46,0.012
36,40.0,2,4,0.42,0.01
36,40.0,2,5,3.39,0.085
36,40.0,2,6,8.11,0.203
36,40.0,2,7,11.76,0.294
36,40.0,2,8,19.87,0.497
36,40.0,2,9,25.24,0.631
36,40.0,2,10,25.0,0.625
36,40.0,2,11,25.68,0.642
36,40.0,2,12,23.5,0.588
36,40.0,2,13,21.23,0.531
36,40.0,2,14,20.16,0.504
36,40.0,2,15,15.42,0.386
36,40.0,2,16,6.75,0.169
36,40.0,2,17,2.88,0.072
36,40.0,2,18,3.45,0.086
36,40.0,2,19,3.41,0.085
36,40.0,2,20,2.54,0.064
36,40.0,2,21,0.95,0.024
36,40.0,2,22,0.44,0.011
36,40.0,2,23,0.26,0.007
36,40.0,3,0,0.22,0.006
36,40.0,3,1,0.22,0.006
36,40.0,3,2,0.26,0.007
36,40.0,3,3,0.21,0.005
36,40.0,3,4,0.32,0.008
36,40.0,3,5,2.86,0.072
36,40.0,3,6,6.54,0.164
36,40.0,3,7,10.62,0.265
36,40.0,3,8,17.79,0.445
36,40.0,3,9,19.6,0.49
36,40.0,3,10,21.33,0.533
36,40.0,3,11,19.94,0.499
36,40.0,3,12,18.48,0.462
36,40.0,3,13,19.51,0.488
36,40.0,3,14,16.61,0.415
36,40.0,3,15,12.75,0.319
36,40.0,3,16,7.27,0.182
36,40.0,3,17,5.43,0.136
36,40.0,3,18,4.74,0.119
36,40.0,3,19,4.46,0.112
36,40.0,3,20,3.97,0.099
36,40.0,3,21,3.05,0.076
36,40.0,3,22,2.72,0.068
36,40.0,3,23,2.29,0.057
36,40.0,4,0,2.24,0.056
36,40.0,4,1,2.22,0.056
36,40.0,4,2,2.05,0.051
36,40.0,4,3,2.2,0.055
36,40.0,4,4,2.17,0.054
36,40.0,4,5,4.09,0.102
36,40.0,4,6,8.23,0.206
36,40.0,4,7,11.79,0.295
36,40.0,4,8,15.57,0.389
36,40.0,4,9,17.82,0.446
36,40.0,4,10,19.45,0.486
36,40.0,4,11,20.9,0.522
36,40.0,4,12,20.15,0.504
36,40.0,4,13,19.06,0.476
36,40.0,4,14,17.59,0.44
36,40.0,4,15,15.79,0.395
36,40.0,4,16,12.28,0.307
36,40.0,4,17,9.82,0.246
36,40.0,4,18,10.17,0.254
36,40.0,4,19,10.45,0.261
36,40.0,4,20,9.72,0.243
36,40.0,4,21,8.19,0.205
36,40.0,4,22,6.88,0.172
36,40.0,4,23,6.05,0.151
36,40.0,5,0,6.13,0.153
36,40.0,5,1,6.12,0.153
36,40.0,5,2,6.13,0.153
36,40.0,5,3,5.96,0.149
36,40.0,5,4,6.29,0.157
36,40.0,5,5,7.17,0.179
36,40.0,5,6,7.63,0.191
36,40.0,5,7,9.05,0.226
36,40.0,5,8,10.1,0.252
36,40.0,5,9,10.91,0.273
36,40.0,5,10,12.75,0.319
36,40.0,5,11,13.97,0.349
36,40.0,5,12,14.17,0.354
36,40.0,5,13,13.85,0.346
36,40.0,5,14,13.2,0.33
36,40.0,5,15,14.33,0.358
36,40.0,5,16,14.44,0.361
36,40.0,5,17,15.91,0.398
36,40.0,5,18,16.98,0.424
36,40.0,5,19,16.9,0.422
36,40.0,5,20,16.44,0.411
36,40.0,5,21,16.59,0.415
36,40.0,5,22,15.59,0.39
36,40.0,5,23,14.49,0.362
36,40.0,6,0,14.19,0.355
36,40.0,6,1,14.53,0.363
36,40.0,6,2,14.03,0.351
36,40.0,6,3,14.37,0.359
36,40.0,6,4,13.74,0.344
36,40.0,6,5,14.51,0.363
36,40.0,6,6,14.56,0.364
36,40.0,6,7,15.04,0.376
36,40.0,6,8,16.2,0.405
36,40.0,6,9,17.82,0.446
36,40.0,6,10,18.62,0.466
36,40.0,6,11,19.88,0.497
36,40.0,6,12,20.84,0.521
36,40.0,6,13,21.95,0.549
36,40.0,6,14,21.86,0.546
36,40.0,6,15,21.68,0.542
36,40.0,6,16,20.86,0.522
36,40.0,6,17,20.18,0.504
36,40.0,6,18,18.62,0.466
36,40.0,6,19,17.8,0.445
36,40.0,6,20,17.75,0.444
36,40.0,6,21,16.74,0.418
36,40.0,6,22,15.83,0.396
36,40.0,6,23,15.45,0.386
37,30.0,0,0,12.26,0.409
37,30.0,0,1,12.57,0.419
37,30.0,0,2,12.41,0.414
37,30.0,0,3,12.63,0.421
37,30.0,0,4,12.44,0.415
37,30.0,0,5,11.74,0.391
37,30.0,0,6,11.06,0.369
37,30.0,0,7,12.17,0.406
37,30.0,0,8,14.88,0.496
37,30.0,0,9,15.28,0.509
37,30.0,0,10,14.98,0.499
37,30.0,0,11,14.53,0.484
37,30.0,0,12,14.58,0.486
37,30.0,0,13,14.95,0.498
37,30.0,0,14,15.28,0.509
37,30.0,0,15,15.87,0.529
37,30.0,0,16,13.52,0.451
37,30.0,0,17,11.39,0.38
37,30.0,0,18,11.63,0.388
37,30.0,0,19,10.85,0.362
37,30.0,0,20,10.66,0.355
37,30.0,0,21,10.24,0.341
37,30.0,0,22,9.32,0.311
37,30.0,0,23,9.39,0.313
37,30.0,1,0,9.82,0.327
37,30.0,1,1,9.6,0.32
37,30.0,1,2,9.53,0.318
37,30.0,1,3,9.45,0.315
37,30.0,1,4,9.15,0.305
37,30.0,1,5,9.41,0.314
37,30.0,1,6,9.97,0.332
37,30.0,1,7,12.35,0.412
37,30.0,1,8,15.63,0.521
37,30.0,1,9,15.13,0.504
37,30.0,1,10,15.15,0.505
37,30.0,1,11,15.2,0.507
37,30.0,1,12,14.56,0.485
37,30.0,1,13,14.46,0.482
37,30.0,1,14,14.82,0.494
37,30.0,1,15,13.63,0.454
37,30.0,1,16,10.6,0.353
37,30.0,1,17,7.98,0.266
37,30.0,1,18,7.14,0.238
37,30.0,1,19,6.64,0.221
37,30.0,1,20,6.31,0.21
37,30.0,1,21,5.47,0.182
37,30.0,1,22,4.81,0.16
37,30.0,1,23,4.53,0.151
37,30.0,2,0,4.49,0.15
37,30.0,2,1,4.36,0.145
37,30.0,2,2,4.37,0.146
37,30.0,2,3,4.28,0.143
37,30.0,2,4,4.3,0.143
37,30.0,2,5,3.77,0.126
37,30.0,2,6,3.25,0.108
37,30.0,2,7,5.7,0.19
37,30.0,2,8,8.83,0.294
37,30.0,2,9,10.01,0.334
37,30.0,2,10,9.7,0.323
37,30.0,2,11,9.34,0.311
37,30.0,2,12,9.64,0.321
37,30.0,2,13,9.22,0.307
37,30.0,2,14,8.67,0.289
37,30.0,2,15,7.96,0.265
37,30.0,2,16,4.06,0.135
37,30.0,2,17,2.22,0.074
37,30.0,2,18,1.57,0.052
37,30.0,2,19,1.61,0.054
37,30.0,2,20,1.05,0.035
37,30.0,2,21,0.44,0.015
37,30.0,2,22,0.07,0.002
37,30.0,2,23,0.02,0.001
37,30.0,3,0,0.0,0.0
37,30.0,3,1,0.0,0.0
37,30.0,3,2,0.0,0.0
37,30.0,3,3,0.01,0.0
37,30.0,3,4,0.03,0.001
37,30.0,3,5,0.0,0.0
37,30.0,3,6,0.78,0.026
37,30.0,3,7,3.03,0.101
37,30.0,3,8,5.92,0.197
37,30.0,3,9,6.71,0.224
37,30.0,3,10,7.69,0.256
37,30.0,3,11,7.51,0.25
37,30.0,3,12,7.65,0.255
37,30.0,3,13,7.72,0.257
37,30.0,3,14,7.62,0.254
37,30.0,3,15,7.35,0.245
37,30.0,3,16,4.37,0.146
37,30.0,3,17,2.67,0.089
37,30.0,3,18,2.31,0.077
37,30.0,3,19,1.44,0.048
37,30.0,3,20,0.92,0.031
37,30.0,3,21,0.72,0.024
37,30.0,3,22,0.27,0.009
37,30.0,3,23,0.24,0.008
37,30.0,4,0,0.23,0.008
37,30.0,4,1,0.21,0.007
37,30.0,4,2,0.22,0.007
37,30.0,4,3,0.22,0.007
37,30.0,4,4,0.22,0.007
37,30.0,4,5,0.22,0.007
37,30.0,4,6,0.3,0.01
37,30.0,4,7,1.85,0.062
37,30.0,4,8,4.22,0.141
37,30.0,4,9,4.41,0.147
37,30.0,4,10,4.69,0.156
37,30.0,4,11,3.89,0.13
37,30.0,4,12,2.42,0.081
37,30.0,4,13,3.24,0.108
37,30.0,4,14,4.01,0.134
37,30.0,4,15,3.4,0.113
37,30.0,4,16,2.3,0.077
37,30.0,4,17,2.23,0.074
37,30.0,4,18,2.52,0.084
37,30.0,4,19,2.12,0.071
37,30.0,4,20,2.32,0.077
37,30.0,4,21,2.26,0.075
37,30.0,4,22,1.69,0.056
37,30.0,4,23,1.57,0.052
37,30.0,5,0,1.4,0.047
37,30.0,5,1,1.54,0.051
37,30.0,5,2,1.53,0.051
37,30.0,5,3,1.52,0.051
37,30.0,5,4,1.47,0.049
37,30.0,5,5,1.41,0.047
37,30.0,5,6,1.45,0.048
37,30.0,5,7,1.48,0.049
37,30.0,5,8,1.4,0.047
37,30.0,5,9,1.96,0.065
37,30.0,5,10,2.9,0.097
37,30.0,5,11,3.85,0.128
37,30.0,5,12,4.12,0.137
37,30.0,5,13,5.05,0.168
37,30.0,5,14,5.36,0.179
37,30.0,5,15,6.84,0.228
37,30.0,5,16,8.86,0.295
37,30.0,5,17,9.64,0.321
37,30.0,5,18,9.55,0.318
37,30.0,5,19,10.26,0.342
37,30.0,5,20,9.45,0.315
37,30.0,5,21,9.44,0.315
37,30.0,5,22,9.33,0.311
37,30.0,5,23,8.95,0.298
37,30.0,6,0,9.24,0.308
37,30.0,6,1,9.28,0.309
37,30.0,6,2,9.07,0.302
37,30.0,6,3,8.96,0.299
37,30.0,6,4,9.32,0.311
37,30.0,6,5,9.13,0.304
37,30.0,6,6,9.94,0.331
37,30.0,6,7,10.36,0.345
37,30.0,6,8,10.36,0.345
37,30.0,6,9,11.65,0.388
37,30.0,6,10,11.68,0.389
37,30.0,6,11,11.97,0.399
37,30.0,6,12,12.03,0.401
37,30.0,6,13,11.32,0.377
37,30.0,6,14,11.96,0.399
37,30.0,6,15,13.51,0.45
37,30.0,6,16,14.22,0.474
37,30.0,6,17,14.0,0.467
37,30.0,6,18,13.81,0.46
37,30.0,6,19,13.61,0.454
37,30.0,6,20,13.26,0.442
37,30.0,6,21,13.49,0.45
37,30.0,6,22,12.7,0.423
37,30.0,6,23,13.23,0.441
38,40.0,0,0,24.29,0.607
38,40.0,0,1,24.08,0.602
38,40.0,0,2,23.8,0.595
38,40.0,0,3,23.86,0.596
38,40.0,0,4,24.61,0.615
38,40.0,0,5,24.72,0.618
38,40.0,0,6,24.32,0.608
38,40.0,0,7,21.03,0.526
38,40.0,0,8,16.04,0.401
38,40.0,0,9,12.37,0.309
38,40.0,0,10,13.07,0.327
38,40.0,0,11,12.94,0.324
38,40.0,0,12,12.13,0.303
38,40.0,0,13,13.59,0.34
38,40.0,0,14,14.94,0.374
38,40.0,0,15,15.9,0.398
38,40.0,0,16,17.85,0.446
38,40.0,0,17,19.3,0.483
38,40.0,0,18,19.66,0.492
38,40.0,0,19,20.79,0.52
38,40.0,0,20,20.86,0.522
38,40.0,0,21,19.19,0.48
38,40.0,0,22,17.36,0.434
38,40.0,0,23,17.74,0.443
38,40.0,1,0,17.9,0.447
38,40.0,1,1,17.88,0.447
38,40.0,1,2,17.68,0.442
38,40.0,1,3,17.82,0.446
38,40.0,1,4,18.7,0.467
38,40.0,1,5,18.16,0.454
38,40.0,1,6,17.53,0.438
38,40.0,1,7,13.06,0.326
38,40.0,1,8,10.65,0.266
38,40.0,1,9,9.21,0.23
38,40.0,1,10,9.21,0.23
38,40.0,1,11,9.21,0.23
38,40.0,1,12,7.75,0.194
38,40.0,1,13,8.68,0.217
38,40.0,1,14,10.39,0.26
38,40.0,1,15,13.11,0.328
38,40.0,1,16,16.36,0.409
38,40.0,1,17,22.53,0.563
38,40.0,1,18,22.44,0.561
38,40.0,1,19,22.75,0.569
38,40.0,1,20,22.99,0.575
38,40.0,1,21,23.54,0.588
38,40.0,1,22,24.17,0.604
38,40.0,1,23,24.35,0.609
38,40.0,2,0,23.5,0.588
38,40.0,2,1,23.45,0.586
38,40.0,2,2,23.52,0.588
38,40.0,2,3,23.14,0.578
38,40.0,2,4,24.15,0.604
38,40.0,2,5,24.49,0.612
38,40.0,2,6,23.55,0.589
38,40.0,2,7,18.83,0.471
38,40.0,2,8,15.77,0.394
38,40.0,2,9,12.27,0.307
38,40.0,2,10,12.31,0.308
38,40.0,2,11,11.79,0.295
38,40.0,2,12,10.47,0.262
38,40.0,2,13,11.68,0.292
38,40.0,2,14,12.06,0.302
38,40.0,2,15,14.28,0.357
38,40.0,2,16,18.76,0.469
38,40.0,2,17,24.23,0.606
38,40.0,2,18,23.89,0.597
38,40.0,2,19,24.57,0.614
38,40.0,2,20,25.47,0.637
38,40.0,2,21,25.44,0.636
38,40.0,2,22,26.96,0.674
38,40.0,2,23,26.9,0.672
38,40.0,3,0,26.99,0.675
38,40.0,3,1,27.17,0.679
38,40.0,3,2,26.7,0.668
38,40.0,3,3,27.02,0.676
38,40.0,3,4,27.58,0.69
38,40.0,3,5,28.68,0.717
38,40.0,3,6,26.34,0.658
38,40.0,3,7,22.6,0.565
38,40.0,3,8,22.0,0.55
38,40.0,3,9,20.73,0.518
38,40.0,3,10,21.12,0.528
38,40.0,3,11,21.42,0.536
38,40.0,3,12,21.71,0.543
38,40.0,3,13,21.95,0.549
38,40.0,3,14,22.54,0.564
38,40.0,3,15,25.72,0.643
38,40.0,3,16,28.72,0.718
38,40.0,3,17,29.88,0.747
38,40.0,3,18,28.83,0.721
38,40.0,3,19,29.35,0.734
38,40.0,3,20,30.11,0.753
38,40.0,3,21,29.09,0.727
38,40.0,3,22,27.67,0.692
38,40.0,3,23,28.22,0.706
38,40.0,4,0,28.59,0.715
38,40.0,4,1,28.67,0.717
38,40.0,4,2,28.39,0.71
38,40.0,4,3,28.6,0.715
38,40.0,4,4,29.47,0.737
38,40.0,4,5,29.6,0.74
38,40.0,4,6,28.8,0.72
38,40.0,4,7,23.03,0.576
38,40.0,4,8,21.78,0.544
38,40.0,4,9,20.36,0.509
38,40.0,4,10,21.48,0.537
38,40.0,4,11,22.44,0.561
38,40.0,4,12,24.42,0.61
38,40.0,4,13,27.05,0.676
38,40.0,4,14,26.33,0.658
38,40.0,4,15,26.95,0.674
38,40.0,4,16,27.61,0.69
38,40.0,4,17,29.81,0.745
38,40.0,4,18,30.41,0.76
38,40.0,4,19,29.34,0.734
38,40.0,4,20,29.35,0.734
38,40.0,4,21,28.66,0.716
38,40.0,4,22,27.15,0.679
38,40.0,4,23,28.44,0.711
38,40.0,5,0,28.63,0.716
38,40.0,5,1,28.39,0.71
38,40.0,5,2,28.63,0.716
38,40.0,5,3,28.52,0.713
38,40.0,5,4,29.14,0.728
38,40.0,5,5,29.89,0.747
38,40.0,5,6,31.95,0.799
38,40.0,5,7,32.43,0.811
38,40.0,5,8,32.93,0.823
38,40.0,5,9,33.33,0.833
38,40.0,5,10,32.18,0.804
38,40.0,5,11,30.2,0.755
38,40.0,5,12,30.02,0.75
38,40.0,5,13,29.05,0.726
38,40.0,5,14,28.74,0.718
38,40.0,5,15,28.75,0.719
38,40.0,5,16,29.14,0.728
38,40.0,5,17,29.5,0.738
38,40.0,5,18,31.31,0.783
38,40.0,5,19,31.08,0.777
38,40.0,5,20,30.62,0.766
38,40.0,5,21,30.5,0.762
38,40.0,5,22,29.28,0.732
38,40.0,5,23,28.4,0.71
38,40.0,6,0,28.41,0.71
38,40.0,6,1,28.81,0.72
38,40.0,6,2,28.79,0.72
38,40.0,6,3,29.0,0.725
38,40.0,6,4,28.68,0.717
38,40.0,6,5,28.97,0.724
38,40.0,6,6,30.57,0.764
38,40.0,6,7,30.64,0.766
38,40.0,6,8,30.05,0.751
38,40.0,6,9,30.28,0.757
38,40.0,6,10,31.91,0.798
38,40.0,6,11,30.93,0.773
38,40.0,6,12,30.62,0.766
38,40.0,6,13,30.53,0.763
38,40.0,6,14,29.42,0.736
38,40.0,6,15,28.08,0.702
38,40.0,6,16,27.12,0.678
38,40.0,6,17,27.0,0.675
38,40.0,6,18,26.66,0.666
38,40.0,6,19,25.15,0.629
38,40.0,6,20,25.24,0.631
38,40.0,6,21,24.7,0.617
38,40.0,6,22,24.27,0.607
38,40.0,6,23,24.36,0.609
39,20.0,0,0,4.93,0.246
39,20.0,0,1,4.8,0.24
39,20.0,0,2,4.87,0.244
39,20.0,0,3,4.66,0.233
39,20.0,0,4,4.48,0.224
39,20.0,0,5,3.9,0.195
39,20.0,0,6,2.61,0.13
39,20.0,0,7,2.35,0.118
39,20.0,0,8,3.26,0.163
39,20.0,0,9,3.2,0.16
39,20.0,0,10,3.63,0.182
39,20.0,0,11,3.61,0.18
39,20.0,0,12,4.05,0.202
39,20.0,0,13,4.21,0.21
39,20.0,0,14,3.53,0.176
39,20.0,0,15,4.68,0.234
39,20.0,0,16,4.54,0.227
39,20.0,0,17,2.93,0.147
39,20.0,0,18,1.67,0.083
39,20.0,0,19,0.99,0.05
39,20.0,0,20,1.12,0.056
39,20.0,0,21,1.34,0.067
39,20.0,0,22,1.98,0.099
39,20.0,0,23,2.28,0.114
39,20.0,1,0,2.25,0.112
39,20.0,1,1,2.2,0.11
39,20.0,1,2,2.23,0.112
39,20.0,1,3,2.28,0.114
39,20.0,1,4,1.75,0.088
39,20.0,1,5,0.98,0.049
39,20.0,1,6,1.27,0.064
39,20.0,1,7,1.48,0.074
39,20.0,1,8,2.79,0.14
39,20.0,1,9,5.39,0.269
39,20.0,1,10,6.52,0.326
39,20.0,1,11,7.03,0.352
39,20.0,1,12,7.67,0.384
39,20.0,1,13,7.9,0.395
39,20.0,1,14,6.83,0.342
39,20.0,1,15,8.01,0.4
39,20.0,1,16,6.2,0.31
39,20.0,1,17,3.28,0.164
39,20.0,1,18,2.04,0.102
39,20.0,1,19,2.46,0.123
39,20.0,1,20,2.63,0.132
39,20.0,1,21,2.1,0.105
39,20.0,1,22,2.12,0.106
39,20.0,1,23,2.36,0.118
39,20.0,2,0,3.09,0.154
39,20.0,2,1,3.0,0.15
39,20.0,2,2,2.94,0.147
39,20.0,2,3,3.01,0.15
39,20.0,2,4,2.62,0.131
39,20.0,2,5,2.32,0.116
39,20.0,2,6,3.44,0.172
39,20.0,2,7,2.18,0.109
39,20.0,2,8,4.8,0.24
39,20.0,2,9,6.45,0.322
39,20.0,2,10,7.29,0.364
39,20.0,2,11,6.49,0.324
39,20.0,2,12,6.8,0.34
39,20.0,2,13,6.78,0.339
39,20.0,2,14,7.19,0.36
39,20.0,2,15,7.06,0.353
39,20.0,2,16,5.02,0.251
39,20.0,2,17,3.03,0.152
39,20.0,2,18,1.59,0.08
39,20.0,2,19,1.92,0.096
39,20.0,2,20,2.72,0.136
39,20.0,2,21,1.95,0.098
39,20.0,2,22,1.27,0.064
39,20.0,2,23,1.59,0.08
39,20.0,3,0,1.69,0.084
39,20.0,3,1,1.71,0.085
39,20.0,3,2,1.65,0.082
39,20.0,3,3,1.68,0.084
39,20.0,3,4,1.43,0.072
39,20.0,3,5,1.04,0.052
39,20.0,3,6,1.35,0.068
39,20.0,3,7,1.66,0.083
39,20.0,3,8,3.14,0.157
39,20.0,3,9,6.57,0.328
39,20.0,3,10,8.19,0.41
39,20.0,3,11,8.47,0.424
39,20.0,3,12,7.12,0.356
39,20.0,3,13,7.32,0.366
39,20.0,3,14,7.79,0.39
39,20.0,3,15,8.12,0.406
39,20.0,3,16,7.35,0.368
39,20.0,3,17,5.01,0.25
39,20.0,3,18,5.18,0.259
39,20.0,3,19,3.23,0.162
39,20.0,3,20,2.63,0.132
39,20.0,3,21,2.76,0.138
39,20.0,3,22,2.19,0.11
39,20.0,3,23,2.51,0.126
39,20.0,4,0,2.45,0.123
39,20.0,4,1,2.44,0.122
39,20.0,4,2,2.44,0.122
39,20.0,4,3,2.39,0.12
39,20.0,4,4,2.07,0.104
39,20.0,4,5,1.64,0.082
39,20.0,4,6,2.64,0.132
39,20.0,4,7,3.47,0.174
39,20.0,4,8,4.0,0.2
39,20.0,4,9,5.48,0.274
39,20.0,4,10,6.74,0.337
39,20.0,4,11,9.14,0.457
39,20.0,4,12,10.04,0.502
39,20.0,4,13,10.65,0.532
39,20.0,4,14,9.57,0.479
39,20.0,4,15,8.44,0.422
39,20.0,4,16,6.41,0.32
39,20.0,4,17,3.3,0.165
39,20.0,4,18,1.66,0.083
39,20.0,4,19,1.56,0.078
39,20.0,4,20,2.55,0.128
39,20.0,4,21,2.33,0.116
39,20.0,4,22,1.87,0.094
39,20.0,4,23,2.0,0.1
39,20.0,5,0,2.2,0.11
39,20.0,5,1,2.18,0.109
39,20.0,5,2,2.3,0.115
39,20.0,5,3,2.23,0.112
39,20.0,5,4,2.42,0.121
39,20.0,5,5,2.61,0.13
39,20.0,5,6,3.63,0.182
39,20.0,5,7,4.41,0.22
39,20.0,5,8,5.15,0.258
39,20.0,5,9,4.48,0.224
39,20.0,5,10,3.39,0.17
39,20.0,5,11,2.77,0.138
39,20.0,5,12,3.58,0.179
39,20.0,5,13,4.24,0.212
39,20.0,5,14,3.87,0.194
39,20.0,5,15,4.27,0.213
39,20.0,5,16,4.19,0.21
39,20.0,5,17,3.93,0.196
39,20.0,5,18,2.26,0.113
39,20.0,5,19,1.66,0.083
39,20.0,5,20,1.9,0.095
39,20.0,5,21,2.92,0.146
39,20.0,5,22,4.11,0.206
39,20.0,5,23,4.99,0.25
39,20.0,6,0,5.01,0.25
39,20.0,6,1,4.86,0.243
39,20.0,6,2,4.79,0.24
39,20.0,6,3,5.0,0.25
39,20.0,6,4,4.92,0.246
39,20.0,6,5,4.79,0.24
39,20.0,6,6,5.01,0.25
39,20.0,6,7,5.12,0.256
39,20.0,6,8,6.0,0.3
39,20.0,6,9,5.59,0.279
39,20.0,6,10,4.19,0.21
39,20.0,6,11,3.59,0.18
39,20.0,6,12,4.21,0.21
39,20.0,6,13,5.56,0.278
39,20.0,6,14,3.66,0.183
39,20.0,6,15,2.21,0.11
39,20.0,6,16,3.86,0.193
39,20.0,6,17,3.88,0.194
39,20.0,6,18,4.4,0.22
39,20.0,6,19,4.42,0.221
39,20.0,6,20,5.05,0.252
39,20.0,6,21,5.31,0.265
39,20.0,6,22,4.76,0.238
39,20.0,6,23,5.28,0.264
4,20.0,0,0,12.43,0.621
4,20.0,0,1,12.53,0.626
4,20.0,0,2,12.36,0.618
4,20.0,0,3,12.31,0.616
4,20.0,0,4,12.4,0.62
4,20.0,0,5,10.36,0.518
4,20.0,0,6,8.11,0.406
4,20.0,0,7,9.48,0.474
4,20.0,0,8,12.24,0.612
4,20.0,0,9,12.63,0.632
4,20.0,0,10,12.33,0.616
4,20.0,0,11,10.58,0.529
4,20.0,0,12,10.72,0.536
4,20.0,0,13,9.96,0.498
4,20.0,0,14,9.0,0.45
4,20.0,0,15,8.27,0.414
4,20.0,0,16,6.7,0.335
4,20.0,0,17,6.55,0.328
4,20.0,0,18,7.33,0.366
4,20.0,0,19,7.0,0.35
4,20.0,0,20,6.8,0.34
4,20.0,0,21,7.74,0.387
4,20.0,0,22,7.13,0.356
4,20.0,0,23,6.41,0.32
4,20.0,1,0,6.6,0.33
4,20.0,1,1,6.65,0.332
4,20.0,1,2,6.62,0.331
4,20.0,1,3,6.62,0.331
4,20.0,1,4,6.96,0.348
4,20.0,1,5,7.51,0.376
4,20.0,1,6,7.65,0.382
4,20.0,1,7,8.15,0.408
4,20.0,1,8,11.64,0.582
4,20.0,1,9,11.85,0.592
4,20.0,1,10,12.03,0.601
4,20.0,1,11,11.99,0.6
4,20.0,1,12,11.79,0.589
4,20.0,1,13,11.12,0.556
4,20.0,1,14,12.1,0.605
4,20.0,1,15,12.27,0.613
4,20.0,1,16,10.66,0.533
4,20.0,1,17,10.41,0.52
4,20.0,1,18,10.65,0.532
4,20.0,1,19,10.56,0.528
4,20.0,1,20,10.74,0.537
4,20.0,1,21,11.13,0.556
4,20.0,1,22,10.67,0.534
4,20.0,1,23,10.62,0.531
4,20.0,2,0,9.99,0.5
4,20.0,2,1,10.25,0.512
4,20.0,2,2,10.06,0.503
4,20.0,2,3,10.01,0.5
4,20.0,2,4,9.31,0.466
4,20.0,2,5,7.65,0.382
4,20.0,2,6,5.04,0.252
4,20.0,2,7,8.01,0.4
4,20.0,2,8,12.33,0.616
4,20.0,2,9,11.69,0.584
4,20.0,2,10,10.55,0.528
4,20.0,2,11,9.52,0.476
4,20.0,2,12,8.39,0.42
4,20.0,2,13,8.05,0.402
4,20.0,2,14,7.59,0.38
4,20.0,2,15,6.45,0.322
4,20.0,2,16,5.66,0.283
4,20.0,2,17,5.24,0.262
4,20.0,2,18,5.77,0.288
4,20.0,2,19,5.47,0.273
4,20.0,2,20,5.14,0.257
4,20.0,2,21,6.07,0.304
4,20.0,2,22,5.46,0.273
4,20.0,2,23,5.37,0.268
4,20.0,3,0,5.47,0.273
4,20.0,3,1,5.5,0.275
4,20.0,3,2,5.42,0.271
4,20.0,3,3,5.37,0.268
4,20.0,3,4,5.26,0.263
4,20.0,3,5,5.29,0.264
4,20.0,3,6,4.2,0.21
4,20.0,3,7,6.43,0.322
4,20.0,3,8,11.45,0.572
4,20.0,3,9,13.31,0.666
4,20.0,3,10,12.81,0.641
4,20.0,3,11,12.6,0.63
4,20.0,3,12,11.31,0.566
4,20.0,3,13,11.95,0.597
4,20.0,3,14,11.27,0.564
4,20.0,3,15,10.47,0.524
4,20.0,3,16,7.86,0.393
4,20.0,3,17,6.81,0.34
4,20.0,3,18,8.21,0.411
4,20.0,3,19,9.22,0.461
4,20.0,3,20,7.78,0.389
4,20.0,3,21,6.97,0.348
4,20.0,3,22,6.0,0.3
4,20.0,3,23,5.77,0.288
4,20.0,4,0,5.94,0.297
4,20.0,4,1,6.03,0.302
4,20.0,4,2,5.85,0.292
4,20.0,4,3,5.85,0.292
4,20.0,4,4,5.88,0.294
4,20.0,4,5,6.18,0.309
4,20.0,4,6,6.09,0.304
4,20.0,4,7,7.16,0.358
4,20.0,4,8,10.95,0.548
4,20.0,4,9,11.32,0.566
4,20.0,4,10,10.75,0.538
4,20.0,4,11,10.24,0.512
4,20.0,4,12,8.57,0.428
4,20.0,4,13,8.75,0.438
4,20.0,4,14,10.37,0.518
4,20.0,4,15,10.24,0.512
4,20.0,4,16,9.19,0.459
4,20.0,4,17,9.19,0.459
4,20.0,4,18,9.71,0.486
4,20.0,4,19,9.67,0.484
4,20.0,4,20,9.33,0.466
4,20.0,4,21,10.18,0.509
4,20.0,4,22,10.49,0.524
4,20.0,4,23,10.72,0.536
4,20.0,5,0,10.72,0.536
4,20.0,5,1,10.84,0.542
4,20.0,5,2,11.13,0.556
4,20.0,5,3,10.85,0.542
4,20.0,5,4,11.12,0.556
4,20.0,5,5,11.06,0.553
4,20.0,5,6,11.35,0.568
4,20.0,5,7,10.95,0.548
4,20.0,5,8,10.67,0.534
4,20.0,5,9,10.29,0.514
4,20.0,5,10,9.96,0.498
4,20.0,5,11,9.49,0.475
4,20.0,5,12,8.03,0.401
4,20.0,5,13,7.82,0.391
4,20.0,5,14,8.4,0.42
4,20.0,5,15,9.0,0.45
4,20.0,5,16,10.1,0.505
4,20.0,5,17,10.47,0.524
4,20.0,5,18,9.94,0.497
4,20.0,5,19,9.48,0.474
4,20.0,5,20,9.75,0.488
4,20.0,5,21,9.21,0.46
4,20.0,5,22,9.61,0.48
4,20.0,5,23,10.29,0.514
4,20.0,6,0,9.98,0.499
4,20.0,6,1,10.28,0.514
4,20.0,6,2,10.3,0.515
4,20.0,6,3,10.13,0.507
4,20.0,6,4,10.66,0.533
4,20.0,6,5,10.95,0.548
4,20.0,6,6,11.39,0.57
4,20.0,6,7,10.76,0.538
4,20.0,6,8,10.03,0.501
4,20.0,6,9,9.52,0.476
4,20.0,6,10,9.17,0.458
4,20.0,6,11,9.84,0.492
4,20.0,6,12,8.79,0.439
4,20.0,6,13,9.64,0.482
4,20.0,6,14,10.68,0.534
4,20.0,6,15,11.53,0.576
4,20.0,6,16,11.86,0.593
4,20.0,6,17,12.41,0.62
4,20.0,6,18,12.27,0.613
4,20.0,6,19,11.94,0.597
4,20.0,6,20,11.9,0.595
4,20.0,6,21,12.48,0.624
4,20.0,6,22,11.73,0.586
4,20.0,6,23,11.83,0.592
40,21.0,0,0,12.65,0.602
40,21.0,0,1,12.97,0.618
40,21.0,0,2,13.11,0.624
40,21.0,0,3,12.93,0.616
40,21.0,0,4,13.08,0.623
40,21.0,0,5,14.43,0.687
40,21.0,0,6,9.4,0.448
40,21.0,0,7,9.33,0.444
40,21.0,0,8,11.42,0.544
40,21.0,0,9,12.05,0.574
40,21.0,0,10,11.13,0.53
40,21.0,0,11,11.1,0.529
40,21.0,0,12,10.81,0.515
40,21.0,0,13,10.24,0.488
40,21.0,0,14,11.06,0.527
40,21.0,0,15,11.29,0.538
40,21.0,0,16,10.95,0.521
40,21.0,0,17,11.65,0.555
40,21.0,0,18,10.84,0.516
40,21.0,0,19,10.91,0.52
40,21.0,0,20,11.25,0.536
40,21.0,0,21,10.58,0.504
40,21.0,0,22,9.34,0.445
40,21.0,0,23,7.62,0.363
40,21.0,1,0,7.63,0.363
40,21.0,1,1,7.77,0.37
40,21.0,1,2,7.97,0.38
40,21.0,1,3,7.94,0.378
40,21.0,1,4,8.52,0.406
40,21.0,1,5,8.25,0.393
40,21.0,1,6,7.78,0.37
40,21.0,1,7,11.24,0.535
40,21.0,1,8,11.73,0.559
40,21.0,1,9,11.89,0.566
40,21.0,1,10,11.46,0.546
40,21.0,1,11,11.52,0.549
40,21.0,1,12,10.69,0.509
40,21.0,1,13,8.97,0.427
40,21.0,1,14,10.44,0.497
40,21.0,1,15,10.23,0.487
40,21.0,1,16,10.53,0.501
40,21.0,1,17,11.41,0.543
40,21.0,1,18,11.32,0.539
40,21.0,1,19,10.38,0.494
40,21.0,1,20,10.05,0.479
40,21.0,1,21,8.4,0.4
40,21.0,1,22,6.8,0.324
40,21.0,1,23,5.32,0.253
40,21.0,2,0,4.97,0.237
40,21.0,2,1,5.27,0.251
40,21.0,2,2,4.99,0.238
40,21.0,2,3,4.96,0.236
40,21.0,2,4,5.57,0.265
40,21.0,2,5,7.24,0.345
40,21.0,2,6,7.29,0.347
40,21.0,2,7,7.2,0.343
40,21.0,2,8,7.7,0.367
40,21.0,2,9,8.3,0.395
40,21.0,2,10,7.74,0.369
40,21.0,2,11,7.09,0.338
40,21.0,2,12,7.13,0.34
40,21.0,2,13,6.24,0.297
40,21.0,2,14,6.81,0.324
40,21.0,2,15,7.09,0.338
40,21.0,2,16,6.82,0.325
40,21.0,2,17,7.47,0.356
40,21.0,2,18,5.96,0.284
40,21.0,2,19,5.45,0.26
40,21.0,2,20,4.93,0.235
40,21.0,2,21,3.45,0.164
40,21.0,2,22,2.46,0.117
40,21.0,2,23,2.48,0.118
40,21.0,3,0,2.66,0.127
40,21.0,3,1,2.63,0.125
40,21.0,3,2,2.66,0.127
40,21.0,3,3,2.46,0.117
40,21.0,3,4,2.8,0.133
40,21.0,3,5,5.21,0.248
40,21.0,3,6,7.7,0.367
40,21.0,3,7,8.58,0.409
40,21.0,3,8,9.4,0.448
40,21.0,3,9,11.51,0.548
40,21.0,3,10,11.71,0.558
40,21.0,3,11,11.18,0.532
40,21.0,3,12,10.07,0.48
40,21.0,3,13,8.65,0.412
40,21.0,3,14,9.37,0.446
40,21.0,3,15,9.43,0.449
40,21.0,3,16,7.74,0.369
40,21.0,3,17,7.98,0.38
40,21.0,3,18,8.18,0.39
40,21.0,3,19,6.8,0.324
40,21.0,3,20,6.05,0.288
40,21.0,3,21,4.67,0.222
40,21.0,3,22,3.03,0.144
40,21.0,3,23,2.58,0.123
40,21.0,4,0,2.54,0.121
40,21.0,4,1,2.54,0.121
40,21.0,4,2,2.56,0.122
40,21.0,4,3,2.56,0.122
40,21.0,4,4,2.95,0.14
40,21.0,4,5,5.18,0.247
40,21.0,4,6,7.13,0.34
40,21.0,4,7,10.67,0.508
40,21.0,4,8,11.51,0.548
40,21.0,4,9,12.42,0.591
40,21.0,4,10,12.07,0.575
40,21.0,4,11,13.11,0.624
40,21.0,4,12,11.62,0.553
40,21.0,4,13,9.71,0.462
40,21.0,4,14,11.03,0.525
40,21.0,4,15,10.53,0.501
40,21.0,4,16,11.0,0.524
40,21.0,4,17,11.89,0.566
40,21.0,4,18,12.96,0.617
40,21.0,4,19,14.03,0.668
40,21.0,4,20,15.27,0.727
40,21.0,4,21,14.5,0.69
40,21.0,4,22,13.57,0.646
40,21.0,4,23,13.18,0.628
40,21.0,5,0,13.24,0.63
40,21.0,5,1,12.94,0.616
40,21.0,5,2,13.23,0.63
40,21.0,5,3,13.2,0.629
40,21.0,5,4,13.28,0.632
40,21.0,5,5,13.24,0.63
40,21.0,5,6,14.02,0.668
40,21.0,5,7,16.23,0.773
40,21.0,5,8,15.11,0.72
40,21.0,5,9,16.74,0.797
40,21.0,5,10,16.95,0.807
40,21.0,5,11,15.93,0.759
40,21.0,5,12,16.27,0.775
40,21.0,5,13,15.28,0.728
40,21.0,5,14,15.21,0.724
40,21.0,5,15,14.77,0.703
40,21.0,5,16,14.89,0.709
40,21.0,5,17,16.05,0.764
40,21.0,5,18,16.14,0.769
40,21.0,5,19,17.49,0.833
40,21.0,5,20,18.23,0.868
40,21.0,5,21,18.14,0.864
40,21.0,5,22,17.74,0.845
40,21.0,5,23,18.24,0.869
40,21.0,6,0,18.4,0.876
40,21.0,6,1,18.34,0.873
40,21.0,6,2,18.32,0.872
40,21.0,6,3,18.59,0.885
40,21.0,6,4,18.37,0.875
40,21.0,6,5,18.71,0.891
40,21.0,6,6,19.48,0.928
40,21.0,6,7,20.1,0.957
40,21.0,6,8,19.85,0.945
40,21.0,6,9,19.72,0.939
40,21.0,6,10,17.51,0.834
40,21.0,6,11,17.33,0.825
40,21.0,6,12,17.62,0.839
40,21.0,6,13,15.96,0.76
40,21.0,6,14,16.53,0.787
40,21.0,6,15,16.35,0.779
40,21.0,6,16,16.63,0.792
40,21.0,6,17,15.92,0.758
40,21.0,6,18,15.37,0.732
40,21.0,6,19,16.02,0.763
40,21.0,6,20,15.48,0.737
40,21.0,6,21,14.77,0.703
40,21.0,6,22,14.75,0.702
40,21.0,6,23,13.37,0.637
41,20.0,0,0,5.45,0.272
41,20.0,0,1,5.41,0.27
41,20.0,0,2,5.44,0.272
41,20.0,0,3,5.45,0.272
41,20.0,0,4,5.16,0.258
41,20.0,0,5,5.1,0.255
41,20.0,0,6,5.7,0.285
41,20.0,0,7,5.85,0.292
41,20.0,0,8,5.71,0.286
41,20.0,0,9,5.75,0.288
41,20.0,0,10,5.4,0.27
41,20.0,0,11,6.13,0.306
41,20.0,0,12,5.98,0.299
41,20.0,0,13,6.05,0.302
41,20.0,0,14,5.61,0.28
41,20.0,0,15,5.84,0.292
41,20.0,0,16,5.26,0.263
41,20.0,0,17,8.39,0.42
41,20.0,0,18,10.08,0.504
41,20.0,0,19,9.61,0.48
41,20.0,0,20,10.02,0.501
41,20.0,0,21,10.97,0.548
41,20.0,0,22,10.77,0.538
41,20.0,0,23,11.31,0.566
41,20.0,1,0,11.19,0.56
41,20.0,1,1,11.16,0.558
41,20.0,1,2,11.16,0.558
41,20.0,1,3,10.9,0.545
41,20.0,1,4,11.0,0.55
41,20.0,1,5,11.57,0.578
41,20.0,1,6,10.74,0.537
41,20.0,1,7,7.46,0.373
41,20.0,1,8,3.13,0.156
41,20.0,1,9,3.73,0.186
41,20.0,1,10,3.72,0.186
41,20.0,1,11,4.31,0.215
41,20.0,1,12,4.87,0.244
41,20.0,1,13,5.46,0.273
41,20.0,1,14,5.75,0.288
41,20.0,1,15,5.48,0.274
41,20.0,1,16,5.2,0.26
41,20.0,1,17,5.8,0.29
41,20.0,1,18,4.28,0.214
41,20.0,1,19,5.38,0.269
41,20.0,1,20,6.0,0.3
41,20.0,1,21,6.85,0.342
41,20.0,1,22,7.28,0.364
41,20.0,1,23,7.09,0.354
41,20.0,2,0,8.66,0.433
41,20.0,2,1,8.64,0.432
41,20.0,2,2,8.87,0.443
41,20.0,2,3,8.37,0.418
41,20.0,2,4,8.58,0.429
41,20.0,2,5,9.24,0.462
41,20.0,2,6,9.86,0.493
41,20.0,2,7,6.58,0.329
41,20.0,2,8,1.66,0.083
41,20.0,2,9,1.34,0.067
41,20.0,2,10,1.54,0.077
41,20.0,2,11,1.8,0.09
41,20.0,2,12,1.28,0.064
41,20.0,2,13,1.81,0.09
41,20.0,2,14,2.08,0.104
41,20.0,2,15,1.22,0.061
41,20.0,2,16,1.95,0.098
41,20.0,2,17,4.77,0.238
41,20.0,2,18,6.06,0.303
41,20.0,2,19,7.01,0.35
41,20.0,2,20,8.49,0.424
41,20.0,2,21,8.77,0.438
41,20.0,2,22,8.86,0.443
41,20.0,2,23,8.61,0.43
41,20.0,3,0,8.76,0.438
41,20.0,3,1,8.81,0.44
41,20.0,3,2,8.74,0.437
41,20.0,3,3,8.92,0.446
41,20.0,3,4,8.73,0.436
41,20.0,3,5,9.2,0.46
41,20.0,3,6,10.34,0.517
41,20.0,3,7,7.32,0.366
41,20.0,3,8,2.91,0.146
41,20.0,3,9,2.07,0.104
41,20.0,3,10,2.09,0.104
41,20.0,3,11,2.42,0.121
41,20.0,3,12,2.84,0.142
41,20.0,3,13,2.98,0.149
41,20.0,3,14,2.92,0.146
41,20.0,3,15,2.77,0.138
41,20.0,3,16,2.53,0.126
41,20.0,3,17,2.77,0.138
41,20.0,3,18,3.4,0.17
41,20.0,3,19,4.81,0.24
41,20.0,3,20,5.29,0.264
41,20.0,3,21,5.98,0.299
41,20.0,3,22,6.19,0.31
41,20.0,3,23,7.04,0.352
41,20.0,4,0,6.98,0.349
41,20.0,4,1,6.97,0.348
41,20.0,4,2,7.0,0.35
41,20.0,4,3,6.89,0.344
41,20.0,4,4,6.72,0.336
41,20.0,4,5,7.24,0.362
41,20.0,4,6,8.27,0.414
41,20.0,4,7,8.43,0.422
41,20.0,4,8,6.25,0.312
41,20.0,4,9,5.62,0.281
41,20.0,4,10,5.6,0.28
41,20.0,4,11,6.48,0.324
41,20.0,4,12,6.67,0.334
41,20.0,4,13,7.0,0.35
41,20.0,4,14,6.37,0.318
41,20.0,4,15,6.11,0.306
41,20.0,4,16,4.36,0.218
41,20.0,4,17,4.04,0.202
41,20.0,4,18,4.42,0.221
41,20.0,4,19,4.7,0.235
41,20.0,4,20,4.78,0.239
41,20.0,4,21,4.98,0.249
41,20.0,4,22,5.53,0.276
41,20.0,4,23,5.58,0.279
41,20.0,5,0,5.65,0.283
41,20.0,5,1,5.47,0.273
41,20.0,5,2,5.55,0.277
41,20.0,5,3,5.4,0.27
41,20.0,5,4,5.42,0.271
41,20.0,5,5,5.13,0.256
41,20.0,5,6,4.61,0.23
41,20.0,5,7,4.12,0.206
41,20.0,5,8,3.61,0.18
41,20.0,5,9,2.91,0.146
41,20.0,5,10,2.56,0.128
41,20.0,5,11,2.02,0.101
41,20.0,5,12,1.82,0.091
41,20.0,5,13,1.35,0.068
41,20.0,5,14,1.33,0.066
41,20.0,5,15,1.62,0.081
41,20.0,5,16,2.31,0.116
41,20.0,5,17,2.8,0.14
41,20.0,5,18,2.9,0.145
41,20.0,5,19,2.39,0.12
41,20.0,5,20,2.42,0.121
41,20.0,5,21,2.53,0.126
41,20.0,5,22,2.71,0.136
41,20.0,5,23,2.86,0.143
41,20.0,6,0,2.99,0.15
41,20.0,6,1,2.96,0.148
41,20.0,6,2,3.01,0.15
41,20.0,6,3,2.96,0.148
41,20.0,6,4,2.92,0.146
41,20.0,6,5,2.34,0.117
41,20.0,6,6,1.84,0.092
41,20.0,6,7,1.39,0.069
41,20.0,6,8,1.32,0.066
41,20.0,6,9,1.5,0.075
41,20.0,6,10,0.95,0.048
41,20.0,6,11,0.54,0.027
41,20.0,6,12,0.92,0.046
41,20.0,6,13,0.93,0.046
41,20.0,6,14,1.31,0.066
41,20.0,6,15,1.66,0.083
41,20.0,6,16,1.84,0.092
41,20.0,6,17,2.18,0.109
41,20.0,6,18,2.79,0.14
41,20.0,6,19,3.28,0.164
41,20.0,6,20,3.96,0.198
41,20.0,6,21,4.4,0.22
41,20.0,6,22,4.82,0.241
41,20.0,6,23,4.66,0.233
42,30.0,0,0,21.3,0.71
42,30.0,0,1,21.64,0.721
42,30.0,0,2,21.75,0.725
42,30.0,0,3,21.45,0.715
42,30.0,0,4,21.42,0.714
42,30.0,0,5,21.24,0.708
42,30.0,0,6,18.26,0.609
42,30.0,0,7,16.53,0.551
42,30.0,0,8,13.13,0.438
42,30.0,0,9,14.42,0.481
42,30.0,0,10,14.7,0.49
42,30.0,0,11,14.5,0.483
42,30.0,0,12,13.99,0.466
42,30.0,0,13,12.82,0.427
42,30.0,0,14,13.68,0.456
42,30.0,0,15,14.69,0.49
42,30.0,0,16,17.65,0.588
42,30.0,0,17,21.28,0.709
42,30.0,0,18,23.86,0.795
42,30.0,0,19,23.84,0.795
42,30.0,0,20,23.16,0.772
42,30.0,0,21,22.0,0.733
42,30.0,0,22,21.92,0.731
42,30.0,0,23,22.08,0.736
42,30.0,1,0,21.79,0.726
42,30.0,1,1,21.92,0.731
42,30.0,1,2,21.75,0.725
42,30.0,1,3,21.94,0.731
42,30.0,1,4,21.71,0.724
42,30.0,1,5,21.31,0.71
42,30.0,1,6,19.82,0.661
42,30.0,1,7,13.26,0.442
42,30.0,1,8,8.67,0.289
42,30.0,1,9,9.26,0.309
42,30.0,1,10,8.72,0.291
42,30.0,1,11,8.94,0.298
42,30.0,1,12,8.98,0.299
42,30.0,1,13,8.55,0.285
42,30.0,1,14,9.25,0.308
42,30.0,1,15,10.39,0.346
42,30.0,1,16,13.27,0.442
42,30.0,1,17,17.93,0.598
42,30.0,1,18,18.05,0.602
42,30.0,1,19,19.35,0.645
42,30.0,1,20,20.26,0.675
42,30.0,1,21,20.24,0.675
42,30.0,1,22,20.35,0.678
42,30.0,1,23,19.98,0.666
42,30.0,2,0,19.29,0.643
42,30.0,2,1,18.87,0.629
42,30.0,2,2,18.82,0.627
42,30.0,2,3,18.91,0.63
42,30.0,2,4,18.96,0.632
42,30.0,2,5,17.86,0.595
42,30.0,2,6,17.49,0.583
42,30.0,2,7,10.61,0.354
42,30.0,2,8,3.89,0.13
42,30.0,2,9,4.26,0.142
42,30.0,2,10,3.59,0.12
42,30.0,2,11,4.43,0.148
42,30.0,2,12,6.08,0.203
42,30.0,2,13,7.37,0.246
42,30.0,2,14,6.3,0.21
42,30.0,2,15,7.81,0.26
42,30.0,2,16,11.6,0.387
42,30.0,2,17,17.68,0.589
42,30.0,2,18,20.33,0.678
42,30.0,2,19,21.56,0.719
42,30.0,2,20,21.61,0.72
42,30.0,2,21,21.52,0.717
42,30.0,2,22,20.93,0.698
42,30.0,2,23,21.2,0.707
42,30.0,3,0,21.32,0.711
42,30.0,3,1,21.16,0.705
42,30.0,3,2,21.26,0.709
42,30.0,3,3,21.49,0.716
42,30.0,3,4,21.22,0.707
42,30.0,3,5,20.31,0.677
42,30.0,3,6,18.01,0.6
42,30.0,3,7,13.19,0.44
42,30.0,3,8,6.82,0.227
42,30.0,3,9,5.65,0.188
42,30.0,3,10,5.6,0.187
42,30.0,3,11,5.58,0.186
42,30.0,3,12,5.09,0.17
42,30.0,3,13,4.97,0.166
42,30.0,3,14,5.74,0.191
42,30.0,3,15,6.84,0.228
42,30.0,3,16,9.09,0.303
42,30.0,3,17,14.23,0.474
42,30.0,3,18,16.83,0.561
42,30.0,3,19,17.99,0.6
42,30.0,3,20,18.74,0.625
42,30.0,3,21,19.72,0.657
42,30.0,3,22,20.12,0.671
42,30.0,3,23,20.16,0.672
42,30.0,4,0,20.6,0.687
42,30.0,4,1,20.55,0.685
42,30.0,4,2,20.52,0.684
42,30.0,4,3,20.62,0.687
42,30.0,4,4,21.03,0.701
42,30.0,4,5,21.36,0.712
42,30.0,4,6,19.76,0.659
42,30.0,4,7,18.16,0.605
42,30.0,4,8,16.92,0.564
42,30.0,4,9,17.41,0.58
42,30.0,4,10,17.39,0.58
42,30.0,4,11,17.29,0.576
42,30.0,4,12,18.64,0.621
42,30.0,4,13,19.45,0.648
42,30.0,4,14,19.75,0.658
42,30.0,4,15,20.33,0.678
42,30.0,4,16,22.14,0.738
42,30.0,4,17,24.15,0.805
42,30.0,4,18,26.0,0.867
42,30.0,4,19,26.74,0.891
42,30.0,4,20,26.03,0.868
42,30.0,4,21,25.46,0.849
42,30.0,4,22,24.94,0.831
42,30.0,4,23,25.24,0.841
42,30.0,5,0,25.58,0.853
42,30.0,5,1,25.46,0.849
42,30.0,5,2,25.32,0.844
42,30.0,5,3,25.43,0.848
42,30.0,5,4,25.65,0.855
42,30.0,5,5,26.06,0.869
42,30.0,5,6,26.7,0.89
42,30.0,5,7,25.23,0.841
42,30.0,5,8,26.3,0.877
42,30.0,5,9,25.08,0.836
42,30.0,5,10,25.32,0.844
42,30.0,5,11,24.11,0.804
42,30.0,5,12,23.68,0.789
42,30.0,5,13,23.46,0.782
42,30.0,5,14,23.15,0.772
42,30.0,5,15,22.53,0.751
42,30.0,5,16,22.35,0.745
42,30.0,5,17,22.59,0.753
42,30.0,5,18,23.53,0.784
42,30.0,5,19,23.77,0.792
42,30.0,5,20,24.47,0.816
42,30.0,5,21,23.91,0.797
42,30.0,5,22,23.93,0.798
42,30.0,5,23,24.66,0.822
42,30.0,6,0,25.08,0.836
42,30.0,6,1,24.99,0.833
42,30.0,6,2,25.13,0.838
42,30.0,6,3,25.19,0.84
42,30.0,6,4,24.81,0.827
42,30.0,6,5,24.77,0.826
42,30.0,6,6,25.1,0.837
42,30.0,6,7,24.61,0.82
42,30.0,6,8,23.81,0.794
42,30.0,6,9,24.26,0.809
42,30.0,6,10,23.78,0.793
42,30.0,6,11,24.3,0.81
42,30.0,6,12,23.23,0.774
42,30.0,6,13,22.43,0.748
42,30.0,6,14,21.67,0.722
42,30.0,6,15,22.23,0.741
42,30.0,6,16,22.01,0.734
42,30.0,6,17,23.42,0.781
42,30.0,6,18,23.46,0.782
42,30.0,6,19,23.11,0.77
42,30.0,6,20,22.67,0.756
42,30.0,6,21,22.32,0.744
42,30.0,6,22,22.04,0.735
42,30.0,6,23,21.88,0.729
43,30.0,0,0,12.74,0.425
43,30.0,0,1,12.81,0.427
43,30.0,0,2,12.69,0.423
43,30.0,0,3,12.7,0.423
43,30.0,0,4,12.29,0.41
43,30.0,0,5,12.2,0.407
43,30.0,0,6,13.2,0.44
43,30.0,0,7,8.23,0.274
43,30.0,0,8,4.69,0.156
43,30.0,0,9,7.19,0.24
43,30.0,0,10,7.09,0.236
43,30.0,0,11,5.39,0.18
43,30.0,0,12,4.16,0.139
43,30.0,0,13,4.21,0.14
43,30.0,0,14,4.61,0.154
43,30.0,0,15,4.98,0.166
43,30.0,0,16,8.3,0.277
43,30.0,0,17,13.83,0.461
43,30.0,0,18,15.99,0.533
43,30.0,0,19,16.02,0.534
43,30.0,0,20,16.88,0.563
43,30.0,0,21,17.48,0.583
43,30.0,0,22,17.83,0.594
43,30.0,0,23,18.25,0.608
43,30.0,1,0,18.71,0.624
43,30.0,1,1,18.51,0.617
43,30.0,1,2,18.99,0.633
43,30.0,1,3,18.88,0.629
43,30.0,1,4,18.45,0.615
43,30.0,1,5,22.3,0.743
43,30.0,1,6,21.5,0.717
43,30.0,1,7,12.87,0.429
43,30.0,1,8,4.84,0.161
43,30.0,1,9,7.28,0.243
43,30.0,1,10,7.14,0.238
43,30.0,1,11,6.1,0.203
43,30.0,1,12,5.02,0.167
43,30.0,1,13,4.8,0.16
43,30.0,1,14,5.38,0.179
43,30.0,1,15,7.43,0.248
43,30.0,1,16,9.7,0.323
43,30.0,1,17,12.78,0.426
43,30.0,1,18,16.35,0.545
43,30.0,1,19,18.9,0.63
43,30.0,1,20,20.35,0.678
43,30.0,1,21,21.46,0.715
43,30.0,1,22,22.47,0.749
43,30.0,1,23,22.97,0.766
43,30.0,2,0,23.59,0.786
43,30.0,2,1,23.65,0.788
43,30.0,2,2,23.67,0.789
43,30.0,2,3,23.69,0.79
43,30.0,2,4,23.03,0.768
43,30.0,2,5,25.09,0.836
43,30.0,2,6,21.2,0.707
43,30.0,2,7,8.78,0.293
43,30.0,2,8,2.22,0.074
43,30.0,2,9,6.51,0.217
43,30.0,2,10,6.5,0.217
43,30.0,2,11,5.23,0.174
43,30.0,2,12,5.04,0.168
43,30.0,2,13,6.42,0.214
43,30.0,2,14,7.53,0.251
43,30.0,2,15,8.45,0.282
43,30.0,2,16,11.47,0.382
43,30.0,2,17,16.75,0.558
43,30.0,2,18,18.83,0.628
43,30.0,2,19,19.76,0.659
43,30.0,2,20,21.5,0.717
43,30.0,2,21,21.72,0.724
43,30.0,2,22,22.72,0.757
43,30.0,2,23,23.04,0.768
43,30.0,3,0,23.0,0.767
43,30.0,3,1,23.21,0.774
43,30.0,3,2,23.29,0.776
43,30.0,3,3,23.26,0.775
43,30.0,3,4,22.56,0.752
43,30.0,3,5,22.0,0.733
43,30.0,3,6,18.22,0.607
43,30.0,3,7,6.47,0.216
43,30.0,3,8,3.29,0.11
43,30.0,3,9,7.18,0.239
43,30.0,3,10,6.69,0.223
43,30.0,3,11,5.45,0.182
43,30.0,3,12,4.9,0.163
43,30.0,3,13,5.46,0.182
43,30.0,3,14,6.25,0.208
43,30.0,3,15,8.49,0.283
43,30.0,3,16,9.83,0.328
43,30.0,3,17,14.2,0.473
43,30.0,3,18,16.33,0.544
43,30.0,3,19,17.59,0.586
43,30.0,3,20,18.19,0.606
43,30.0,3,21,19.68,0.656
43,30.0,3,22,20.11,0.67
43,30.0,3,23,21.01,0.7
43,30.0,4,0,20.7,0.69
43,30.0,4,1,20.66,0.689
43,30.0,4,2,20.43,0.681
43,30.0,4,3,20.84,0.695
43,30.0,4,4,20.0,0.667
43,30.0,4,5,20.72,0.691
43,30.0,4,6,18.33,0.611
43,30.0,4,7,13.73,0.458
43,30.0,4,8,10.71,0.357
43,30.0,4,9,10.55,0.352
43,30.0,4,10,10.05,0.335
43,30.0,4,11,10.19,0.34
43,30.0,4,12,9.4,0.313
43,30.0,4,13,9.68,0.323
43,30.0,4,14,9.96,0.332
43,30.0,4,15,10.9,0.363
43,30.0,4,16,11.79,0.393
43,30.0,4,17,12.09,0.403
43,30.0,4,18,11.99,0.4
43,30.0,4,19,12.22,0.407
43,30.0,4,20,12.33,0.411
43,30.0,4,21,12.38,0.413
43,30.0,4,22,11.88,0.396
43,30.0,4,23,12.31,0.41
43,30.0,5,0,12.41,0.414
43,30.0,5,1,12.33,0.411
43,30.0,5,2,12.47,0.416
43,30.0,5,3,12.58,0.419
43,30.0,5,4,12.33,0.411
43,30.0,5,5,12.43,0.414
43,30.0,5,6,12.04,0.401
43,30.0,5,7,12.68,0.423
43,30.0,5,8,13.14,0.438
43,30.0,5,9,12.36,0.412
43,30.0,5,10,11.82,0.394
43,30.0,5,11,10.17,0.339
43,30.0,5,12,7.79,0.26
43,30.0,5,13,7.24,0.241
43,30.0,5,14,6.93,0.231
43,30.0,5,15,6.49,0.216
43,30.0,5,16,6.14,0.205
43,30.0,5,17,5.55,0.185
43,30.0,5,18,5.6,0.187
43,30.0,5,19,7.41,0.247
43,30.0,5,20,7.87,0.262
43,30.0,5,21,8.06,0.269
43,30.0,5,22,8.21,0.274
43,30.0,5,23,8.97,0.299
43,30.0,6,0,8.44,0.281
43,30.0,6,1,8.75,0.292
43,30.0,6,2,8.69,0.29
43,30.0,6,3,8.74,0.291
43,30.0,6,4,8.26,0.275
43,30.0,6,5,8.68,0.289
43,30.0,6,6,8.13,0.271
43,30.0,6,7,7.8,0.26
43,30.0,6,8,8.4,0.28
43,30.0,6,9,9.33,0.311
43,30.0,6,10,8.28,0.276
43,30.0,6,11,10.57,0.352
43,30.0,6,12,9.2,0.307
43,30.0,6,13,8.01,0.267
43,30.0,6,14,7.76,0.259
43,30.0,6,15,7.69,0.256
43,30.0,6,16,7.15,0.238
43,30.0,6,17,7.61,0.254
43,30.0,6,18,9.59,0.32
43,30.0,6,19,10.93,0.364
43,30.0,6,20,10.22,0.341
43,30.0,6,21,10.62,0.354
43,30.0,6,22,11.09,0.37
43,30.0,6,23,10.97,0.366
44,30.0,0,0,6.43,0.214
44,30.0,0,1,6.42,0.214
44,30.0,0,2,6.4,0.213
44,30.0,0,3,6.29,0.21
44,30.0,0,4,5.08,0.169
44,30.0,0,5,3.65,0.122
44,30.0,0,6,2.12,0.071
44,30.0,0,7,1.05,0.035
44,30.0,0,8,0.5,0.017
44,30.0,0,9,0.35,0.012
44,30.0,0,10,0.63,0.021
44,30.0,0,11,1.2,0.04
44,30.0,0,12,0.86,0.029
44,30.0,0,13,1.4,0.047
44,30.0,0,14,1.32,0.044
44,30.0,0,15,1.42,0.047
44,30.0,0,16,1.92,0.064
44,30.0,0,17,4.16,0.139
44,30.0,0,18,4.0,0.133
44,30.0,0,19,4.15,0.138
44,30.0,0,20,5.23,0.174
44,30.0,0,21,7.1,0.237
44,30.0,0,22,8.45,0.282
44,30.0,0,23,8.63,0.288
44,30.0,1,0,8.79,0.293
44,30.0,1,1,8.68,0.289
44,30.0,1,2,8.73,0.291
44,30.0,1,3,8.76,0.292
44,30.0,1,4,7.25,0.242
44,30.0,1,5,4.07,0.136
44,30.0,1,6,2.21,0.074
44,30.0,1,7,1.06,0.035
44,30.0,1,8,1.63,0.054
44,30.0,1,9,1.21,0.04
44,30.0,1,10,1.35,0.045
44,30.0,1,11,1.81,0.06
44,30.0,1,12,1.37,0.046
44,30.0,1,13,2.15,0.072
44,30.0,1,14,1.51,0.05
44,30.0,1,15,1.89,0.063
44,30.0,1,16,3.19,0.106
44,30.0,1,17,5.21,0.174
44,30.0,1,18,6.74,0.225
44,30.0,1,19,7.64,0.255
44,30.0,1,20,9.78,0.326
44,30.0,1,21,11.28,0.376
44,30.0,1,22,12.78,0.426
44,30.0,1,23,13.82,0.461
44,30.0,2,0,13.1,0.437
44,30.0,2,1,13.07,0.436
44,30.0,2,2,13.07,0.436
44,30.0,2,3,13.04,0.435
44,30.0,2,4,11.66,0.389
44,30.0,2,5,8.2,0.273
44,30.0,2,6,6.1,0.203
44,30.0,2,7,4.52,0.151
44,30.0,2,8,2.35,0.078
44,30.0,2,9,1.26,0.042
44,30.0,2,10,1.39,0.046
44,30.0,2,11,2.82,0.094
44,30.0,2,12,4.31,0.144
44,30.0,2,13,5.58,0.186
44,30.0,2,14,5.38,0.179
44,30.0,2,15,6.22,0.207
44,30.0,2,16,8.44,0.281
44,30.0,2,17,9.99,0.333
44,30.0,2,18,11.95,0.398
44,30.0,2,19,12.5,0.417
44,30.0,2,20,12.38,0.413
44,30.0,2,21,14.49,0.483
44,30.0,2,22,16.42,0.547
44,30.0,2,23,17.81,0.594
44,30.0,3,0,18.06,0.602
44,30.0,3,1,18.2,0.607
44,30.0,3,2,18.29,0.61
44,30.0,3,3,17.91,0.597
44,30.0,3,4,16.71,0.557
44,30.0,3,5,12.63,0.421
44,30.0,3,6,10.53,0.351
44,30.0,3,7,7.6,0.253
44,30.0,3,8,6.03,0.201
44,30.0,3,9,4.26,0.142
44,30.0,3,10,3.69,0.123
44,30.0,3,11,2.83,0.094
44,30.0,3,12,3.12,0.104
44,30.0,3,13,4.54,0.151
44,30.0,3,14,5.66,0.189
44,30.0,3,15,6.53,0.218
44,30.0,3,16,8.22,0.274
44,30.0,3,17,8.16,0.272
44,30.0,3,18,8.08,0.269
44,30.0,3,19,9.15,0.305
44,30.0,3,20,10.78,0.359
44,30.0,3,21,12.17,0.406
44,30.0,3,22,14.88,0.496
44,30.0,3,23,15.8,0.527
44,30.0,4,0,15.54,0.518
44,30.0,4,1,15.34,0.511
44,30.0,4,2,15.54,0.518
44,30.0,4,3,15.42,0.514
44,30.0,4,4,14.13,0.471
44,30.0,4,5,11.85,0.395
44,30.0,4,6,8.77,0.292
44,30.0,4,7,6.39,0.213
44,30.0,4,8,5.64,0.188
44,30.0,4,9,4.32,0.144
44,30.0,4,10,2.73,0.091
44,30.0,4,11,1.99,0.066
44,30.0,4,12,2.02,0.067
44,30.0,4,13,2.21,0.074
44,30.0,4,14,2.72,0.091
44,30.0,4,15,2.55,0.085
44,30.0,4,16,3.38,0.113
44,30.0,4,17,4.17,0.139
44,30.0,4,18,4.59,0.153
44,30.0,4,19,4.94,0.165
44,30.0,4,20,5.64,0.188
44,30.0,4,21,6.36,0.212
44,30.0,4,22,7.96,0.265
44,30.0,4,23,9.97,0.332
44,30.0,5,0,10.34,0.345
44,30.0,5,1,10.49,0.35
44,30.0,5,2,10.31,0.344
44,30.0,5,3,10.34,0.345
44,30.0,5,4,10.24,0.341
44,30.0,5,5,9.17,0.306
44,30.0,5,6,6.96,0.232
44,30.0,5,7,5.8,0.193
44,30.0,5,8,4.04,0.135
44,30.0,5,9,2.48,0.083
44,30.0,5,10,1.28,0.043
44,30.0,5,11,1.01,0.034
44,30.0,5,12,0.87,0.029
44,30.0,5,13,0.9,0.03
44,30.0,5,14,1.57,0.052
44,30.0,5,15,1.67,0.056
44,30.0,5,16,1.72,0.057
44,30.0,5,17,1.79,0.06
44,30.0,5,18,1.39,0.046
44,30.0,5,19,2.01,0.067
44,30.0,5,20,2.82,0.094
44,30.0,5,21,3.68,0.123
44,30.0,5,22,4.94,0.165
44,30.0,5,23,6.51,0.217
44,30.0,6,0,6.94,0.231
44,30.0,6,1,6.96,0.232
44,30.0,6,2,6.98,0.233
44,30.0,6,3,7.0,0.233
44,30.0,6,4,7.01,0.234
44,30.0,6,5,6.13,0.204
44,30.0,6,6,4.0,0.133
44,30.0,6,7,3.57,0.119
44,30.0,6,8,3.11,0.104
44,30.0,6,9,2.49,0.083
44,30.0,6,10,2.02,0.067
44,30.0,6,11,0.85,0.028
44,30.0,6,12,1.14,0.038
44,30.0,6,13,0.75,0.025
44,30.0,6,14,0.48,0.016
44,30.0,6,15,0.45,0.015
44,30.0,6,16,1.08,0.036
44,30.0,6,17,1.58,0.053
44,30.0,6,18,2.13,0.071
44,30.0,6,19,2.87,0.096
44,30.0,6,20,3.36,0.112
44,30.0,6,21,4.21,0.14
44,30.0,6,22,5.83,0.194
44,30.0,6,23,5.85,0.195
45,30.0,0,0,18.35,0.612
45,30.0,0,1,18.77,0.626
45,30.0,0,2,18.58,0.619
45,30.0,0,3,18.56,0.619
45,30.0,0,4,18.07,0.602
45,30.0,0,5,18.07,0.602
45,30.0,0,6,16.68,0.556
45,30.0,0,7,14.06,0.469
45,30.0,0,8,10.68,0.356
45,30.0,0,9,9.88,0.329
45,30.0,0,10,9.86,0.329
45,30.0,0,11,9.55,0.318
45,30.0,0,12,10.47,0.349
45,30.0,0,13,11.63,0.388
45,30.0,0,14,12.96,0.432
45,30.0,0,15,14.63,0.488
45,30.0,0,16,15.5,0.517
45,30.0,0,17,15.02,0.501
45,30.0,0,18,15.42,0.514
45,30.0,0,19,15.37,0.512
45,30.0,0,20,15.98,0.533
45,30.0,0,21,15.18,0.506
45,30.0,0,22,15.75,0.525
45,30.0,0,23,15.31,0.51
45,30.0,1,0,15.06,0.502
45,30.0,1,1,14.95,0.498
45,30.0,1,2,14.95,0.498
45,30.0,1,3,14.85,0.495
45,30.0,1,4,14.87,0.496
45,30.0,1,5,14.77,0.492
45,30.0,1,6,14.57,0.486
45,30.0,1,7,12.84,0.428
45,30.0,1,8,9.7,0.323
45,30.0,1,9,8.4,0.28
45,30.0,1,10,7.61,0.254
45,30.0,1,11,8.21,0.274
45,30.0,1,12,8.95,0.298
45,30.0,1,13,9.83,0.328
45,30.0,1,14,9.61,0.32
45,30.0,1,15,10.5,0.35
45,30.0,1,16,11.55,0.385
45,30.0,1,17,13.04,0.435
45,30.0,1,18,13.65,0.455
45,30.0,1,19,13.67,0.456
45,30.0,1,20,14.0,0.467
45,30.0,1,21,14.65,0.488
45,30.0,1,22,15.59,0.52
45,30.0,1,23,15.56,0.519
45,30.0,2,0,14.84,0.495
45,30.0,2,1,14.84,0.495
45,30.0,2,2,14.79,0.493
45,30.0,2,3,14.83,0.494
45,30.0,2,4,14.67,0.489
45,30.0,2,5,14.28,0.476
45,30.0,2,6,11.98,0.399
45,30.0,2,7,10.66,0.355
45,30.0,2,8,8.58,0.286
45,30.0,2,9,7.28,0.243
45,30.0,2,10,7.21,0.24
45,30.0,2,11,6.87,0.229
45,30.0,2,12,7.31,0.244
45,30.0,2,13,8.17,0.272
45,30.0,2,14,9.86,0.329
45,30.0,2,15,10.44,0.348
45,30.0,2,16,10.02,0.334
45,30.0,2,17,10.38,0.346
45,30.0,2,18,10.39,0.346
45,30.0,2,19,11.2,0.373
45,30.0,2,20,11.71,0.39
45,30.0,2,21,11.44,0.381
45,30.0,2,22,11.91,0.397
45,30.0,2,23,12.31,0.41
45,30.0,3,0,12.21,0.407
45,30.0,3,1,12.15,0.405
45,30.0,3,2,12.74,0.425
45,30.0,3,3,12.62,0.421
45,30.0,3,4,12.24,0.408
45,30.0,3,5,11.85,0.395
45,30.0,3,6,9.47,0.316
45,30.0,3,7,8.77,0.292
45,30.0,3,8,7.98,0.266
45,30.0,3,9,7.88,0.263
45,30.0,3,10,7.16,0.239
45,30.0,3,11,7.08,0.236
45,30.0,3,12,8.71,0.29
45,30.0,3,13,9.28,0.309
45,30.0,3,14,10.72,0.357
45,30.0,3,15,11.43,0.381
45,30.0,3,16,12.23,0.408
45,30.0,3,17,13.16,0.439
45,30.0,3,18,14.54,0.485
45,30.0,3,19,14.96,0.499
45,30.0,3,20,15.18,0.506
45,30.0,3,21,15.31,0.51
45,30.0,3,22,14.97,0.499
45,30.0,3,23,15.21,0.507
45,30.0,4,0,15.51,0.517
45,30.0,4,1,15.37,0.512
45,30.0,4,2,15.22,0.507
45,30.0,4,3,15.53,0.518
45,30.0,4,4,15.07,0.502
45,30.0,4,5,14.57,0.486
45,30.0,4,6,14.77,0.492
45,30.0,4,7,13.27,0.442
45,30.0,4,8,11.67,0.389
45,30.0,4,9,10.56,0.352
45,30.0,4,10,10.2,0.34
45,30.0,4,11,10.18,0.339
45,30.0,4,12,11.3,0.377
45,30.0,4,13,13.05,0.435
45,30.0,4,14,14.24,0.475
45,30.0,4,15,15.73,0.524
45,30.0,4,16,17.28,0.576
45,30.0,4,17,17.98,0.599
45,30.0,4,18,19.47,0.649
45,30.0,4,19,19.97,0.666
45,30.0,4,20,20.13,0.671
45,30.0,4,21,20.12,0.671
45,30.0,4,22,19.94,0.665
45,30.0,4,23,19.63,0.654
45,30.0,5,0,20.05,0.668
45,30.0,5,1,19.81,0.66
45,30.0,5,2,19.72,0.657
45,30.0,5,3,19.52,0.651
45,30.0,5,4,19.44,0.648
45,30.0,5,5,19.61,0.654
45,30.0,5,6,20.46,0.682
45,30.0,5,7,18.92,0.631
45,30.0,5,8,17.9,0.597
45,30.0,5,9,17.37,0.579
45,30.0,5,10,17.54,0.585
45,30.0,5,11,17.16,0.572
45,30.0,5,12,17.14,0.571
45,30.0,5,13,16.53,0.551
45,30.0,5,14,16.88,0.563
45,30.0,5,15,18.06,0.602
45,30.0,5,16,17.42,0.581
45,30.0,5,17,17.83,0.594
45,30.0,5,18,18.04,0.601
45,30.0,5,19,17.81,0.594
45,30.0,5,20,18.12,0.604
45,30.0,5,21,18.25,0.608
45,30.0,5,22,18.08,0.603
45,30.0,5,23,17.97,0.599
45,30.0,6,0,18.28,0.609
45,30.0,6,1,18.3,0.61
45,30.0,6,2,18.24,0.608
45,30.0,6,3,17.86,0.595
45,30.0,6,4,18.08,0.603
45,30.0,6,5,18.08,0.603
45,30.0,6,6,18.67,0.622
45,30.0,6,7,18.33,0.611
45,30.0,6,8,17.06,0.569
45,30.0,6,9,18.04,0.601
45,30.0,6,10,18.11,0.604
45,30.0,6,11,18.68,0.623
45,30.0,6,12,19.99,0.666
45,30.0,6,13,20.18,0.673
45,30.0,6,14,19.95,0.665
45,30.0,6,15,20.07,0.669
45,30.0,6,16,20.27,0.676
45,30.0,6,17,20.21,0.674
45,30.0,6,18,19.8,0.66
45,30.0,6,19,20.34,0.678
45,30.0,6,20,19.81,0.66
45,30.0,6,21,19.65,0.655
45,30.0,6,22,19.56,0.652
45,30.0,6,23,19.43,0.648
47,40.0,0,0,2.97,0.074
47,40.0,0,1,2.85,0.071
47,40.0,0,2,2.92,0.073
47,40.0,0,3,2.98,0.074
47,40.0,0,4,2.99,0.075
47,40.0,0,5,3.03,0.076
47,40.0,0,6,3.55,0.089
47,40.0,0,7,5.37,0.134
47,40.0,0,8,12.18,0.304
47,40.0,0,9,15.35,0.384
47,40.0,0,10,15.89,0.397
47,40.0,0,11,16.38,0.41
47,40.0,0,12,16.67,0.417
47,40.0,0,13,17.41,0.435
47,40.0,0,14,18.16,0.454
47,40.0,0,15,16.03,0.401
47,40.0,0,16,10.97,0.274
47,40.0,0,17,4.55,0.114
47,40.0,0,18,3.07,0.077
47,40.0,0,19,2.6,0.065
47,40.0,0,20,2.22,0.056
47,40.0,0,21,1.97,0.049
47,40.0,0,22,1.78,0.044
47,40.0,0,23,2.0,0.05
47,40.0,1,0,2.04,0.051
47,40.0,1,1,1.99,0.05
47,40.0,1,2,1.99,0.05
47,40.0,1,3,1.95,0.049
47,40.0,1,4,1.97,0.049
47,40.0,1,5,1.7,0.042
47,40.0,1,6,2.65,0.066
47,40.0,1,7,5.06,0.126
47,40.0,1,8,15.4,0.385
47,40.0,1,9,19.59,0.49
47,40.0,1,10,21.24,0.531
47,40.0,1,11,21.65,0.541
47,40.0,1,12,21.35,0.534
47,40.0,1,13,22.19,0.555
47,40.0,1,14,22.42,0.56
47,40.0,1,15,19.72,0.493
47,40.0,1,16,10.23,0.256
47,40.0,1,17,2.6,0.065
47,40.0,1,18,1.27,0.032
47,40.0,1,19,0.86,0.022
47,40.0,1,20,0.79,0.02
47,40.0,1,21,0.48,0.012
47,40.0,1,22,0.44,0.011
47,40.0,1,23,0.36,0.009
47,40.0,2,0,0.34,0.008
47,40.0,2,1,0.34,0.008
47,40.0,2,2,0.33,0.008
47,40.0,2,3,0.35,0.009
47,40.0,2,4,0.33,0.008
47,40.0,2,5,0.37,0.009
47,40.0,2,6,1.04,0.026
47,40.0,2,7,4.19,0.105
47,40.0,2,8,18.06,0.451
47,40.0,2,9,23.42,0.586
47,40.0,2,10,24.94,0.624
47,40.0,2,11,26.81,0.67
47,40.0,2,12,27.77,0.694
47,40.0,2,13,27.8,0.695
47,40.0,2,14,27.3,0.682
47,40.0,2,15,24.73,0.618
47,40.0,2,16,16.35,0.409
47,40.0,2,17,4.04,0.101
47,40.0,2,18,1.36,0.034
47,40.0,2,19,0.91,0.023
47,40.0,2,20,0.97,0.024
47,40.0,2,21,0.98,0.024
47,40.0,2,22,0.72,0.018
47,40.0,2,23,0.8,0.02
47,40.0,3,0,0.74,0.018
47,40.0,3,1,0.78,0.02
47,40.0,3,2,0.76,0.019
47,40.0,3,3,0.73,0.018
47,40.0,3,4,0.8,0.02
47,40.0,3,5,0.88,0.022
47,40.0,3,6,1.77,0.044
47,40.0,3,7,4.57,0.114
47,40.0,3,8,16.08,0.402
47,40.0,3,9,21.28,0.532
47,40.0,3,10,23.72,0.593
47,40.0,3,11,23.46,0.586
47,40.0,3,12,22.33,0.558
47,40.0,3,13,23.11,0.578
47,40.0,3,14,23.45,0.586
47,40.0,3,15,21.56,0.539
47,40.0,3,16,13.58,0.34
47,40.0,3,17,5.77,0.144
47,40.0,3,18,3.92,0.098
47,40.0,3,19,3.03,0.076
47,40.0,3,20,2.55,0.064
47,40.0,3,21,2.59,0.065
47,40.0,3,22,2.63,0.066
47,40.0,3,23,2.33,0.058
47,40.0,4,0,2.57,0.064
47,40.0,4,1,2.29,0.057
47,40.0,4,2,2.45,0.061
47,40.0,4,3,2.4,0.06
47,40.0,4,4,2.5,0.062
47,40.0,4,5,2.43,0.061
47,40.0,4,6,2.57,0.064
47,40.0,4,7,5.23,0.131
47,40.0,4,8,10.27,0.257
47,40.0,4,9,11.84,0.296
47,40.0,4,10,13.67,0.342
47,40.0,4,11,14.46,0.362
47,40.0,4,12,13.22,0.33
47,40.0,4,13,13.48,0.337
47,40.0,4,14,13.23,0.331
47,40.0,4,15,11.78,0.294
47,40.0,4,16,8.66,0.216
47,40.0,4,17,5.58,0.14
47,40.0,4,18,4.36,0.109
47,40.0,4,19,3.83,0.096
47,40.0,4,20,3.52,0.088
47,40.0,4,21,3.52,0.088
47,40.0,4,22,3.5,0.088
47,40.0,4,23,3.44,0.086
47,40.0,5,0,3.51,0.088
47,40.0,5,1,3.52,0.088
47,40.0,5,2,3.44,0.086
47,40.0,5,3,3.45,0.086
47,40.0,5,4,3.31,0.083
47,40.0,5,5,3.4,0.085
47,40.0,5,6,3.48,0.087
47,40.0,5,7,3.36,0.084
47,40.0,5,8,3.17,0.079
47,40.0,5,9,2.96,0.074
47,40.0,5,10,3.03,0.076
47,40.0,5,11,3.03,0.076
47,40.0,5,12,3.39,0.085
47,40.0,5,13,3.6,0.09
47,40.0,5,14,3.43,0.086
47,40.0,5,15,3.41,0.085
47,40.0,5,16,3.25,0.081
47,40.0,5,17,3.09,0.077
47,40.0,5,18,2.9,0.072
47,40.0,5,19,2.67,0.067
47,40.0,5,20,2.74,0.068
47,40.0,5,21,3.26,0.081
47,40.0,5,22,3.19,0.08
47,40.0,5,23,3.57,0.089
47,40.0,6,0,3.51,0.088
47,40.0,6,1,3.58,0.09
47,40.0,6,2,3.54,0.088
47,40.0,6,3,3.36,0.084
47,40.0,6,4,3.33,0.083
47,40.0,6,5,3.71,0.093
47,40.0,6,6,3.34,0.083
47,40.0,6,7,3.28,0.082
47,40.0,6,8,3.31,0.083
47,40.0,6,9,3.29,0.082
47,40.0,6,10,3.05,0.076
47,40.0,6,11,2.88,0.072
47,40.0,6,12,3.36,0.084
47,40.0,6,13,3.41,0.085
47,40.0,6,14,3.38,0.084
47,40.0,6,15,3.69,0.092
47,40.0,6,16,3.27,0.082
47,40.0,6,17,3.28,0.082
47,40.0,6,18,3.26,0.081
47,40.0,6,19,3.52,0.088
47,40.0,6,20,3.35,0.084
47,40.0,6,21,3.51,0.088
47,40.0,6,22,3.06,0.076
47,40.0,6,23,2.9,0.072
48,40.0,0,0,8.21,0.205
48,40.0,0,1,8.09,0.202
48,40.0,0,2,8.13,0.203
48,40.0,0,3,7.98,0.2
48,40.0,0,4,7.53,0.188
48,40.0,0,5,7.33,0.183
48,40.0,0,6,7.71,0.193
48,40.0,0,7,7.72,0.193
48,40.0,0,8,8.33,0.208
48,40.0,0,9,7.94,0.198
48,40.0,0,10,7.67,0.192
48,40.0,0,11,7.14,0.178
48,40.0,0,12,7.98,0.2
48,40.0,0,13,8.58,0.214
48,40.0,0,14,9.43,0.236
48,40.0,0,15,9.33,0.233
48,40.0,0,16,10.62,0.265
48,40.0,0,17,13.35,0.334
48,40.0,0,18,13.3,0.332
48,40.0,0,19,13.07,0.327
48,40.0,0,20,13.41,0.335
48,40.0,0,21,14.04,0.351
48,40.0,0,22,13.71,0.343
48,40.0,0,23,13.81,0.345
48,40.0,1,0,14.13,0.353
48,40.0,1,1,14.08,0.352
48,40.0,1,2,13.96,0.349
48,40.0,1,3,14.37,0.359
48,40.0,1,4,13.56,0.339
48,40.0,1,5,13.65,0.341
48,40.0,1,6,14.33,0.358
48,40.0,1,7,10.84,0.271
48,40.0,1,8,9.38,0.234
48,40.0,1,9,9.36,0.234
48,40.0,1,10,9.6,0.24
48,40.0,1,11,9.27,0.232
48,40.0,1,12,9.66,0.242
48,40.0,1,13,10.08,0.252
48,40.0,1,14,11.73,0.293
48,40.0,1,15,12.8,0.32
48,40.0,1,16,16.99,0.425
48,40.0,1,17,20.5,0.512
48,40.0,1,18,19.59,0.49
48,40.0,1,19,20.1,0.503
48,40.0,1,20,20.08,0.502
48,40.0,1,21,21.35,0.534
48,40.0,1,22,21.03,0.526
48,40.0,1,23,21.24,0.531
48,40.0,2,0,22.29,0.557
48,40.0,2,1,21.65,0.541
48,40.0,2,2,22.21,0.555
48,40.0,2,3,21.98,0.55
48,40.0,2,4,20.61,0.515
48,40.0,2,5,19.13,0.478
48,40.0,2,6,17.06,0.426
48,40.0,2,7,14.9,0.372
48,40.0,2,8,16.35,0.409
48,40.0,2,9,15.52,0.388
48,40.0,2,10,14.72,0.368
48,40.0,2,11,13.55,0.339
48,40.0,2,12,12.49,0.312
48,40.0,2,13,12.95,0.324
48,40.0,2,14,14.38,0.36
48,40.0,2,15,14.69,0.367
48,40.0,2,16,17.1,0.428
48,40.0,2,17,18.92,0.473
48,40.0,2,18,18.06,0.451
48,40.0,2,19,17.59,0.44
48,40.0,2,20,18.05,0.451
48,40.0,2,21,19.83,0.496
48,40.0,2,22,19.69,0.492
48,40.0,2,23,19.85,0.496
48,40.0,3,0,19.62,0.491
48,40.0,3,1,19.87,0.497
48,40.0,3,2,20.1,0.503
48,40.0,3,3,19.7,0.492
48,40.0,3,4,18.12,0.453
48,40.0,3,5,15.45,0.386
48,40.0,3,6,17.07,0.427
48,40.0,3,7,11.18,0.279
48,40.0,3,8,9.21,0.23
48,40.0,3,9,9.18,0.229
48,40.0,3,10,8.62,0.215
48,40.0,3,11,7.61,0.19
48,40.0,3,12,8.46,0.212
48,40.0,3,13,9.05,0.226
48,40.0,3,14,9.93,0.248
48,40.0,3,15,11.29,0.282
48,40.0,3,16,15.57,0.389
48,40.0,3,17,18.29,0.457
48,40.0,3,18,17.27,0.432
48,40.0,3,19,17.01,0.425
48,40.0,3,20,17.4,0.435
48,40.0,3,21,16.6,0.415
48,40.0,3,22,17.74,0.443
48,40.0,3,23,19.04,0.476
48,40.0,4,0,18.92,0.473
48,40.0,4,1,18.87,0.472
48,40.0,4,2,19.49,0.487
48,40.0,4,3,18.94,0.474
48,40.0,4,4,18.91,0.473
48,40.0,4,5,17.4,0.435
48,40.0,4,6,16.68,0.417
48,40.0,4,7,14.3,0.358
48,40.0,4,8,13.4,0.335
48,40.0,4,9,11.74,0.294
48,40.0,4,10,11.15,0.279
48,40.0,4,11,11.62,0.29
48,40.0,4,12,13.15,0.329
48,40.0,4,13,13.82,0.346
48,40.0,4,14,14.56,0.364
48,40.0,4,15,14.51,0.363
48,40.0,4,16,15.51,0.388
48,40.0,4,17,17.21,0.43
48,40.0,4,18,15.56,0.389
48,40.0,4,19,16.21,0.405
48,40.0,4,20,15.29,0.382
48,40.0,4,21,15.48,0.387
48,40.0,4,22,16.28,0.407
48,40.0,4,23,16.89,0.422
48,40.0,5,0,16.91,0.423
48,40.0,5,1,17.0,0.425
48,40.0,5,2,17.18,0.43
48,40.0,5,3,17.11,0.428
48,40.0,5,4,17.18,0.43
48,40.0,5,5,16.66,0.416
48,40.0,5,6,16.99,0.425
48,40.0,5,7,16.19,0.405
48,40.0,5,8,15.06,0.376
48,40.0,5,9,12.61,0.315
48,40.0,5,10,12.35,0.309
48,40.0,5,11,11.09,0.277
48,40.0,5,12,11.54,0.288
48,40.0,5,13,10.17,0.254
48,40.0,5,14,9.3,0.232
48,40.0,5,15,8.67,0.217
48,40.0,5,16,11.12,0.278
48,40.0,5,17,11.9,0.298
48,40.0,5,18,12.48,0.312
48,40.0,5,19,12.49,0.312
48,40.0,5,20,12.38,0.31
48,40.0,5,21,12.62,0.316
48,40.0,5,22,12.45,0.311
48,40.0,5,23,12.97,0.324
48,40.0,6,0,13.18,0.33
48,40.0,6,1,12.88,0.322
48,40.0,6,2,13.26,0.332
48,40.0,6,3,12.92,0.323
48,40.0,6,4,12.67,0.317
48,40.0,6,5,12.6,0.315
48,40.0,6,6,12.56,0.314
48,40.0,6,7,13.41,0.335
48,40.0,6,8,12.36,0.309
48,40.0,6,9,10.95,0.274
48,40.0,6,10,11.91,0.298
48,40.0,6,11,11.17,0.279
48,40.0,6,12,8.78,0.219
48,40.0,6,13,7.22,0.18
48,40.0,6,14,7.02,0.176
48,40.0,6,15,6.37,0.159
48,40.0,6,16,6.43,0.161
48,40.0,6,17,6.93,0.173
48,40.0,6,18,6.94,0.174
48,40.0,6,19,6.36,0.159
48,40.0,6,20,7.1,0.178
48,40.0,6,21,7.52,0.188
48,40.0,6,22,7.35,0.184
48,40.0,6,23,7.67,0.192
49,40.0,0,0,15.48,0.387
49,40.0,0,1,15.6,0.39
49,40.0,0,2,15.47,0.387
49,40.0,0,3,15.58,0.39
49,40.0,0,4,13.96,0.349
49,40.0,0,5,9.65,0.241
49,40.0,0,6,7.45,0.186
49,40.0,0,7,8.22,0.206
49,40.0,0,8,6.14,0.154
49,40.0,0,9,5.14,0.128
49,40.0,0,10,5.19,0.13
49,40.0,0,11,5.7,0.143
49,40.0,0,12,7.24,0.181
49,40.0,0,13,7.0,0.175
49,40.0,0,14,8.1,0.202
49,40.0,0,15,13.09,0.327
49,40.0,0,16,16.43,0.411
49,40.0,0,17,15.32,0.383
49,40.0,0,18,15.75,0.394
49,40.0,0,19,15.22,0.38
49,40.0,0,20,16.74,0.418
49,40.0,0,21,17.88,0.447
49,40.0,0,22,19.73,0.493
49,40.0,0,23,20.0,0.5
49,40.0,1,0,20.52,0.513
49,40.0,1,1,20.66,0.516
49,40.0,1,2,20.53,0.513
49,40.0,1,3,20.43,0.511
49,40.0,1,4,18.14,0.454
49,40.0,1,5,11.88,0.297
49,40.0,1,6,8.93,0.223
49,40.0,1,7,5.78,0.145
49,40.0,1,8,3.14,0.078
49,40.0,1,9,1.87,0.047
49,40.0,1,10,2.34,0.058
49,40.0,1,11,3.04,0.076
49,40.0,1,12,4.13,0.103
49,40.0,1,13,5.48,0.137
49,40.0,1,14,7.54,0.188
49,40.0,1,15,13.81,0.345
49,40.0,1,16,18.35,0.459
49,40.0,1,17,14.3,0.358
49,40.0,1,18,13.5,0.338
49,40.0,1,19,15.49,0.387
49,40.0,1,20,16.12,0.403
49,40.0,1,21,17.86,0.446
49,40.0,1,22,19.71,0.493
49,40.0,1,23,19.64,0.491
49,40.0,2,0,19.42,0.486
49,40.0,2,1,19.46,0.487
49,40.0,2,2,19.33,0.483
49,40.0,2,3,19.38,0.484
49,40.0,2,4,18.1,0.452
49,40.0,2,5,11.43,0.286
49,40.0,2,6,6.93,0.173
49,40.0,2,7,5.07,0.127
49,40.0,2,8,4.78,0.12
49,40.0,2,9,4.17,0.104
49,40.0,2,10,4.36,0.109
49,40.0,2,11,4.07,0.102
49,40.0,2,12,5.55,0.139
49,40.0,2,13,5.66,0.142
49,40.0,2,14,9.09,0.227
49,40.0,2,15,19.24,0.481
49,40.0,2,16,25.35,0.634
49,40.0,2,17,20.11,0.503
49,40.0,2,18,21.58,0.54
49,40.0,2,19,21.59,0.54
49,40.0,2,20,21.54,0.538
49,40.0,2,21,22.01,0.55
49,40.0,2,22,23.26,0.582
49,40.0,2,23,22.69,0.567
49,40.0,3,0,22.74,0.568
49,40.0,3,1,23.14,0.578
49,40.0,3,2,22.98,0.574
49,40.0,3,3,23.13,0.578
49,40.0,3,4,21.75,0.544
49,40.0,3,5,14.52,0.363
49,40.0,3,6,8.95,0.224
49,40.0,3,7,4.04,0.101
49,40.0,3,8,4.58,0.114
49,40.0,3,9,3.88,0.097
49,40.0,3,10,4.43,0.111
49,40.0,3,11,4.85,0.121
49,40.0,3,12,5.7,0.143
49,40.0,3,13,6.73,0.168
49,40.0,3,14,8.48,0.212
49,40.0,3,15,16.47,0.412
49,40.0,3,16,24.97,0.624
49,40.0,3,17,23.32,0.583
49,40.0,3,18,20.77,0.519
49,40.0,3,19,20.19,0.505
49,40.0,3,20,20.81,0.52
49,40.0,3,21,22.22,0.556
49,40.0,3,22,23.36,0.584
49,40.0,3,23,23.77,0.594
49,40.0,4,0,23.87,0.597
49,40.0,4,1,24.01,0.6
49,40.0,4,2,23.94,0.598
49,40.0,4,3,23.77,0.594
49,40.0,4,4,21.39,0.535
49,40.0,4,5,13.37,0.334
49,40.0,4,6,9.92,0.248
49,40.0,4,7,6.2,0.155
49,40.0,4,8,4.91,0.123
49,40.0,4,9,4.75,0.119
49,40.0,4,10,4.41,0.11
49,40.0,4,11,5.13,0.128
49,40.0,4,12,6.0,0.15
49,40.0,4,13,7.5,0.188
49,40.0,4,14,10.45,0.261
49,40.0,4,15,13.24,0.331
49,40.0,4,16,15.53,0.388
49,40.0,4,17,17.46,0.436
49,40.0,4,18,16.28,0.407
49,40.0,4,19,16.23,0.406
49,40.0,4,20,16.42,0.411
49,40.0,4,21,16.71,0.418
49,40.0,4,22,18.17,0.454
49,40.0,4,23,18.88,0.472
49,40.0,5,0,19.5,0.488
49,40.0,5,1,19.2,0.48
49,40.0,5,2,19.59,0.49
49,40.0,5,3,19.66,0.492
49,40.0,5,4,19.49,0.487
49,40.0,5,5,18.68,0.467
49,40.0,5,6,16.57,0.414
49,40.0,5,7,14.55,0.364
49,40.0,5,8,12.24,0.306
49,40.0,5,9,11.31,0.283
49,40.0,5,10,10.68,0.267
49,40.0,5,11,8.36,0.209
49,40.0,5,12,8.04,0.201
49,40.0,5,13,8.41,0.21
49,40.0,5,14,8.31,0.208
49,40.0,5,15,9.67,0.242
49,40.0,5,16,9.86,0.246
49,40.0,5,17,10.55,0.264
49,40.0,5,18,10.71,0.268
49,40.0,5,19,11.83,0.296
49,40.0,5,20,12.5,0.312
49,40.0,5,21,13.95,0.349
49,40.0,5,22,13.86,0.346
49,40.0,5,23,15.58,0.39
49,40.0,6,0,16.03,0.401
49,40.0,6,1,15.87,0.397
49,40.0,6,2,15.89,0.397
49,40.0,6,3,15.78,0.394
49,40.0,6,4,15.72,0.393
49,40.0,6,5,14.8,0.37
49,40.0,6,6,14.86,0.372
49,40.0,6,7,14.99,0.375
49,40.0,6,8,13.18,0.33
49,40.0,6,9,11.56,0.289
49,40.0,6,10,9.31,0.233
49,40.0,6,11,7.9,0.198
49,40.0,6,12,6.56,0.164
49,40.0,6,13,5.22,0.13
49,40.0,6,14,6.36,0.159
49,40.0,6,15,8.06,0.202
49,40.0,6,16,9.12,0.228
49,40.0,6,17,10.9,0.272
49,40.0,6,18,11.62,0.29
49,40.0,6,19,14.38,0.36
49,40.0,6,20,15.19,0.38
49,40.0,6,21,14.97,0.374
49,40.0,6,22,14.64,0.366
49,40.0,6,23,14.76,0.369
5,40.0,0,0,13.63,0.341
5,40.0,0,1,13.06,0.326
5,40.0,0,2,13.36,0.334
5,40.0,0,3,13.49,0.337
5,40.0,0,4,12.4,0.31
5,40.0,0,5,19.55,0.489
5,40.0,0,6,17.39,0.435
5,40.0,0,7,7.91,0.198
5,40.0,0,8,6.97,0.174
5,40.0,0,9,12.25,0.306
5,40.0,0,10,12.44,0.311
5,40.0,0,11,8.26,0.206
5,40.0,0,12,12.05,0.301
5,40.0,0,13,10.61,0.265
5,40.0,0,14,9.53,0.238
5,40.0,0,15,13.72,0.343
5,40.0,0,16,25.06,0.626
5,40.0,0,17,32.68,0.817
5,40.0,0,18,32.01,0.8
5,40.0,0,19,31.12,0.778
5,40.0,0,20,31.29,0.782
5,40.0,0,21,29.81,0.745
5,40.0,0,22,27.65,0.691
5,40.0,0,23,28.16,0.704
5,40.0,1,0,28.91,0.723
5,40.0,1,1,28.54,0.714
5,40.0,1,2,29.07,0.727
5,40.0,1,3,28.34,0.708
5,40.0,1,4,27.99,0.7
5,40.0,1,5,27.49,0.687
5,40.0,1,6,22.93,0.573
5,40.0,1,7,5.45,0.136
5,40.0,1,8,7.87,0.197
5,40.0,1,9,12.25,0.306
5,40.0,1,10,11.29,0.282
5,40.0,1,11,8.03,0.201
5,40.0,1,12,9.11,0.228
5,40.0,1,13,10.31,0.258
5,40.0,1,14,11.57,0.289
5,40.0,1,15,15.36,0.384
5,40.0,1,16,31.72,0.793
5,40.0,1,17,36.69,0.917
5,40.0,1,18,36.4,0.91
5,40.0,1,19,36.36,0.909
5,40.0,1,20,35.46,0.887
5,40.0,1,21,35.58,0.89
5,40.0,1,22,34.12,0.853
5,40.0,1,23,33.95,0.849
5,40.0,2,0,34.61,0.865
5,40.0,2,1,34.53,0.863
5,40.0,2,2,34.63,0.866
5,40.0,2,3,34.57,0.864
5,40.0,2,4,33.83,0.846
5,40.0,2,5,31.04,0.776
5,40.0,2,6,27.17,0.679
5,40.0,2,7,7.3,0.182
5,40.0,2,8,5.79,0.145
5,40.0,2,9,11.27,0.282
5,40.0,2,10,10.91,0.273
5,40.0,2,11,6.42,0.16
5,40.0,2,12,6.68,0.167
5,40.0,2,13,5.27,0.132
5,40.0,2,14,6.55,0.164
5,40.0,2,15,12.74,0.318
5,40.0,2,16,28.01,0.7
5,40.0,2,17,33.91,0.848
5,40.0,2,18,34.16,0.854
5,40.0,2,19,33.34,0.834
5,40.0,2,20,32.75,0.819
5,40.0,2,21,31.91,0.798
5,40.0,2,22,30.62,0.766
5,40.0,2,23,30.83,0.771
5,40.0,3,0,30.59,0.765
5,40.0,3,1,30.48,0.762
5,40.0,3,2,30.65,0.766
5,40.0,3,3,30.86,0.772
5,40.0,3,4,30.01,0.75
5,40.0,3,5,27.5,0.688
5,40.0,3,6,22.5,0.562
5,40.0,3,7,5.32,0.133
5,40.0,3,8,5.7,0.143
5,40.0,3,9,11.51,0.288
5,40.0,3,10,10.98,0.274
5,40.0,3,11,7.41,0.185
5,40.0,3,12,9.57,0.239
5,40.0,3,13,9.52,0.238
5,40.0,3,14,8.91,0.223
5,40.0,3,15,9.81,0.245
5,40.0,3,16,21.25,0.531
5,40.0,3,17,29.86,0.746
5,40.0,3,18,33.03,0.826
5,40.0,3,19,33.3,0.832
5,40.0,3,20,32.33,0.808
5,40.0,3,21,31.6,0.79
5,40.0,3,22,30.77,0.769
5,40.0,3,23,29.67,0.742
5,40.0,4,0,29.67,0.742
5,40.0,4,1,29.92,0.748
5,40.0,4,2,29.83,0.746
5,40.0,4,3,29.68,0.742
5,40.0,4,4,29.15,0.729
5,40.0,4,5,26.8,0.67
5,40.0,4,6,27.76,0.694
5,40.0,4,7,17.51,0.438
5,40.0,4,8,8.08,0.202
5,40.0,4,9,12.01,0.3
5,40.0,4,10,9.85,0.246
5,40.0,4,11,5.84,0.146
5,40.0,4,12,5.68,0.142
5,40.0,4,13,8.15,0.204
5,40.0,4,14,10.3,0.258
5,40.0,4,15,15.25,0.381
5,40.0,4,16,24.18,0.604
5,40.0,4,17,30.88,0.772
5,40.0,4,18,32.98,0.824
5,40.0,4,19,32.56,0.814
5,40.0,4,20,31.95,0.799
5,40.0,4,21,31.5,0.788
5,40.0,4,22,29.56,0.739
5,40.0,4,23,28.19,0.705
5,40.0,5,0,28.52,0.713
5,40.0,5,1,28.33,0.708
5,40.0,5,2,28.16,0.704
5,40.0,5,3,28.41,0.71
5,40.0,5,4,27.98,0.7
5,40.0,5,5,26.23,0.656
5,40.0,5,6,24.96,0.624
5,40.0,5,7,22.55,0.564
5,40.0,5,8,18.22,0.455
5,40.0,5,9,19.54,0.488
5,40.0,5,10,16.27,0.407
5,40.0,5,11,16.69,0.417
5,40.0,5,12,13.53,0.338
5,40.0,5,13,12.84,0.321
5,40.0,5,14,11.99,0.3
5,40.0,5,15,11.64,0.291
5,40.0,5,16,12.85,0.321
5,40.0,5,17,14.42,0.36
5,40.0,5,18,15.55,0.389
5,40.0,5,19,17.75,0.444
5,40.0,5,20,17.97,0.449
5,40.0,5,21,16.18,0.404
5,40.0,5,22,15.38,0.384
5,40.0,5,23,12.8,0.32
5,40.0,6,0,12.79,0.32
5,40.0,6,1,12.24,0.306
5,40.0,6,2,12.38,0.31
5,40.0,6,3,13.12,0.328
5,40.0,6,4,11.72,0.293
5,40.0,6,5,11.47,0.287
5,40.0,6,6,10.1,0.252
5,40.0,6,7,8.67,0.217
5,40.0,6,8,8.96,0.224
5,40.0,6,9,9.54,0.238
5,40.0,6,10,12.0,0.3
5,40.0,6,11,9.56,0.239
5,40.0,6,12,9.82,0.246
5,40.0,6,13,10.67,0.267
5,40.0,6,14,10.94,0.273
5,40.0,6,15,11.62,0.29
5,40.0,6,16,11.62,0.29
5,40.0,6,17,11.19,0.28
5,40.0,6,18,12.36,0.309
5,40.0,6,19,12.37,0.309
5,40.0,6,20,13.03,0.326
5,40.0,6,21,12.52,0.313
5,40.0,6,22,11.77,0.294
5,40.0,6,23,11.95,0.299
50,40.0,0,0,20.79,0.52
50,40.0,0,1,21.31,0.533
50,40.0,0,2,21.07,0.527
50,40.0,0,3,21.19,0.53
50,40.0,0,4,20.87,0.522
50,40.0,0,5,18.5,0.462
50,40.0,0,6,16.76,0.419
50,40.0,0,7,14.06,0.352
50,40.0,0,8,9.17,0.229
50,40.0,0,9,7.41,0.185
50,40.0,0,10,6.73,0.168
50,40.0,0,11,6.71,0.168
50,40.0,0,12,6.25,0.156
50,40.0,0,13,5.63,0.141
50,40.0,0,14,5.02,0.126
50,40.0,0,15,5.36,0.134
50,40.0,0,16,8.14,0.204
50,40.0,0,17,12.54,0.314
50,40.0,0,18,14.21,0.355
50,40.0,0,19,16.17,0.404
50,40.0,0,20,17.41,0.435
50,40.0,0,21,18.6,0.465
50,40.0,0,22,18.7,0.467
50,40.0,0,23,19.37,0.484
50,40.0,1,0,19.93,0.498
50,40.0,1,1,19.74,0.493
50,40.0,1,2,19.7,0.492
50,40.0,1,3,19.58,0.489
50,40.0,1,4,19.71,0.493
50,40.0,1,5,16.82,0.42
50,40.0,1,6,14.69,0.367
50,40.0,1,7,13.0,0.325
50,40.0,1,8,6.7,0.168
50,40.0,1,9,4.96,0.124
50,40.0,1,10,5.1,0.128
50,40.0,1,11,4.76,0.119
50,40.0,1,12,5.05,0.126
50,40.0,1,13,5.8,0.145
50,40.0,1,14,5.79,0.145
50,40.0,1,15,6.15,0.154
50,40.0,1,16,8.53,0.213
50,40.0,1,17,12.5,0.312
50,40.0,1,18,14.79,0.37
50,40.0,1,19,16.87,0.422
50,40.0,1,20,19.76,0.494
50,40.0,1,21,20.23,0.506
50,40.0,1,22,21.39,0.535
50,40.0,1,23,21.51,0.538
50,40.0,2,0,20.95,0.524
50,40.0,2,1,21.16,0.529
50,40.0,2,2,21.19,0.53
50,40.0,2,3,21.17,0.529
50,40.0,2,4,21.13,0.528
50,40.0,2,5,17.15,0.429
50,40.0,2,6,13.11,0.328
50,40.0,2,7,10.73,0.268
50,40.0,2,8,4.14,0.104
50,40.0,2,9,3.12,0.078
50,40.0,2,10,2.92,0.073
50,40.0,2,11,2.73,0.068
50,40.0,2,12,3.02,0.076
50,40.0,2,13,3.33,0.083
50,40.0,2,14,3.75,0.094
50,40.0,2,15,5.3,0.132
50,40.0,2,16,8.23,0.206
50,40.0,2,17,12.19,0.305
50,40.0,2,18,14.6,0.365
50,40.0,2,19,15.45,0.386
50,40.0,2,20,16.91,0.423
50,40.0,2,21,17.09,0.427
50,40.0,2,22,18.83,0.471
50,40.0,2,23,20.28,0.507
50,40.0,3,0,21.11,0.528
50,40.0,3,1,21.09,0.527
50,40.0,3,2,21.16,0.529
50,40.0,3,3,20.98,0.524
50,40.0,3,4,20.92,0.523
50,40.0,3,5,19.0,0.475
50,40.0,3,6,16.83,0.421
50,40.0,3,7,12.55,0.314
50,40.0,3,8,7.01,0.175
50,40.0,3,9,6.2,0.155
50,40.0,3,10,4.5,0.112
50,40.0,3,11,4.4,0.11
50,40.0,3,12,4.22,0.106
50,40.0,3,13,3.75,0.094
50,40.0,3,14,3.76,0.094
50,40.0,3,15,5.51,0.138
50,40.0,3,16,8.95,0.224
50,40.0,3,17,13.18,0.33
50,40.0,3,18,14.65,0.366
50,40.0,3,19,16.3,0.408
50,40.0,3,20,18.19,0.455
50,40.0,3,21,17.57,0.439
50,40.0,3,22,17.84,0.446
50,40.0,3,23,18.52,0.463
50,40.0,4,0,18.71,0.468
50,40.0,4,1,18.6,0.465
50,40.0,4,2,18.49,0.462
50,40.0,4,3,18.48,0.462
50,40.0,4,4,19.04,0.476
50,40.0,4,5,15.77,0.394
50,40.0,4,6,13.74,0.344
50,40.0,4,7,13.16,0.329
50,40.0,4,8,9.1,0.227
50,40.0,4,9,7.96,0.199
50,40.0,4,10,6.9,0.173
50,40.0,4,11,7.05,0.176
50,40.0,4,12,6.53,0.163
50,40.0,4,13,5.85,0.146
50,40.0,4,14,7.1,0.178
50,40.0,4,15,8.71,0.218
50,40.0,4,16,9.19,0.23
50,40.0,4,17,11.79,0.295
50,40.0,4,18,11.17,0.279
50,40.0,4,19,14.25,0.356
50,40.0,4,20,15.82,0.396
50,40.0,4,21,15.79,0.395
50,40.0,4,22,16.91,0.423
50,40.0,4,23,18.6,0.465
50,40.0,5,0,18.71,0.468
50,40.0,5,1,18.74,0.468
50,40.0,5,2,18.51,0.463
50,40.0,5,3,18.66,0.466
50,40.0,5,4,18.54,0.463
50,40.0,5,5,16.72,0.418
50,40.0,5,6,15.13,0.378
50,40.0,5,7,15.22,0.38
50,40.0,5,8,14.72,0.368
50,40.0,5,9,11.32,0.283
50,40.0,5,10,9.72,0.243
50,40.0,5,11,8.91,0.223
50,40.0,5,12,9.57,0.239
50,40.0,5,13,9.61,0.24
50,40.0,5,14,9.7,0.242
50,40.0,5,15,10.72,0.268
50,40.0,5,16,12.09,0.302
50,40.0,5,17,13.37,0.334
50,40.0,5,18,14.77,0.369
50,40.0,5,19,16.44,0.411
50,40.0,5,20,16.32,0.408
50,40.0,5,21,16.67,0.417
50,40.0,5,22,16.53,0.413
50,40.0,5,23,17.56,0.439
50,40.0,6,0,18.52,0.463
50,40.0,6,1,18.33,0.458
50,40.0,6,2,18.32,0.458
50,40.0,6,3,18.41,0.46
50,40.0,6,4,17.96,0.449
50,40.0,6,5,16.49,0.412
50,40.0,6,6,15.26,0.382
50,40.0,6,7,15.9,0.398
50,40.0,6,8,14.83,0.371
50,40.0,6,9,14.85,0.371
50,40.0,6,10,12.87,0.322
50,40.0,6,11,11.78,0.294
50,40.0,6,12,10.51,0.263
50,40.0,6,13,9.78,0.244
50,40.0,6,14,10.47,0.262
50,40.0,6,15,10.34,0.258
50,40.0,6,16,11.79,0.295
50,40.0,6,17,14.03,0.351
50,40.0,6,18,14.95,0.374
50,40.0,6,19,17.15,0.429
50,40.0,6,20,18.22,0.455
50,40.0,6,21,18.81,0.47
50,40.0,6,22,19.13,0.478
50,40.0,6,23,20.14,0.504
51,40.0,0,0,10.54,0.263
51,40.0,0,1,10.39,0.26
51,40.0,0,2,10.35,0.259
51,40.0,0,3,10.26,0.256
51,40.0,0,4,10.23,0.256
51,40.0,0,5,10.54,0.263
51,40.0,0,6,10.25,0.256
51,40.0,0,7,10.03,0.251
51,40.0,0,8,11.38,0.285
51,40.0,0,9,12.44,0.311
51,40.0,0,10,12.61,0.315
51,40.0,0,11,11.89,0.297
51,40.0,0,12,10.95,0.274
51,40.0,0,13,11.47,0.287
51,40.0,0,14,11.97,0.299
51,40.0,0,15,12.48,0.312
51,40.0,0,16,13.32,0.333
51,40.0,0,17,13.22,0.33
51,40.0,0,18,13.44,0.336
51,40.0,0,19,13.14,0.328
51,40.0,0,20,12.99,0.325
51,40.0,0,21,12.36,0.309
51,40.0,0,22,12.3,0.308
51,40.0,0,23,12.49,0.312
51,40.0,1,0,12.22,0.306
51,40.0,1,1,12.38,0.31
51,40.0,1,2,12.03,0.301
51,40.0,1,3,12.46,0.312
51,40.0,1,4,12.6,0.315
51,40.0,1,5,10.51,0.263
51,40.0,1,6,5.14,0.128
51,40.0,1,7,5.49,0.137
51,40.0,1,8,6.08,0.152
51,40.0,1,9,7.19,0.18
51,40.0,1,10,7.44,0.186
51,40.0,1,11,7.67,0.192
51,40.0,1,12,7.72,0.193
51,40.0,1,13,8.38,0.21
51,40.0,1,14,7.25,0.181
51,40.0,1,15,7.31,0.183
51,40.0,1,16,5.41,0.135
51,40.0,1,17,5.4,0.135
51,40.0,1,18,5.51,0.138
51,40.0,1,19,5.88,0.147
51,40.0,1,20,5.43,0.136
51,40.0,1,21,5.33,0.133
51,40.0,1,22,5.14,0.128
51,40.0,1,23,5.21,0.13
51,40.0,2,0,4.9,0.123
51,40.0,2,1,5.24,0.131
51,40.0,2,2,4.97,0.124
51,40.0,2,3,4.94,0.124
51,40.0,2,4,5.02,0.126
51,40.0,2,5,4.91,0.123
51,40.0,2,6,3.43,0.086
51,40.0,2,7,4.12,0.103
51,40.0,2,8,4.99,0.125
51,40.0,2,9,5.19,0.13
51,40.0,2,10,5.42,0.136
51,40.0,2,11,5.74,0.144
51,40.0,2,12,6.28,0.157
51,40.0,2,13,7.13,0.178
51,40.0,2,14,7.35,0.184
51,40.0,2,15,6.56,0.164
51,40.0,2,16,6.99,0.175
51,40.0,2,17,6.88,0.172
51,40.0,2,18,6.04,0.151
51,40.0,2,19,6.27,0.157
51,40.0,2,20,5.51,0.138
51,40.0,2,21,4.86,0.122
51,40.0,2,22,4.16,0.104
51,40.0,2,23,3.71,0.093
51,40.0,3,0,3.28,0.082
51,40.0,3,1,3.2,0.08
51,40.0,3,2,3.25,0.081
51,40.0,3,3,3.34,0.083
51,40.0,3,4,3.19,0.08
51,40.0,3,5,3.19,0.08
51,40.0,3,6,2.93,0.073
51,40.0,3,7,3.9,0.098
51,40.0,3,8,4.68,0.117
51,40.0,3,9,4.65,0.116
51,40.0,3,10,5.27,0.132
51,40.0,3,11,5.34,0.134
51,40.0,3,12,5.18,0.13
51,40.0,3,13,5.16,0.129
51,40.0,3,14,4.91,0.123
51,40.0,3,15,5.23,0.131
51,40.0,3,16,5.49,0.137
51,40.0,3,17,6.16,0.154
51,40.0,3,18,5.87,0.147
51,40.0,3,19,4.98,0.125
51,40.0,3,20,3.81,0.095
51,40.0,3,21,3.27,0.082
51,40.0,3,22,2.35,0.059
51,40.0,3,23,2.18,0.055
51,40.0,4,0,2.29,0.057
51,40.0,4,1,2.17,0.054
51,40.0,4,2,2.24,0.056
51,40.0,4,3,2.24,0.056
51,40.0,4,4,2.22,0.056
51,40.0,4,5,2.24,0.056
51,40.0,4,6,2.07,0.052
51,40.0,4,7,2.14,0.054
51,40.0,4,8,2.24,0.056
51,40.0,4,9,2.59,0.065
51,40.0,4,10,2.2,0.055
51,40.0,4,11,1.85,0.046
51,40.0,4,12,2.05,0.051
51,40.0,4,13,2.44,0.061
51,40.0,4,14,2.71,0.068
51,40.0,4,15,2.44,0.061
51,40.0,4,16,3.32,0.083
51,40.0,4,17,4.11,0.103
51,40.0,4,18,4.04,0.101
51,40.0,4,19,4.31,0.108
51,40.0,4,20,5.06,0.126
51,40.0,4,21,5.28,0.132
51,40.0,4,22,5.07,0.127
51,40.0,4,23,4.77,0.119
51,40.0,5,0,4.66,0.116
51,40.0,5,1,4.91,0.123
51,40.0,5,2,4.7,0.118
51,40.0,5,3,4.81,0.12
51,40.0,5,4,4.63,0.116
51,40.0,5,5,4.47,0.112
51,40.0,5,6,4.29,0.107
51,40.0,5,7,4.11,0.103
51,40.0,5,8,4.11,0.103
51,40.0,5,9,4.97,0.124
51,40.0,5,10,5.66,0.142
51,40.0,5,11,6.05,0.151
51,40.0,5,12,6.43,0.161
51,40.0,5,13,7.78,0.194
51,40.0,5,14,7.83,0.196
51,40.0,5,15,8.26,0.206
51,40.0,5,16,8.67,0.217
51,40.0,5,17,8.73,0.218
51,40.0,5,18,9.51,0.238
51,40.0,5,19,9.66,0.242
51,40.0,5,20,10.06,0.252
51,40.0,5,21,10.34,0.258
51,40.0,5,22,10.05,0.251
51,40.0,5,23,10.09,0.252
51,40.0,6,0,10.01,0.25
51,40.0,6,1,10.1,0.252
51,40.0,6,2,10.24,0.256
51,40.0,6,3,10.1,0.252
51,40.0,6,4,10.16,0.254
51,40.0,6,5,10.18,0.254
51,40.0,6,6,10.34,0.258
51,40.0,6,7,10.82,0.27
51,40.0,6,8,11.45,0.286
51,40.0,6,9,10.98,0.274
51,40.0,6,10,10.79,0.27
51,40.0,6,11,11.09,0.277
51,40.0,6,12,11.47,0.287
51,40.0,6,13,11.06,0.276
51,40.0,6,14,11.82,0.296
51,40.0,6,15,11.51,0.288
51,40.0,6,16,10.83,0.271
51,40.0,6,17,10.51,0.263
51,40.0,6,18,10.56,0.264
51,40.0,6,19,11.1,0.277
51,40.0,6,20,11.7,0.292
51,40.0,6,21,11.76,0.294
51,40.0,6,22,11.56,0.289
51,40.0,6,23,11.44,0.286
52,32.0,0,0,15.71,0.491
52,32.0,0,1,15.55,0.486
52,32.0,0,2,15.6,0.488
52,32.0,0,3,15.79,0.493
52,32.0,0,4,15.86,0.496
52,32.0,0,5,17.23,0.538
52,32.0,0,6,19.81,0.619
52,32.0,0,7,19.81,0.619
52,32.0,0,8,20.61,0.644
52,32.0,0,9,19.59,0.612
52,32.0,0,10,18.4,0.575
52,32.0,0,11,19.83,0.62
52,32.0,0,12,20.89,0.653
52,32.0,0,13,20.7,0.647
52,32.0,0,14,21.69,0.678
52,32.0,0,15,20.74,0.648
52,32.0,0,16,19.54,0.611
52,32.0,0,17,16.36,0.511
52,32.0,0,18,14.92,0.466
52,32.0,0,19,13.69,0.428
52,32.0,0,20,13.52,0.422
52,32.0,0,21,12.54,0.392
52,32.0,0,22,12.24,0.382
52,32.0,0,23,11.78,0.368
52,32.0,1,0,12.37,0.387
52,32.0,1,1,12.28,0.384
52,32.0,1,2,12.87,0.402
52,32.0,1,3,12.17,0.38
52,32.0,1,4,11.88,0.371
52,32.0,1,5,13.38,0.418
52,32.0,1,6,13.07,0.408
52,32.0,1,7,14.48,0.452
52,32.0,1,8,16.56,0.518
52,32.0,1,9,15.83,0.495
52,32.0,1,10,16.17,0.505
52,32.0,1,11,16.45,0.514
52,32.0,1,12,15.74,0.492
52,32.0,1,13,15.42,0.482
52,32.0,1,14,16.13,0.504
52,32.0,1,15,15.36,0.48
52,32.0,1,16,13.47,0.421
52,32.0,1,17,9.95,0.311
52,32.0,1,18,6.31,0.197
52,32.0,1,19,5.72,0.179
52,32.0,1,20,5.6,0.175
52,32.0,1,21,4.99,0.156
52,32.0,1,22,4.01,0.125
52,32.0,1,23,3.77,0.118
52,32.0,2,0,3.81,0.119
52,32.0,2,1,3.66,0.114
52,32.0,2,2,3.67,0.115
52,32.0,2,3,3.7,0.116
52,32.0,2,4,3.65,0.114
52,32.0,2,5,5.26,0.164
52,32.0,2,6,9.95,0.311
52,32.0,2,7,12.19,0.381
52,32.0,2,8,15.87,0.496
52,32.0,2,9,17.52,0.548
52,32.0,2,10,18.5,0.578
52,32.0,2,11,18.66,0.583
52,32.0,2,12,18.28,0.571
52,32.0,2,13,17.62,0.551
52,32.0,2,14,16.23,0.507
52,32.0,2,15,12.14,0.379
52,32.0,2,16,8.75,0.273
52,32.0,2,17,4.83,0.151
52,32.0,2,18,3.06,0.096
52,32.0,2,19,2.89,0.09
52,32.0,2,20,3.04,0.095
52,32.0,2,21,2.62,0.082
52,32.0,2,22,2.7,0.084
52,32.0,2,23,2.39,0.075
52,32.0,3,0,2.55,0.08
52,32.0,3,1,2.51,0.078
52,32.0,3,2,2.66,0.083
52,32.0,3,3,2.58,0.081
52,32.0,3,4,2.56,0.08
52,32.0,3,5,4.28,0.134
52,32.0,3,6,6.87,0.215
52,32.0,3,7,9.93,0.31
52,32.0,3,8,11.07,0.346
52,32.0,3,9,11.38,0.356
52,32.0,3,10,12.37,0.387
52,32.0,3,11,14.18,0.443
52,32.0,3,12,14.9,0.466
52,32.0,3,13,14.75,0.461
52,32.0,3,14,14.31,0.447
52,32.0,3,15,13.22,0.413
52,32.0,3,16,10.08,0.315
52,32.0,3,17,7.06,0.221
52,32.0,3,18,5.46,0.171
52,32.0,3,19,4.73,0.148
52,32.0,3,20,4.38,0.137
52,32.0,3,21,3.79,0.118
52,32.0,3,22,3.53,0.11
52,32.0,3,23,3.47,0.108
52,32.0,4,0,3.35,0.105
52,32.0,4,1,3.34,0.104
52,32.0,4,2,3.48,0.109
52,32.0,4,3,3.18,0.099
52,32.0,4,4,3.72,0.116
52,32.0,4,5,4.56,0.142
52,32.0,4,6,7.31,0.228
52,32.0,4,7,11.31,0.353
52,32.0,4,8,11.23,0.351
52,32.0,4,9,10.14,0.317
52,32.0,4,10,10.43,0.326
52,32.0,4,11,11.41,0.357
52,32.0,4,12,12.64,0.395
52,32.0,4,13,12.61,0.394
52,32.0,4,14,12.57,0.393
52,32.0,4,15,12.21,0.382
52,32.0,4,16,11.63,0.363
52,32.0,4,17,9.61,0.3
52,32.0,4,18,8.87,0.277
52,32.0,4,19,8.89,0.278
52,32.0,4,20,8.42,0.263
52,32.0,4,21,8.91,0.278
52,32.0,4,22,8.66,0.271
52,32.0,4,23,8.05,0.252
52,32.0,5,0,8.28,0.259
52,32.0,5,1,8.44,0.264
52,32.0,5,2,8.33,0.26
52,32.0,5,3,8.43,0.263
52,32.0,5,4,8.39,0.262
52,32.0,5,5,8.58,0.268
52,32.0,5,6,8.96,0.28
52,32.0,5,7,10.0,0.312
52,32.0,5,8,10.73,0.335
52,32.0,5,9,13.05,0.408
52,32.0,5,10,14.4,0.45
52,32.0,5,11,15.81,0.494
52,32.0,5,12,16.55,0.517
52,32.0,5,13,16.86,0.527
52,32.0,5,14,16.92,0.529
52,32.0,5,15,17.08,0.534
52,32.0,5,16,16.81,0.525
52,32.0,5,17,16.53,0.517
52,32.0,5,18,16.57,0.518
52,32.0,5,19,16.29,0.509
52,32.0,5,20,16.58,0.518
52,32.0,5,21,16.36,0.511
52,32.0,5,22,16.49,0.515
52,32.0,5,23,15.85,0.495
52,32.0,6,0,16.43,0.513
52,32.0,6,1,16.41,0.513
52,32.0,6,2,16.27,0.508
52,32.0,6,3,16.17,0.505
52,32.0,6,4,15.92,0.498
52,32.0,6,5,16.49,0.515
52,32.0,6,6,17.11,0.535
52,32.0,6,7,17.91,0.56
52,32.0,6,8,17.48,0.546
52,32.0,6,9,17.72,0.554
52,32.0,6,10,19.04,0.595
52,32.0,6,11,20.46,0.639
52,32.0,6,12,22.14,0.692
52,32.0,6,13,23.24,0.726
52,32.0,6,14,23.57,0.737
52,32.0,6,15,23.24,0.726
52,32.0,6,16,22.52,0.704
52,32.0,6,17,21.68,0.678
52,32.0,6,18,20.4,0.638
52,32.0,6,19,19.07,0.596
52,32.0,6,20,18.24,0.57
52,32.0,6,21,17.63,0.551
52,32.0,6,22,17.24,0.539
52,32.0,6,23,17.12,0.535
53,40.0,0,0,2.83,0.071
53,40.0,0,1,2.92,0.073
53,40.0,0,2,2.84,0.071
53,40.0,0,3,2.97,0.074
53,40.0,0,4,3.27,0.082
53,40.0,0,5,2.86,0.072
53,40.0,0,6,3.36,0.084
53,40.0,0,7,6.07,0.152
53,40.0,0,8,11.01,0.275
53,40.0,0,9,11.95,0.299
53,40.0,0,10,11.91,0.298
53,40.0,0,11,12.17,0.304
53,40.0,0,12,11.65,0.291
53,40.0,0,13,11.32,0.283
53,40.0,0,14,11.41,0.285
53,40.0,0,15,10.19,0.255
53,40.0,0,16,8.01,0.2
53,40.0,0,17,6.4,0.16
53,40.0,0,18,5.73,0.143
53,40.0,0,19,5.17,0.129
53,40.0,0,20,5.09,0.127
53,40.0,0,21,4.89,0.122
53,40.0,0,22,4.76,0.119
53,40.0,0,23,4.69,0.117
53,40.0,1,0,4.92,0.123
53,40.0,1,1,4.74,0.119
53,40.0,1,2,4.75,0.119
53,40.0,1,3,4.77,0.119
53,40.0,1,4,4.83,0.121
53,40.0,1,5,4.76,0.119
53,40.0,1,6,5.59,0.14
53,40.0,1,7,11.85,0.296
53,40.0,1,8,19.34,0.484
53,40.0,1,9,21.2,0.53
53,40.0,1,10,21.47,0.537
53,40.0,1,11,22.18,0.554
53,40.0,1,12,22.4,0.56
53,40.0,1,13,21.64,0.541
53,40.0,1,14,20.55,0.514
53,40.0,1,15,18.26,0.456
53,40.0,1,16,12.75,0.319
53,40.0,1,17,8.17,0.204
53,40.0,1,18,6.71,0.168
53,40.0,1,19,6.54,0.164
53,40.0,1,20,6.15,0.154
53,40.0,1,21,5.54,0.138
53,40.0,1,22,5.15,0.129
53,40.0,1,23,4.83,0.121
53,40.0,2,0,4.73,0.118
53,40.0,2,1,4.99,0.125
53,40.0,2,2,4.95,0.124
53,40.0,2,3,4.66,0.116
53,40.0,2,4,5.04,0.126
53,40.0,2,5,4.9,0.123
53,40.0,2,6,5.56,0.139
53,40.0,2,7,12.03,0.301
53,40.0,2,8,22.01,0.55
53,40.0,2,9,24.85,0.621
53,40.0,2,10,24.14,0.604
53,40.0,2,11,23.61,0.59
53,40.0,2,12,22.19,0.555
53,40.0,2,13,20.05,0.501
53,40.0,2,14,18.16,0.454
53,40.0,2,15,16.14,0.404
53,40.0,2,16,10.28,0.257
53,40.0,2,17,5.72,0.143
53,40.0,2,18,3.27,0.082
53,40.0,2,19,2.71,0.068
53,40.0,2,20,2.15,0.054
53,40.0,2,21,1.47,0.037
53,40.0,2,22,0.68,0.017
53,40.0,2,23,0.58,0.014
53,40.0,3,0,0.54,0.014
53,40.0,3,1,0.57,0.014
53,40.0,3,2,0.63,0.016
53,40.0,3,3,0.52,0.013
53,40.0,3,4,0.57,0.014
53,40.0,3,5,0.63,0.016
53,40.0,3,6,1.15,0.029
53,40.0,3,7,5.9,0.148
53,40.0,3,8,14.15,0.354
53,40.0,3,9,17.37,0.434
53,40.0,3,10,17.13,0.428
53,40.0,3,11,17.13,0.428
53,40.0,3,12,15.44,0.386
53,40.0,3,13,15.77,0.394
53,40.0,3,14,15.48,0.387
53,40.0,3,15,13.56,0.339
53,40.0,3,16,7.48,0.187
53,40.0,3,17,3.23,0.081
53,40.0,3,18,2.35,0.059
53,40.0,3,19,2.02,0.05
53,40.0,3,20,1.72,0.043
53,40.0,3,21,1.33,0.033
53,40.0,3,22,1.08,0.027
53,40.0,3,23,0.77,0.019
53,40.0,4,0,0.67,0.017
53,40.0,4,1,0.64,0.016
53,40.0,4,2,0.65,0.016
53,40.0,4,3,0.71,0.018
53,40.0,4,4,0.64,0.016
53,40.0,4,5,0.59,0.015
53,40.0,4,6,0.92,0.023
53,40.0,4,7,3.13,0.078
53,40.0,4,8,6.23,0.156
53,40.0,4,9,6.96,0.174
53,40.0,4,10,6.58,0.164
53,40.0,4,11,5.79,0.145
53,40.0,4,12,5.45,0.136
53,40.0,4,13,4.98,0.125
53,40.0,4,14,4.58,0.114
53,40.0,4,15,3.73,0.093
53,40.0,4,16,2.12,0.053
53,40.0,4,17,2.3,0.057
53,40.0,4,18,2.49,0.062
53,40.0,4,19,2.01,0.05
53,40.0,4,20,2.34,0.058
53,40.0,4,21,2.67,0.067
53,40.0,4,22,2.5,0.062
53,40.0,4,23,2.31,0.058
53,40.0,5,0,2.32,0.058
53,40.0,5,1,2.2,0.055
53,40.0,5,2,2.5,0.062
53,40.0,5,3,2.24,0.056
53,40.0,5,4,2.38,0.06
53,40.0,5,5,2.38,0.06
53,40.0,5,6,2.23,0.056
53,40.0,5,7,2.27,0.057
53,40.0,5,8,2.28,0.057
53,40.0,5,9,2.79,0.07
53,40.0,5,10,3.19,0.08
53,40.0,5,11,3.46,0.086
53,40.0,5,12,3.54,0.088
53,40.0,5,13,3.53,0.088
53,40.0,5,14,3.04,0.076
53,40.0,5,15,2.7,0.068
53,40.0,5,16,2.62,0.066
53,40.0,5,17,2.42,0.06
53,40.0,5,18,2.55,0.064
53,40.0,5,19,3.17,0.079
53,40.0,5,20,3.19,0.08
53,40.0,5,21,3.21,0.08
53,40.0,5,22,2.75,0.069
53,40.0,5,23,2.59,0.065
53,40.0,6,0,2.71,0.068
53,40.0,6,1,2.71,0.068
53,40.0,6,2,2.68,0.067
53,40.0,6,3,2.66,0.066
53,40.0,6,4,2.62,0.066
53,40.0,6,5,2.67,0.067
53,40.0,6,6,2.89,0.072
53,40.0,6,7,2.85,0.071
53,40.0,6,8,3.08,0.077
53,40.0,6,9,3.52,0.088
53,40.0,6,10,4.19,0.105
53,40.0,6,11,4.16,0.104
53,40.0,6,12,3.74,0.094
53,40.0,6,13,2.83,0.071
53,40.0,6,14,2.54,0.064
53,40.0,6,15,2.53,0.063
53,40.0,6,16,2.06,0.052
53,40.0,6,17,1.98,0.05
53,40.0,6,18,1.97,0.049
53,40.0,6,19,2.47,0.062
53,40.0,6,20,2.88,0.072
53,40.0,6,21,2.92,0.073
53,40.0,6,22,2.71,0.068
53,40.0,6,23,2.8,0.07
54,33.0,0,0,14.1,0.427
54,33.0,0,1,14.16,0.429
54,33.0,0,2,14.77,0.448
54,33.0,0,3,14.6,0.442
54,33.0,0,4,14.24,0.432
54,33.0,0,5,14.55,0.441
54,33.0,0,6,15.58,0.472
54,33.0,0,7,15.78,0.478
54,33.0,0,8,18.07,0.548
54,33.0,0,9,17.29,0.524
54,33.0,0,10,16.75,0.508
54,33.0,0,11,15.33,0.465
54,33.0,0,12,13.85,0.42
54,33.0,0,13,13.4,0.406
54,33.0,0,14,12.7,0.385
54,33.0,0,15,11.35,0.344
54,33.0,0,16,8.45,0.256
54,33.0,0,17,7.83,0.237
54,33.0,0,18,7.61,0.231
54,33.0,0,19,7.54,0.228
54,33.0,0,20,7.84,0.238
54,33.0,0,21,8.25,0.25
54,33.0,0,22,9.5,0.288
54,33.0,0,23,8.58,0.26
54,33.0,1,0,8.79,0.266
54,33.0,1,1,8.67,0.263
54,33.0,1,2,8.66,0.262
54,33.0,1,3,8.95,0.271
54,33.0,1,4,8.53,0.258
54,33.0,1,5,9.28,0.281
54,33.0,1,6,9.97,0.302
54,33.0,1,7,12.56,0.381
54,33.0,1,8,16.21,0.491
54,33.0,1,9,15.06,0.456
54,33.0,1,10,14.24,0.432
54,33.0,1,11,11.98,0.363
54,33.0,1,12,11.22,0.34
54,33.0,1,13,10.99,0.333
54,33.0,1,14,11.08,0.336
54,33.0,1,15,10.12,0.307
54,33.0,1,16,6.21,0.188
54,33.0,1,17,3.09,0.094
54,33.0,1,18,3.09,0.094
54,33.0,1,19,4.01,0.122
54,33.0,1,20,5.14,0.156
54,33.0,1,21,5.06,0.153
54,33.0,1,22,4.47,0.135
54,33.0,1,23,4.64,0.141
54,33.0,2,0,4.07,0.123
54,33.0,2,1,4.05,0.123
54,33.0,2,2,4.11,0.125
54,33.0,2,3,3.97,0.12
54,33.0,2,4,4.12,0.125
54,33.0,2,5,4.08,0.124
54,33.0,2,6,5.86,0.178
54,33.0,2,7,7.12,0.216
54,33.0,2,8,10.26,0.311
54,33.0,2,9,9.69,0.294
54,33.0,2,10,9.34,0.283
54,33.0,2,11,6.86,0.208
54,33.0,2,12,5.65,0.171
54,33.0,2,13,5.28,0.16
54,33.0,2,14,4.81,0.146
54,33.0,2,15,3.81,0.115
54,33.0,2,16,1.24,0.038
54,33.0,2,17,0.49,0.015
54,33.0,2,18,0.8,0.024
54,33.0,2,19,0.77,0.023
54,33.0,2,20,1.09,0.033
54,33.0,2,21,1.31,0.04
54,33.0,2,22,1.76,0.053
54,33.0,2,23,2.17,0.066
54,33.0,3,0,2.24,0.068
54,33.0,3,1,2.27,0.069
54,33.0,3,2,2.26,0.068
54,33.0,3,3,2.31,0.07
54,33.0,3,4,2.14,0.065
54,33.0,3,5,2.18,0.066
54,33.0,3,6,3.21,0.097
54,33.0,3,7,4.77,0.145
54,33.0,3,8,7.0,0.212
54,33.0,3,9,6.77,0.205
54,33.0,3,10,6.75,0.205
54,33.0,3,11,5.22,0.158
54,33.0,3,12,4.86,0.147
54,33.0,3,13,4.48,0.136
54,33.0,3,14,4.06,0.123
54,33.0,3,15,3.59,0.109
54,33.0,3,16,1.59,0.048
54,33.0,3,17,1.09,0.033
54,33.0,3,18,0.87,0.026
54,33.0,3,19,0.97,0.029
54,33.0,3,20,1.41,0.043
54,33.0,3,21,2.64,0.08
54,33.0,3,22,2.41,0.073
54,33.0,3,23,2.56,0.078
54,33.0,4,0,2.9,0.088
54,33.0,4,1,2.91,0.088
54,33.0,4,2,2.93,0.089
54,33.0,4,3,2.85,0.086
54,33.0,4,4,2.56,0.078
54,33.0,4,5,2.65,0.08
54,33.0,4,6,3.15,0.095
54,33.0,4,7,4.52,0.137
54,33.0,4,8,6.55,0.198
54,33.0,4,9,5.52,0.167
54,33.0,4,10,4.79,0.145
54,33.0,4,11,3.57,0.108
54,33.0,4,12,3.17,0.096
54,33.0,4,13,2.67,0.081
54,33.0,4,14,3.0,0.091
54,33.0,4,15,2.72,0.082
54,33.0,4,16,1.86,0.056
54,33.0,4,17,2.13,0.065
54,33.0,4,18,2.49,0.075
54,33.0,4,19,2.92,0.088
54,33.0,4,20,3.26,0.099
54,33.0,4,21,5.26,0.159
54,33.0,4,22,7.19,0.218
54,33.0,4,23,8.4,0.255
54,33.0,5,0,9.06,0.275
54,33.0,5,1,8.88,0.269
54,33.0,5,2,8.98,0.272
54,33.0,5,3,9.05,0.274
54,33.0,5,4,8.33,0.252
54,33.0,5,5,7.81,0.237
54,33.0,5,6,8.47,0.257
54,33.0,5,7,8.57,0.26
54,33.0,5,8,8.52,0.258
54,33.0,5,9,8.13,0.246
54,33.0,5,10,8.52,0.258
54,33.0,5,11,9.21,0.279
54,33.0,5,12,8.86,0.268
54,33.0,5,13,8.96,0.272
54,33.0,5,14,8.91,0.27
54,33.0,5,15,8.96,0.272
54,33.0,5,16,9.29,0.282
54,33.0,5,17,9.09,0.275
54,33.0,5,18,9.27,0.281
54,33.0,5,19,9.37,0.284
54,33.0,5,20,9.27,0.281
54,33.0,5,21,10.22,0.31
54,33.0,5,22,11.19,0.339
54,33.0,5,23,12.8,0.388
54,33.0,6,0,12.87,0.39
54,33.0,6,1,12.84,0.389
54,33.0,6,2,12.6,0.382
54,33.0,6,3,13.04,0.395
54,33.0,6,4,12.52,0.379
54,33.0,6,5,12.32,0.373
54,33.0,6,6,12.37,0.375
54,33.0,6,7,12.6,0.382
54,33.0,6,8,13.07,0.396
54,33.0,6,9,13.63,0.413
54,33.0,6,10,12.38,0.375
54,33.0,6,11,11.31,0.343
54,33.0,6,12,10.03,0.304
54,33.0,6,13,10.37,0.314
54,33.0,6,14,10.63,0.322
54,33.0,6,15,10.62,0.322
54,33.0,6,16,10.06,0.305
54,33.0,6,17,10.01,0.303
54,33.0,6,18,10.77,0.326
54,33.0,6,19,13.36,0.405
54,33.0,6,20,13.16,0.399
54,33.0,6,21,14.86,0.45
54,33.0,6,22,15.13,0.458
54,33.0,6,23,15.21,0.461
55,36.0,0,0,4.74,0.132
55,36.0,0,1,4.68,0.13
55,36.0,0,2,4.76,0.132
55,36.0,0,3,4.81,0.134
55,36.0,0,4,4.77,0.132
55,36.0,0,5,4.81,0.134
55,36.0,0,6,6.6,0.183
55,36.0,0,7,11.74,0.326
55,36.0,0,8,19.01,0.528
55,36.0,0,9,19.83,0.551
55,36.0,0,10,20.76,0.577
55,36.0,0,11,20.79,0.578
55,36.0,0,12,19.61,0.545
55,36.0,0,13,19.56,0.543
55,36.0,0,14,17.86,0.496
55,36.0,0,15,14.75,0.41
55,36.0,0,16,7.14,0.198
55,36.0,0,17,2.72,0.076
55,36.0,0,18,2.58,0.072
55,36.0,0,19,2.66,0.074
55,36.0,0,20,2.22,0.062
55,36.0,0,21,2.15,0.06
55,36.0,0,22,2.31,0.064
55,36.0,0,23,2.05,0.057
55,36.0,1,0,2.08,0.058
55,36.0,1,1,1.99,0.055
55,36.0,1,2,1.94,0.054
55,36.0,1,3,1.99,0.055
55,36.0,1,4,1.97,0.055
55,36.0,1,5,2.03,0.056
55,36.0,1,6,4.69,0.13
55,36.0,1,7,12.61,0.35
55,36.0,1,8,22.52,0.626
55,36.0,1,9,23.33,0.648
55,36.0,1,10,23.28,0.647
55,36.0,1,11,21.83,0.606
55,36.0,1,12,21.35,0.593
55,36.0,1,13,21.96,0.61
55,36.0,1,14,19.23,0.534
55,36.0,1,15,13.18,0.366
55,36.0,1,16,2.93,0.081
55,36.0,1,17,0.91,0.025
55,36.0,1,18,0.9,0.025
55,36.0,1,19,1.35,0.038
55,36.0,1,20,1.13,0.031
55,36.0,1,21,0.9,0.025
55,36.0,1,22,0.65,0.018
55,36.0,1,23,0.63,0.018
55,36.0,2,0,1.04,0.029
55,36.0,2,1,1.14,0.032
55,36.0,2,2,1.07,0.03
55,36.0,2,3,1.12,0.031
55,36.0,2,4,1.08,0.03
55,36.0,2,5,1.5,0.042
55,36.0,2,6,4.6,0.128
55,36.0,2,7,13.43,0.373
55,36.0,2,8,25.71,0.714
55,36.0,2,9,27.46,0.763
55,36.0,2,10,28.53,0.792
55,36.0,2,11,26.28,0.73
55,36.0,2,12,24.81,0.689
55,36.0,2,13,24.8,0.689
55,36.0,2,14,21.24,0.59
55,36.0,2,15,14.37,0.399
55,36.0,2,16,4.25,0.118
55,36.0,2,17,0.37,0.01
55,36.0,2,18,0.24,0.007
55,36.0,2,19,0.44,0.012
55,36.0,2,20,0.48,0.013
55,36.0,2,21,0.49,0.014
55,36.0,2,22,0.61,0.017
55,36.0,2,23,0.67,0.019
55,36.0,3,0,0.65,0.018
55,36.0,3,1,0.67,0.019
55,36.0,3,2,0.68,0.019
55,36.0,3,3,0.7,0.019
55,36.0,3,4,0.6,0.017
55,36.0,3,5,0.98,0.027
55,36.0,3,6,3.86,0.107
55,36.0,3,7,12.73,0.354
55,36.0,3,8,22.3,0.619
55,36.0,3,9,23.83,0.662
55,36.0,3,10,23.74,0.659
55,36.0,3,11,21.0,0.583
55,36.0,3,12,18.17,0.505
55,36.0,3,13,18.51,0.514
55,36.0,3,14,16.22,0.451
55,36.0,3,15,9.87,0.274
55,36.0,3,16,1.14,0.032
55,36.0,3,17,0.23,0.006
55,36.0,3,18,0.38,0.011
55,36.0,3,19,0.12,0.003
55,36.0,3,20,0.33,0.009
55,36.0,3,21,0.42,0.012
55,36.0,3,22,0.62,0.017
55,36.0,3,23,0.78,0.022
55,36.0,4,0,0.77,0.021
55,36.0,4,1,0.75,0.021
55,36.0,4,2,0.8,0.022
55,36.0,4,3,0.8,0.022
55,36.0,4,4,0.79,0.022
55,36.0,4,5,0.81,0.023
55,36.0,4,6,2.55,0.071
55,36.0,4,7,6.57,0.182
55,36.0,4,8,11.72,0.326
55,36.0,4,9,13.29,0.369
55,36.0,4,10,14.02,0.389
55,36.0,4,11,13.44,0.373
55,36.0,4,12,11.37,0.316
55,36.0,4,13,11.01,0.306
55,36.0,4,14,9.0,0.25
55,36.0,4,15,5.84,0.162
55,36.0,4,16,2.13,0.059
55,36.0,4,17,1.23,0.034
55,36.0,4,18,1.14,0.032
55,36.0,4,19,1.56,0.043
55,36.0,4,20,1.7,0.047
55,36.0,4,21,1.95,0.054
55,36.0,4,22,2.26,0.063
55,36.0,4,23,2.4,0.067
55,36.0,5,0,2.33,0.065
55,36.0,5,1,2.39,0.066
55,36.0,5,2,2.3,0.064
55,36.0,5,3,2.32,0.064
55,36.0,5,4,2.35,0.065
55,36.0,5,5,2.29,0.064
55,36.0,5,6,2.33,0.065
55,36.0,5,7,2.91,0.081
55,36.0,5,8,3.26,0.091
55,36.0,5,9,3.51,0.097
55,36.0,5,10,3.71,0.103
55,36.0,5,11,3.94,0.109
55,36.0,5,12,3.28,0.091
55,36.0,5,13,3.08,0.086
55,36.0,5,14,3.0,0.083
55,36.0,5,15,3.28,0.091
55,36.0,5,16,3.79,0.105
55,36.0,5,17,4.09,0.114
55,36.0,5,18,4.43,0.123
55,36.0,5,19,4.53,0.126
55,36.0,5,20,4.72,0.131
55,36.0,5,21,4.64,0.129
55,36.0,5,22,4.61,0.128
55,36.0,5,23,4.81,0.134
55,36.0,6,0,5.16,0.143
55,36.0,6,1,5.18,0.144
55,36.0,6,2,5.17,0.144
55,36.0,6,3,5.01,0.139
55,36.0,6,4,5.0,0.139
55,36.0,6,5,4.86,0.135
55,36.0,6,6,5.17,0.144
55,36.0,6,7,5.28,0.147
55,36.0,6,8,5.85,0.162
55,36.0,6,9,6.25,0.174
55,36.0,6,10,5.86,0.163
55,36.0,6,11,5.66,0.157
55,36.0,6,12,5.62,0.156
55,36.0,6,13,5.49,0.152
55,36.0,6,14,5.19,0.144
55,36.0,6,15,5.3,0.147
55,36.0,6,16,5.4,0.15
55,36.0,6,17,5.5,0.153
55,36.0,6,18,5.28,0.147
55,36.0,6,19,5.0,0.139
55,36.0,6,20,4.74,0.132
55,36.0,6,21,5.22,0.145
55,36.0,6,22,5.28,0.147
55,36.0,6,23,4.99,0.139
56,40.0,0,0,8.24,0.206
56,40.0,0,1,8.44,0.211
56,40.0,0,2,8.16,0.204
56,40.0,0,3,8.37,0.209
56,40.0,0,4,7.82,0.196
56,40.0,0,5,8.98,0.224
56,40.0,0,6,10.79,0.27
56,40.0,0,7,14.82,0.37
56,40.0,0,8,21.24,0.531
56,40.0,0,9,22.45,0.561
56,40.0,0,10,21.67,0.542
56,40.0,0,11,19.58,0.489
56,40.0,0,12,19.09,0.477
56,40.0,0,13,19.35,0.484
56,40.0,0,14,18.72,0.468
56,40.0,0,15,16.37,0.409
56,40.0,0,16,10.92,0.273
56,40.0,0,17,7.35,0.184
56,40.0,0,18,7.22,0.18
56,40.0,0,19,8.89,0.222
56,40.0,0,20,9.85,0.246
56,40.0,0,21,9.97,0.249
56,40.0,0,22,9.53,0.238
56,40.0,0,23,10.64,0.266
56,40.0,1,0,10.02,0.25
56,40.0,1,1,10.03,0.251
56,40.0,1,2,10.14,0.254
56,40.0,1,3,10.14,0.254
56,40.0,1,4,10.2,0.255
56,40.0,1,5,10.47,0.262
56,40.0,1,6,11.5,0.288
56,40.0,1,7,15.18,0.38
56,40.0,1,8,29.23,0.731
56,40.0,1,9,32.77,0.819
56,40.0,1,10,31.01,0.775
56,40.0,1,11,29.29,0.732
56,40.0,1,12,26.86,0.672
56,40.0,1,13,26.84,0.671
56,40.0,1,14,25.46,0.637
56,40.0,1,15,19.69,0.492
56,40.0,1,16,7.85,0.196
56,40.0,1,17,2.7,0.068
56,40.0,1,18,2.69,0.067
56,40.0,1,19,3.74,0.094
56,40.0,1,20,4.28,0.107
56,40.0,1,21,4.41,0.11
56,40.0,1,22,3.57,0.089
56,40.0,1,23,3.56,0.089
56,40.0,2,0,5.97,0.149
56,40.0,2,1,5.9,0.148
56,40.0,2,2,5.94,0.149
56,40.0,2,3,5.74,0.144
56,40.0,2,4,5.8,0.145
56,40.0,2,5,6.87,0.172
56,40.0,2,6,7.99,0.2
56,40.0,2,7,14.2,0.355
56,40.0,2,8,25.96,0.649
56,40.0,2,9,26.91,0.673
56,40.0,2,10,27.49,0.687
56,40.0,2,11,26.17,0.654
56,40.0,2,12,23.91,0.598
56,40.0,2,13,25.7,0.642
56,40.0,2,14,24.86,0.621
56,40.0,2,15,19.3,0.483
56,40.0,2,16,10.9,0.272
56,40.0,2,17,6.0,0.15
56,40.0,2,18,3.85,0.096
56,40.0,2,19,4.15,0.104
56,40.0,2,20,4.86,0.122
56,40.0,2,21,4.93,0.123
56,40.0,2,22,5.13,0.128
56,40.0,2,23,5.97,0.149
56,40.0,3,0,6.18,0.154
56,40.0,3,1,6.24,0.156
56,40.0,3,2,6.39,0.16
56,40.0,3,3,6.15,0.154
56,40.0,3,4,5.96,0.149
56,40.0,3,5,7.46,0.186
56,40.0,3,6,8.36,0.209
56,40.0,3,7,12.45,0.311
56,40.0,3,8,23.09,0.577
56,40.0,3,9,24.9,0.622
56,40.0,3,10,25.04,0.626
56,40.0,3,11,23.17,0.579
56,40.0,3,12,19.86,0.496
56,40.0,3,13,19.57,0.489
56,40.0,3,14,17.2,0.43
56,40.0,3,15,13.52,0.338
56,40.0,3,16,6.91,0.173
56,40.0,3,17,3.02,0.076
56,40.0,3,18,4.22,0.106
56,40.0,3,19,5.42,0.136
56,40.0,3,20,5.54,0.138
56,40.0,3,21,5.97,0.149
56,40.0,3,22,5.79,0.145
56,40.0,3,23,5.86,0.147
56,40.0,4,0,5.65,0.141
56,40.0,4,1,5.71,0.143
56,40.0,4,2,5.6,0.14
56,40.0,4,3,5.77,0.144
56,40.0,4,4,5.41,0.135
56,40.0,4,5,5.39,0.135
56,40.0,4,6,6.74,0.168
56,40.0,4,7,9.47,0.237
56,40.0,4,8,12.41,0.31
56,40.0,4,9,12.96,0.324
56,40.0,4,10,12.13,0.303
56,40.0,4,11,11.36,0.284
56,40.0,4,12,10.38,0.26
56,40.0,4,13,10.61,0.265
56,40.0,4,14,9.97,0.249
56,40.0,4,15,9.17,0.229
56,40.0,4,16,6.82,0.17
56,40.0,4,17,5.95,0.149
56,40.0,4,18,5.28,0.132
56,40.0,4,19,4.53,0.113
56,40.0,4,20,5.03,0.126
56,40.0,4,21,5.21,0.13
56,40.0,4,22,5.52,0.138
56,40.0,4,23,5.61,0.14
56,40.0,5,0,5.87,0.147
56,40.0,5,1,6.08,0.152
56,40.0,5,2,6.17,0.154
56,40.0,5,3,6.14,0.154
56,40.0,5,4,6.19,0.155
56,40.0,5,5,6.43,0.161
56,40.0,5,6,6.62,0.166
56,40.0,5,7,6.84,0.171
56,40.0,5,8,7.01,0.175
56,40.0,5,9,6.77,0.169
56,40.0,5,10,5.9,0.148
56,40.0,5,11,4.8,0.12
56,40.0,5,12,4.98,0.125
56,40.0,5,13,7.26,0.182
56,40.0,5,14,7.55,0.189
56,40.0,5,15,7.77,0.194
56,40.0,5,16,8.38,0.21
56,40.0,5,17,8.9,0.222
56,40.0,5,18,9.16,0.229
56,40.0,5,19,8.74,0.218
56,40.0,5,20,8.6,0.215
56,40.0,5,21,7.55,0.189
56,40.0,5,22,7.81,0.195
56,40.0,5,23,7.68,0.192
56,40.0,6,0,8.05,0.201
56,40.0,6,1,7.74,0.194
56,40.0,6,2,8.08,0.202
56,40.0,6,3,7.96,0.199
56,40.0,6,4,8.19,0.205
56,40.0,6,5,7.96,0.199
56,40.0,6,6,8.58,0.214
56,40.0,6,7,8.69,0.217
56,40.0,6,8,8.96,0.224
56,40.0,6,9,8.91,0.223
56,40.0,6,10,9.54,0.238
56,40.0,6,11,8.91,0.223
56,40.0,6,12,8.91,0.223
56,40.0,6,13,9.03,0.226
56,40.0,6,14,9.02,0.225
56,40.0,6,15,9.13,0.228
56,40.0,6,16,8.1,0.202
56,40.0,6,17,8.1,0.202
56,40.0,6,18,8.2,0.205
56,40.0,6,19,8.04,0.201
56,40.0,6,20,7.72,0.193
56,40.0,6,21,7.56,0.189
56,40.0,6,22,8.3,0.208
56,40.0,6,23,8.26,0.206
57,23.0,0,0,7.81,0.34
57,23.0,0,1,7.93,0.345
57,23.0,0,2,7.78,0.338
57,23.0,0,3,8.09,0.352
57,23.0,0,4,7.47,0.325
57,23.0,0,5,7.55,0.328
57,23.0,0,6,7.13,0.31
57,23.0,0,7,6.95,0.302
57,23.0,0,8,7.95,0.346
57,23.0,0,9,7.78,0.338
57,23.0,0,10,7.88,0.343
57,23.0,0,11,8.15,0.354
57,23.0,0,12,8.0,0.348
57,23.0,0,13,8.97,0.39
57,23.0,0,14,9.76,0.424
57,23.0,0,15,9.26,0.403
57,23.0,0,16,7.94,0.345
57,23.0,0,17,6.72,0.292
57,23.0,0,18,6.47,0.281
57,23.0,0,19,6.64,0.289
57,23.0,0,20,7.08,0.308
57,23.0,0,21,8.16,0.355
57,23.0,0,22,7.89,0.343
57,23.0,0,23,7.81,0.34
57,23.0,1,0,7.54,0.328
57,23.0,1,1,7.8,0.339
57,23.0,1,2,7.76,0.337
57,23.0,1,3,7.82,0.34
57,23.0,1,4,7.81,0.34
57,23.0,1,5,7.4,0.322
57,23.0,1,6,6.83,0.297
57,23.0,1,7,6.75,0.293
57,23.0,1,8,9.55,0.415
57,23.0,1,9,10.56,0.459
57,23.0,1,10,9.89,0.43
57,23.0,1,11,9.43,0.41
57,23.0,1,12,9.44,0.41
57,23.0,1,13,9.82,0.427
57,23.0,1,14,10.8,0.47
57,23.0,1,15,10.57,0.46
57,23.0,1,16,7.78,0.338
57,23.0,1,17,5.79,0.252
57,23.0,1,18,5.37,0.233
57,23.0,1,19,6.56,0.285
57,23.0,1,20,6.9,0.3
57,23.0,1,21,7.85,0.341
57,23.0,1,22,7.67,0.333
57,23.0,1,23,7.1,0.309
57,23.0,2,0,7.75,0.337
57,23.0,2,1,7.78,0.338
57,23.0,2,2,7.81,0.34
57,23.0,2,3,7.82,0.34
57,23.0,2,4,7.85,0.341
57,23.0,2,5,7.68,0.334
57,23.0,2,6,6.88,0.299
57,23.0,2,7,5.85,0.254
57,23.0,2,8,8.59,0.373
57,23.0,2,9,9.35,0.407
57,23.0,2,10,9.13,0.397
57,23.0,2,11,8.92,0.388
57,23.0,2,12,8.95,0.389
57,23.0,2,13,9.69,0.421
57,23.0,2,14,10.83,0.471
57,23.0,2,15,9.49,0.413
57,23.0,2,16,7.6,0.33
57,23.0,2,17,6.9,0.3
57,23.0,2,18,6.05,0.263
57,23.0,2,19,6.03,0.262
57,23.0,2,20,7.11,0.309
57,23.0,2,21,7.37,0.32
57,23.0,2,22,7.1,0.309
57,23.0,2,23,6.96,0.303
57,23.0,3,0,6.88,0.299
57,23.0,3,1,6.67,0.29
57,23.0,3,2,7.23,0.314
57,23.0,3,3,6.9,0.3
57,23.0,3,4,6.7,0.291
57,23.0,3,5,6.77,0.294
57,23.0,3,6,6.02,0.262
57,23.0,3,7,5.97,0.26
57,23.0,3,8,8.77,0.381
57,23.0,3,9,8.93,0.388
57,23.0,3,10,9.26,0.403
57,23.0,3,11,8.99,0.391
57,23.0,3,12,9.08,0.395
57,23.0,3,13,9.53,0.414
57,23.0,3,14,9.62,0.418
57,23.0,3,15,8.99,0.391
57,23.0,3,16,7.44,0.323
57,23.0,3,17,5.72,0.249
57,23.0,3,18,5.94,0.258
57,23.0,3,19,7.02,0.305
57,23.0,3,20,7.58,0.33
57,23.0,3,21,7.93,0.345
57,23.0,3,22,7.57,0.329
57,23.0,3,23,7.46,0.324
57,23.0,4,0,7.54,0.328
57,23.0,4,1,7.38,0.321
57,23.0,4,2,7.23,0.314
57,23.0,4,3,7.48,0.325
57,23.0,4,4,7.34,0.319
57,23.0,4,5,6.64,0.289
57,23.0,4,6,6.52,0.283
57,23.0,4,7,6.11,0.266
57,23.0,4,8,6.61,0.287
57,23.0,4,9,7.16,0.311
57,23.0,4,10,7.36,0.32
57,23.0,4,11,6.79,0.295
57,23.0,4,12,6.86,0.298
57,23.0,4,13,6.87,0.299
57,23.0,4,14,6.89,0.3
57,23.0,4,15,6.1,0.265
57,23.0,4,16,5.76,0.25
57,23.0,4,17,4.76,0.207
57,23.0,4,18,4.07,0.177
57,23.0,4,19,4.16,0.181
57,23.0,4,20,3.84,0.167
57,23.0,4,21,3.68,0.16
57,23.0,4,22,4.5,0.196
57,23.0,4,23,4.81,0.209
57,23.0,5,0,4.92,0.214
57,23.0,5,1,4.96,0.216
57,23.0,5,2,4.83,0.21
57,23.0,5,3,5.0,0.217
57,23.0,5,4,4.79,0.208
57,23.0,5,5,4.71,0.205
57,23.0,5,6,4.7,0.204
57,23.0,5,7,5.01,0.218
57,23.0,5,8,5.02,0.218
57,23.0,5,9,4.39,0.191
57,23.0,5,10,4.96,0.216
57,23.0,5,11,4.66,0.203
57,23.0,5,12,4.8,0.209
57,23.0,5,13,4.75,0.207
57,23.0,5,14,5.14,0.223
57,23.0,5,15,5.11,0.222
57,23.0,5,16,5.07,0.22
57,23.0,5,17,5.29,0.23
57,23.0,5,18,5.36,0.233
57,23.0,5,19,5.43,0.236
57,23.0,5,20,5.62,0.244
57,23.0,5,21,6.43,0.28
57,23.0,5,22,6.74,0.293
57,23.0,5,23,6.61,0.287
57,23.0,6,0,6.9,0.3
57,23.0,6,1,6.97,0.303
57,23.0,6,2,6.7,0.291
57,23.0,6,3,6.89,0.3
57,23.0,6,4,6.97,0.303
57,23.0,6,5,6.89,0.3
57,23.0,6,6,6.72,0.292
57,23.0,6,7,6.44,0.28
57,23.0,6,8,5.97,0.26
57,23.0,6,9,5.33,0.232
57,23.0,6,10,5.79,0.252
57,23.0,6,11,5.98,0.26
57,23.0,6,12,5.76,0.25
57,23.0,6,13,5.62,0.244
57,23.0,6,14,5.57,0.242
57,23.0,6,15,6.15,0.267
57,23.0,6,16,6.59,0.287
57,23.0,6,17,5.91,0.257
57,23.0,6,18,6.25,0.272
57,23.0,6,19,6.37,0.277
57,23.0,6,20,6.51,0.283
57,23.0,6,21,6.76,0.294
57,23.0,6,22,7.19,0.313
57,23.0,6,23,7.24,0.315
58,40.0,0,0,21.45,0.536
58,40.0,0,1,21.79,0.545
58,40.0,0,2,22.42,0.56
58,40.0,0,3,21.93,0.548
58,40.0,0,4,21.89,0.547
58,40.0,0,5,22.1,0.552
58,40.0,0,6,19.74,0.493
58,40.0,0,7,20.58,0.514
58,40.0,0,8,21.8,0.545
58,40.0,0,9,22.41,0.56
58,40.0,0,10,23.34,0.584
58,40.0,0,11,24.59,0.615
58,40.0,0,12,24.26,0.606
58,40.0,0,13,25.82,0.646
58,40.0,0,14,24.69,0.617
58,40.0,0,15,21.16,0.529
58,40.0,0,16,21.34,0.534
58,40.0,0,17,20.67,0.517
58,40.0,0,18,22.54,0.564
58,40.0,0,19,24.59,0.615
58,40.0,0,20,24.87,0.622
58,40.0,0,21,25.91,0.648
58,40.0,0,22,23.77,0.594
58,40.0,0,23,22.11,0.553
58,40.0,1,0,22.46,0.562
58,40.0,1,1,22.4,0.56
58,40.0,1,2,22.88,0.572
58,40.0,1,3,22.62,0.566
58,40.0,1,4,22.22,0.556
58,40.0,1,5,19.95,0.499
58,40.0,1,6,13.5,0.338
58,40.0,1,7,18.88,0.472
58,40.0,1,8,32.86,0.822
58,40.0,1,9,33.71,0.843
58,40.0,1,10,31.65,0.791
58,40.0,1,11,31.28,0.782
58,40.0,1,12,30.42,0.761
58,40.0,1,13,31.51,0.788
58,40.0,1,14,29.89,0.747
58,40.0,1,15,26.19,0.655
58,40.0,1,16,19.05,0.476
58,40.0,1,17,19.46,0.487
58,40.0,1,18,18.83,0.471
58,40.0,1,19,16.38,0.41
58,40.0,1,20,16.24,0.406
58,40.0,1,21,16.74,0.418
58,40.0,1,22,14.7,0.368
58,40.0,1,23,13.17,0.329
58,40.0,2,0,11.85,0.296
58,40.0,2,1,11.72,0.293
58,40.0,2,2,11.69,0.292
58,40.0,2,3,11.47,0.287
58,40.0,2,4,11.55,0.289
58,40.0,2,5,13.98,0.35
58,40.0,2,6,12.51,0.313
58,40.0,2,7,15.45,0.386
58,40.0,2,8,30.17,0.754
58,40.0,2,9,30.66,0.766
58,40.0,2,10,31.14,0.778
58,40.0,2,11,31.09,0.777
58,40.0,2,12,31.56,0.789
58,40.0,2,13,31.99,0.8
58,40.0,2,14,30.77,0.769
58,40.0,2,15,26.36,0.659
58,40.0,2,16,22.16,0.554
58,40.0,2,17,19.21,0.48
58,40.0,2,18,19.27,0.482
58,40.0,2,19,17.94,0.448
58,40.0,2,20,16.76,0.419
58,40.0,2,21,16.46,0.412
58,40.0,2,22,15.0,0.375
58,40.0,2,23,14.02,0.35
58,40.0,3,0,13.66,0.342
58,40.0,3,1,13.75,0.344
58,40.0,3,2,14.23,0.356
58,40.0,3,3,13.99,0.35
58,40.0,3,4,15.14,0.378
58,40.0,3,5,14.81,0.37
58,40.0,3,6,10.45,0.261
58,40.0,3,7,18.55,0.464
58,40.0,3,8,29.97,0.749
58,40.0,3,9,29.05,0.726
58,40.0,3,10,29.12,0.728
58,40.0,3,11,30.07,0.752
58,40.0,3,12,28.55,0.714
58,40.0,3,13,28.95,0.724
58,40.0,3,14,27.08,0.677
58,40.0,3,15,22.51,0.563
58,40.0,3,16,18.6,0.465
58,40.0,3,17,17.77,0.444
58,40.0,3,18,19.15,0.479
58,40.0,3,19,19.07,0.477
58,40.0,3,20,18.29,0.457
58,40.0,3,21,16.14,0.404
58,40.0,3,22,15.49,0.387
58,40.0,3,23,13.34,0.334
58,40.0,4,0,12.81,0.32
58,40.0,4,1,12.81,0.32
58,40.0,4,2,12.98,0.324
58,40.0,4,3,13.13,0.328
58,40.0,4,4,14.16,0.354
58,40.0,4,5,17.94,0.448
58,40.0,4,6,16.32,0.408
58,40.0,4,7,17.18,0.43
58,40.0,4,8,23.92,0.598
58,40.0,4,9,24.31,0.608
58,40.0,4,10,23.27,0.582
58,40.0,4,11,23.18,0.58
58,40.0,4,12,23.03,0.576
58,40.0,4,13,24.61,0.615
58,40.0,4,14,22.75,0.569
58,40.0,4,15,17.34,0.434
58,40.0,4,16,13.59,0.34
58,40.0,4,17,13.28,0.332
58,40.0,4,18,14.47,0.362
58,40.0,4,19,14.41,0.36
58,40.0,4,20,14.19,0.355
58,40.0,4,21,13.67,0.342
58,40.0,4,22,13.88,0.347
58,40.0,4,23,12.7,0.318
58,40.0,5,0,12.78,0.32
58,40.0,5,1,12.8,0.32
58,40.0,5,2,12.58,0.314
58,40.0,5,3,12.88,0.322
58,40.0,5,4,12.63,0.316
58,40.0,5,5,13.09,0.327
58,40.0,5,6,13.03,0.326
58,40.0,5,7,12.04,0.301
58,40.0,5,8,12.15,0.304
58,40.0,5,9,12.45,0.311
58,40.0,5,10,12.87,0.322
58,40.0,5,11,14.03,0.351
58,40.0,5,12,15.32,0.383
58,40.0,5,13,18.05,0.451
58,40.0,5,14,17.6,0.44
58,40.0,5,15,18.79,0.47
58,40.0,5,16,19.5,0.488
58,40.0,5,17,18.31,0.458
58,40.0,5,18,18.21,0.455
58,40.0,5,19,18.1,0.452
58,40.0,5,20,17.65,0.441
58,40.0,5,21,17.35,0.434
58,40.0,5,22,15.98,0.4
58,40.0,5,23,15.71,0.393
58,40.0,6,0,15.24,0.381
58,40.0,6,1,15.71,0.393
58,40.0,6,2,15.79,0.395
58,40.0,6,3,15.83,0.396
58,40.0,6,4,15.66,0.392
58,40.0,6,5,15.94,0.398
58,40.0,6,6,15.58,0.39
58,40.0,6,7,15.8,0.395
58,40.0,6,8,15.48,0.387
58,40.0,6,9,16.33,0.408
58,40.0,6,10,16.69,0.417
58,40.0,6,11,17.7,0.442
58,40.0,6,12,19.59,0.49
58,40.0,6,13,20.27,0.507
58,40.0,6,14,21.44,0.536
58,40.0,6,15,19.95,0.499
58,40.0,6,16,19.85,0.496
58,40.0,6,17,20.09,0.502
58,40.0,6,18,20.47,0.512
58,40.0,6,19,19.99,0.5
58,40.0,6,20,19.45,0.486
58,40.0,6,21,20.24,0.506
58,40.0,6,22,19.72,0.493
58,40.0,6,23,20.67,0.517
59,20.0,0,0,3.33,0.166
59,20.0,0,1,3.4,0.17
59,20.0,0,2,3.26,0.163
59,20.0,0,3,3.2,0.16
59,20.0,0,4,3.2,0.16
59,20.0,0,5,2.95,0.148
59,20.0,0,6,2.59,0.13
59,20.0,0,7,2.15,0.108
59,20.0,0,8,5.09,0.254
59,20.0,0,9,3.54,0.177
59,20.0,0,10,2.16,0.108
59,20.0,0,11,1.19,0.06
59,20.0,0,12,1.38,0.069
59,20.0,0,13,0.79,0.04
59,20.0,0,14,1.03,0.052
59,20.0,0,15,1.35,0.068
59,20.0,0,16,0.68,0.034
59,20.0,0,17,0.81,0.04
59,20.0,0,18,0.94,0.047
59,20.0,0,19,1.24,0.062
59,20.0,0,20,1.21,0.06
59,20.0,0,21,2.23,0.112
59,20.0,0,22,2.67,0.134
59,20.0,0,23,2.84,0.142
59,20.0,1,0,2.87,0.144
59,20.0,1,1,2.83,0.142
59,20.0,1,2,2.87,0.144
59,20.0,1,3,2.93,0.147
59,20.0,1,4,2.89,0.145
59,20.0,1,5,2.08,0.104
59,20.0,1,6,2.73,0.136
59,20.0,1,7,3.14,0.157
59,20.0,1,8,6.05,0.302
59,20.0,1,9,5.29,0.264
59,20.0,1,10,4.13,0.206
59,20.0,1,11,2.99,0.15
59,20.0,1,12,4.54,0.227
59,20.0,1,13,3.57,0.178
59,20.0,1,14,2.93,0.147
59,20.0,1,15,2.07,0.104
59,20.0,1,16,0.41,0.02
59,20.0,1,17,0.85,0.042
59,20.0,1,18,2.8,0.14
59,20.0,1,19,2.94,0.147
59,20.0,1,20,2.77,0.138
59,20.0,1,21,3.36,0.168
59,20.0,1,22,4.09,0.204
59,20.0,1,23,4.12,0.206
59,20.0,2,0,3.65,0.182
59,20.0,2,1,3.67,0.184
59,20.0,2,2,3.67,0.184
59,20.0,2,3,3.63,0.182
59,20.0,2,4,3.74,0.187
59,20.0,2,5,3.34,0.167
59,20.0,2,6,3.01,0.15
59,20.0,2,7,2.98,0.149
59,20.0,2,8,7.8,0.39
59,20.0,2,9,7.1,0.355
59,20.0,2,10,5.21,0.26
59,20.0,2,11,2.77,0.138
59,20.0,2,12,4.43,0.221
59,20.0,2,13,3.77,0.188
59,20.0,2,14,3.6,0.18
59,20.0,2,15,2.32,0.116
59,20.0,2,16,2.25,0.112
59,20.0,2,17,2.69,0.134
59,20.0,2,18,3.37,0.168
59,20.0,2,19,3.01,0.15
59,20.0,2,20,2.46,0.123
59,20.0,2,21,2.72,0.136
59,20.0,2,22,2.97,0.149
59,20.0,2,23,2.65,0.132
59,20.0,3,0,2.71,0.136
59,20.0,3,1,2.67,0.134
59,20.0,3,2,2.59,0.13
59,20.0,3,3,2.67,0.134
59,20.0,3,4,2.68,0.134
59,20.0,3,5,2.27,0.114
59,20.0,3,6,2.52,0.126
59,20.0,3,7,2.74,0.137
59,20.0,3,8,7.12,0.356
59,20.0,3,9,7.01,0.35
59,20.0,3,10,5.53,0.276
59,20.0,3,11,3.05,0.152
59,20.0,3,12,2.99,0.15
59,20.0,3,13,2.56,0.128
59,20.0,3,14,2.89,0.145
59,20.0,3,15,2.43,0.122
59,20.0,3,16,1.3,0.065
59,20.0,3,17,1.54,0.077
59,20.0,3,18,2.24,0.112
59,20.0,3,19,3.23,0.162
59,20.0,3,20,2.86,0.143
59,20.0,3,21,2.65,0.132
59,20.0,3,22,2.63,0.132
59,20.0,3,23,2.36,0.118
59,20.0,4,0,2.39,0.12
59,20.0,4,1,2.49,0.125
59,20.0,4,2,2.38,0.119
59,20.0,4,3,2.37,0.119
59,20.0,4,4,2.46,0.123
59,20.0,4,5,2.39,0.12
59,20.0,4,6,1.99,0.1
59,20.0,4,7,2.19,0.11
59,20.0,4,8,6.06,0.303
59,20.0,4,9,5.33,0.266
59,20.0,4,10,3.71,0.186
59,20.0,4,11,2.01,0.1
59,20.0,4,12,2.09,0.104
59,20.0,4,13,3.13,0.156
59,20.0,4,14,3.57,0.178
59,20.0,4,15,3.72,0.186
59,20.0,4,16,3.1,0.155
59,20.0,4,17,2.55,0.128
59,20.0,4,18,3.22,0.161
59,20.0,4,19,3.59,0.18
59,20.0,4,20,3.47,0.174
59,20.0,4,21,3.77,0.188
59,20.0,4,22,4.45,0.222
59,20.0,4,23,4.61,0.23
59,20.0,5,0,4.7,0.235
59,20.0,5,1,4.61,0.23
59,20.0,5,2,4.5,0.225
59,20.0,5,3,4.6,0.23
59,20.0,5,4,4.8,0.24
59,20.0,5,5,5.45,0.272
59,20.0,5,6,5.12,0.256
59,20.0,5,7,4.66,0.233
59,20.0,5,8,3.76,0.188
59,20.0,5,9,2.71,0.136
59,20.0,5,10,1.58,0.079
59,20.0,5,11,0.77,0.038
59,20.0,5,12,0.75,0.038
59,20.0,5,13,1.07,0.054
59,20.0,5,14,1.3,0.065
59,20.0,5,15,1.45,0.072
59,20.0,5,16,1.53,0.076
59,20.0,5,17,1.85,0.092
59,20.0,5,18,1.71,0.085
59,20.0,5,19,1.58,0.079
59,20.0,5,20,1.92,0.096
59,20.0,5,21,2.1,0.105
59,20.0,5,22,2.39,0.12
59,20.0,5,23,2.49,0.125
59,20.0,6,0,2.59,0.13
59,20.0,6,1,2.62,0.131
59,20.0,6,2,2.71,0.136
59,20.0,6,3,2.57,0.128
59,20.0,6,4,2.37,0.119
59,20.0,6,5,2.46,0.123
59,20.0,6,6,1.97,0.098
59,20.0,6,7,1.36,0.068
59,20.0,6,8,0.94,0.047
59,20.0,6,9,0.75,0.038
59,20.0,6,10,0.66,0.033
59,20.0,6,11,1.43,0.072
59,20.0,6,12,1.34,0.067
59,20.0,6,13,1.72,0.086
59,20.0,6,14,1.67,0.083
59,20.0,6,15,1.28,0.064
59,20.0,6,16,1.23,0.062
59,20.0,6,17,1.47,0.074
59,20.0,6,18,1.81,0.09
59,20.0,6,19,2.07,0.104
59,20.0,6,20,1.83,0.092
59,20.0,6,21,2.08,0.104
59,20.0,6,22,2.65,0.132
59,20.0,6,23,3.0,0.15
6,20.0,0,0,13.1,0.655
6,20.0,0,1,13.41,0.67
6,20.0,0,2,13.08,0.654
6,20.0,0,3,13.45,0.672
6,20.0,0,4,13.22,0.661
6,20.0,0,5,13.1,0.655
6,20.0,0,6,12.01,0.6
6,20.0,0,7,11.63,0.582
6,20.0,0,8,10.33,0.516
6,20.0,0,9,11.37,0.568
6,20.0,0,10,11.42,0.571
6,20.0,0,11,10.17,0.508
6,20.0,0,12,8.01,0.4
6,20.0,0,13,7.18,0.359
6,20.0,0,14,6.31,0.316
6,20.0,0,15,7.76,0.388
6,20.0,0,16,8.41,0.42
6,20.0,0,17,8.25,0.412
6,20.0,0,18,8.17,0.408
6,20.0,0,19,7.13,0.356
6,20.0,0,20,6.39,0.32
6,20.0,0,21,6.26,0.313
6,20.0,0,22,6.23,0.312
6,20.0,0,23,6.21,0.31
6,20.0,1,0,6.29,0.314
6,20.0,1,1,6.12,0.306
6,20.0,1,2,5.87,0.294
6,20.0,1,3,6.2,0.31
6,20.0,1,4,5.96,0.298
6,20.0,1,5,6.08,0.304
6,20.0,1,6,4.77,0.238
6,20.0,1,7,2.9,0.145
6,20.0,1,8,3.0,0.15
6,20.0,1,9,3.25,0.162
6,20.0,1,10,3.69,0.184
6,20.0,1,11,3.71,0.186
6,20.0,1,12,2.78,0.139
6,20.0,1,13,4.35,0.217
6,20.0,1,14,3.5,0.175
6,20.0,1,15,2.75,0.138
6,20.0,1,16,2.27,0.114
6,20.0,1,17,2.81,0.14
6,20.0,1,18,2.88,0.144
6,20.0,1,19,4.02,0.201
6,20.0,1,20,4.08,0.204
6,20.0,1,21,2.46,0.123
6,20.0,1,22,1.66,0.083
6,20.0,1,23,1.27,0.064
6,20.0,2,0,2.65,0.132
6,20.0,2,1,2.58,0.129
6,20.0,2,2,2.54,0.127
6,20.0,2,3,2.67,0.134
6,20.0,2,4,2.58,0.129
6,20.0,2,5,2.0,0.1
6,20.0,2,6,1.72,0.086
6,20.0,2,7,1.96,0.098
6,20.0,2,8,2.0,0.1
6,20.0,2,9,2.43,0.122
6,20.0,2,10,1.89,0.094
6,20.0,2,11,2.1,0.105
6,20.0,2,12,2.42,0.121
6,20.0,2,13,2.91,0.146
6,20.0,2,14,3.23,0.162
6,20.0,2,15,3.62,0.181
6,20.0,2,16,1.57,0.078
6,20.0,2,17,1.61,0.08
6,20.0,2,18,2.36,0.118
6,20.0,2,19,3.33,0.166
6,20.0,2,20,3.32,0.166
6,20.0,2,21,2.0,0.1
6,20.0,2,22,1.36,0.068
6,20.0,2,23,1.41,0.07
6,20.0,3,0,1.36,0.068
6,20.0,3,1,1.37,0.068
6,20.0,3,2,1.37,0.068
6,20.0,3,3,1.38,0.069
6,20.0,3,4,1.32,0.066
6,20.0,3,5,1.48,0.074
6,20.0,3,6,1.19,0.06
6,20.0,3,7,1.29,0.064
6,20.0,3,8,2.28,0.114
6,20.0,3,9,4.14,0.207
6,20.0,3,10,4.61,0.23
6,20.0,3,11,4.58,0.229
6,20.0,3,12,4.13,0.206
6,20.0,3,13,4.51,0.225
6,20.0,3,14,4.3,0.215
6,20.0,3,15,4.73,0.237
6,20.0,3,16,3.7,0.185
6,20.0,3,17,4.04,0.202
6,20.0,3,18,4.35,0.217
6,20.0,3,19,5.45,0.272
6,20.0,3,20,5.08,0.254
6,20.0,3,21,4.78,0.239
6,20.0,3,22,4.27,0.213
6,20.0,3,23,3.91,0.196
6,20.0,4,0,3.71,0.186
6,20.0,4,1,3.73,0.186
6,20.0,4,2,3.91,0.196
6,20.0,4,3,3.87,0.194
6,20.0,4,4,3.75,0.188
6,20.0,4,5,4.09,0.204
6,20.0,4,6,3.35,0.168
6,20.0,4,7,2.33,0.116
6,20.0,4,8,2.03,0.102
6,20.0,4,9,2.29,0.114
6,20.0,4,10,2.76,0.138
6,20.0,4,11,4.43,0.221
6,20.0,4,12,4.43,0.221
6,20.0,4,13,5.04,0.252
6,20.0,4,14,4.89,0.244
6,20.0,4,15,5.28,0.264
6,20.0,4,16,5.09,0.254
6,20.0,4,17,4.61,0.23
6,20.0,4,18,6.5,0.325
6,20.0,4,19,9.02,0.451
6,20.0,4,20,9.25,0.462
6,20.0,4,21,10.17,0.508
6,20.0,4,22,8.8,0.44
6,20.0,4,23,8.14,0.407
6,20.0,5,0,8.1,0.405
6,20.0,5,1,7.95,0.398
6,20.0,5,2,8.02,0.401
6,20.0,5,3,7.89,0.394
6,20.0,5,4,8.11,0.406
6,20.0,5,5,8.47,0.424
6,20.0,5,6,8.79,0.439
6,20.0,5,7,8.49,0.424
6,20.0,5,8,7.97,0.398
6,20.0,5,9,8.71,0.436
6,20.0,5,10,9.1,0.455
6,20.0,5,11,9.67,0.484
6,20.0,5,12,10.53,0.526
6,20.0,5,13,11.46,0.573
6,20.0,5,14,11.69,0.584
6,20.0,5,15,13.11,0.656
6,20.0,5,16,12.63,0.632
6,20.0,5,17,12.15,0.608
6,20.0,5,18,12.61,0.63
6,20.0,5,19,14.33,0.716
6,20.0,5,20,14.84,0.742
6,20.0,5,21,13.75,0.688
6,20.0,5,22,12.88,0.644
6,20.0,5,23,12.52,0.626
6,20.0,6,0,13.04,0.652
6,20.0,6,1,12.83,0.642
6,20.0,6,2,12.78,0.639
6,20.0,6,3,12.75,0.638
6,20.0,6,4,12.67,0.634
6,20.0,6,5,12.76,0.638
6,20.0,6,6,13.39,0.67
6,20.0,6,7,13.07,0.654
6,20.0,6,8,13.41,0.67
6,20.0,6,9,13.54,0.677
6,20.0,6,10,13.16,0.658
6,20.0,6,11,12.97,0.649
6,20.0,6,12,13.59,0.68
6,20.0,6,13,14.3,0.715
6,20.0,6,14,14.28,0.714
6,20.0,6,15,14.63,0.732
6,20.0,6,16,13.68,0.684
6,20.0,6,17,13.35,0.668
6,20.0,6,18,13.43,0.672
6,20.0,6,19,13.38,0.669
6,20.0,6,20,13.41,0.67
6,20.0,6,21,12.74,0.637
6,20.0,6,22,12.21,0.61
6,20.0,6,23,12.07,0.604
60,30.0,0,0,11.35,0.378
60,30.0,0,1,11.18,0.373
60,30.0,0,2,11.17,0.372
60,30.0,0,3,11.57,0.386
60,30.0,0,4,10.78,0.359
60,30.0,0,5,10.18,0.339
60,30.0,0,6,9.92,0.331
60,30.0,0,7,6.05,0.202
60,30.0,0,8,3.38,0.113
60,30.0,0,9,4.04,0.135
60,30.0,0,10,2.44,0.081
60,30.0,0,11,3.09,0.103
60,30.0,0,12,4.48,0.149
60,30.0,0,13,5.38,0.179
60,30.0,0,14,5.72,0.191
60,30.0,0,15,5.53,0.184
60,30.0,0,16,8.41,0.28
60,30.0,0,17,13.76,0.459
60,30.0,0,18,15.81,0.527
60,30.0,0,19,17.29,0.576
60,30.0,0,20,18.05,0.602
60,30.0,0,21,18.92,0.631
60,30.0,0,22,18.12,0.604
60,30.0,0,23,19.81,0.66
60,30.0,1,0,20.77,0.692
60,30.0,1,1,20.72,0.691
60,30.0,1,2,20.94,0.698
60,30.0,1,3,21.14,0.705
60,30.0,1,4,20.41,0.68
60,30.0,1,5,19.64,0.655
60,30.0,1,6,15.99,0.533
60,30.0,1,7,8.35,0.278
60,30.0,1,8,6.65,0.222
60,30.0,1,9,6.43,0.214
60,30.0,1,10,4.76,0.159
60,30.0,1,11,5.25,0.175
60,30.0,1,12,4.8,0.16
60,30.0,1,13,3.95,0.132
60,30.0,1,14,5.99,0.2
60,30.0,1,15,9.34,0.311
60,30.0,1,16,13.38,0.446
60,30.0,1,17,18.06,0.602
60,30.0,1,18,19.51,0.65
60,30.0,1,19,20.28,0.676
60,30.0,1,20,19.49,0.65
60,30.0,1,21,19.81,0.66
60,30.0,1,22,21.14,0.705
60,30.0,1,23,21.01,0.7
60,30.0,2,0,22.25,0.742
60,30.0,2,1,22.41,0.747
60,30.0,2,2,22.72,0.757
60,30.0,2,3,22.72,0.757
60,30.0,2,4,21.88,0.729
60,30.0,2,5,22.29,0.743
60,30.0,2,6,19.24,0.641
60,30.0,2,7,9.91,0.33
60,30.0,2,8,4.62,0.154
60,30.0,2,9,7.98,0.266
60,30.0,2,10,8.08,0.269
60,30.0,2,11,7.16,0.239
60,30.0,2,12,5.22,0.174
60,30.0,2,13,4.85,0.162
60,30.0,2,14,5.36,0.179
60,30.0,2,15,8.84,0.295
60,30.0,2,16,12.86,0.429
60,30.0,2,17,18.5,0.617
60,30.0,2,18,18.61,0.62
60,30.0,2,19,20.69,0.69
60,30.0,2,20,21.66,0.722
60,30.0,2,21,22.75,0.758
60,30.0,2,22,23.89,0.796
60,30.0,2,23,25.7,0.857
60,30.0,3,0,26.05,0.868
60,30.0,3,1,26.14,0.871
60,30.0,3,2,26.23,0.874
60,30.0,3,3,26.14,0.871
60,30.0,3,4,25.73,0.858
60,30.0,3,5,25.21,0.84
60,30.0,3,6,22.19,0.74
60,30.0,3,7,12.24,0.408
60,30.0,3,8,5.91,0.197
60,30.0,3,9,7.23,0.241
60,30.0,3,10,6.13,0.204
60,30.0,3,11,5.45,0.182
60,30.0,3,12,4.96,0.165
60,30.0,3,13,6.81,0.227
60,30.0,3,14,9.58,0.319
60,30.0,3,15,9.57,0.319
60,30.0,3,16,12.36,0.412
60,30.0,3,17,14.92,0.497
60,30.0,3,18,16.19,0.54
60,30.0,3,19,16.89,0.563
60,30.0,3,20,15.77,0.526
60,30.0,3,21,15.86,0.529
60,30.0,3,22,17.28,0.576
60,30.0,3,23,19.23,0.641
60,30.0,4,0,19.62,0.654
60,30.0,4,1,19.36,0.645
60,30.0,4,2,19.87,0.662
60,30.0,4,3,19.68,0.656
60,30.0,4,4,19.04,0.635
60,30.0,4,5,19.33,0.644
60,30.0,4,6,17.11,0.57
60,30.0,4,7,11.59,0.386
60,30.0,4,8,5.5,0.183
60,30.0,4,9,5.65,0.188
60,30.0,4,10,5.47,0.182
60,30.0,4,11,8.14,0.271
60,30.0,4,12,11.77,0.392
60,30.0,4,13,9.76,0.325
60,30.0,4,14,9.73,0.324
60,30.0,4,15,10.0,0.333
60,30.0,4,16,10.85,0.362
60,30.0,4,17,12.65,0.422
60,30.0,4,18,12.35,0.412
60,30.0,4,19,12.69,0.423
60,30.0,4,20,12.5,0.417
60,30.0,4,21,12.25,0.408
60,30.0,4,22,13.69,0.456
60,30.0,4,23,15.75,0.525
60,30.0,5,0,16.25,0.542
60,30.0,5,1,16.13,0.538
60,30.0,5,2,16.29,0.543
60,30.0,5,3,16.54,0.551
60,30.0,5,4,16.38,0.546
60,30.0,5,5,15.88,0.529
60,30.0,5,6,16.01,0.534
60,30.0,5,7,16.32,0.544
60,30.0,5,8,13.77,0.459
60,30.0,5,9,12.87,0.429
60,30.0,5,10,10.58,0.353
60,30.0,5,11,7.7,0.257
60,30.0,5,12,6.78,0.226
60,30.0,5,13,9.21,0.307
60,30.0,5,14,8.91,0.297
60,30.0,5,15,7.35,0.245
60,30.0,5,16,7.87,0.262
60,30.0,5,17,9.26,0.309
60,30.0,5,18,9.04,0.301
60,30.0,5,19,9.85,0.328
60,30.0,5,20,9.39,0.313
60,30.0,5,21,9.68,0.323
60,30.0,5,22,11.22,0.374
60,30.0,5,23,12.26,0.409
60,30.0,6,0,12.73,0.424
60,30.0,6,1,12.64,0.421
60,30.0,6,2,12.68,0.423
60,30.0,6,3,12.61,0.42
60,30.0,6,4,13.12,0.437
60,30.0,6,5,12.75,0.425
60,30.0,6,6,11.94,0.398
60,30.0,6,7,10.55,0.352
60,30.0,6,8,9.05,0.302
60,30.0,6,9,8.85,0.295
60,30.0,6,10,5.24,0.175
60,30.0,6,11,3.69,0.123
60,30.0,6,12,5.37,0.179
60,30.0,6,13,4.82,0.161
60,30.0,6,14,4.92,0.164
60,30.0,6,15,4.39,0.146
60,30.0,6,16,3.92,0.131
60,30.0,6,17,4.76,0.159
60,30.0,6,18,4.73,0.158
60,30.0,6,19,4.65,0.155
60,30.0,6,20,5.67,0.189
60,30.0,6,21,6.89,0.23
60,30.0,6,22,8.57,0.286
60,30.0,6,23,10.44,0.348
61,25.0,0,0,2.09,0.084
61,25.0,0,1,2.13,0.085
61,25.0,0,2,2.13,0.085
61,25.0,0,3,2.1,0.084
61,25.0,0,4,2.12,0.085
61,25.0,0,5,1.94,0.078
61,25.0,0,6,0.98,0.039
61,25.0,0,7,1.09,0.044
61,25.0,0,8,0.61,0.024
61,25.0,0,9,0.23,0.009
61,25.0,0,10,0.16,0.006
61,25.0,0,11,0.98,0.039
61,25.0,0,12,1.16,0.046
61,25.0,0,13,0.94,0.038
61,25.0,0,14,0.99,0.04
61,25.0,0,15,0.32,0.013
61,25.0,0,16,0.3,0.012
61,25.0,0,17,0.27,0.011
61,25.0,0,18,0.41,0.016
61,25.0,0,19,0.39,0.016
61,25.0,0,20,0.47,0.019
61,25.0,0,21,1.26,0.05
61,25.0,0,22,1.51,0.06
61,25.0,0,23,1.71,0.068
61,25.0,1,0,1.86,0.074
61,25.0,1,1,1.88,0.075
61,25.0,1,2,1.89,0.076
61,25.0,1,3,1.92,0.077
61,25.0,1,4,1.93,0.077
61,25.0,1,5,1.69,0.068
61,25.0,1,6,0.53,0.021
61,25.0,1,7,1.21,0.048
61,25.0,1,8,0.28,0.011
61,25.0,1,9,0.4,0.016
61,25.0,1,10,0.44,0.018
61,25.0,1,11,0.49,0.02
61,25.0,1,12,0.36,0.014
61,25.0,1,13,0.46,0.018
61,25.0,1,14,0.51,0.02
61,25.0,1,15,0.23,0.009
61,25.0,1,16,0.35,0.014
61,25.0,1,17,0.68,0.027
61,25.0,1,18,0.83,0.033
61,25.0,1,19,0.89,0.036
61,25.0,1,20,1.23,0.049
61,25.0,1,21,2.01,0.08
61,25.0,1,22,1.89,0.076
61,25.0,1,23,1.84,0.074
61,25.0,2,0,1.74,0.07
61,25.0,2,1,1.85,0.074
61,25.0,2,2,1.75,0.07
61,25.0,2,3,1.8,0.072
61,25.0,2,4,1.79,0.072
61,25.0,2,5,1.36,0.054
61,25.0,2,6,0.63,0.025
61,25.0,2,7,2.17,0.087
61,25.0,2,8,2.11,0.084
61,25.0,2,9,1.79,0.072
61,25.0,2,10,1.69,0.068
61,25.0,2,11,1.47,0.059
61,25.0,2,12,1.59,0.064
61,25.0,2,13,1.47,0.059
61,25.0,2,14,1.8,0.072
61,25.0,2,15,1.46,0.058
61,25.0,2,16,1.23,0.049
61,25.0,2,17,1.17,0.047
61,25.0,2,18,1.24,0.05
61,25.0,2,19,1.29,0.052
61,25.0,2,20,1.69,0.068
61,25.0,2,21,2.0,0.08
61,25.0,2,22,2.45,0.098
61,25.0,2,23,2.61,0.104
61,25.0,3,0,2.64,0.106
61,25.0,3,1,2.72,0.109
61,25.0,3,2,2.74,0.11
61,25.0,3,3,2.78,0.111
61,25.0,3,4,2.65,0.106
61,25.0,3,5,3.04,0.122
61,25.0,3,6,4.47,0.179
61,25.0,3,7,6.4,0.256
61,25.0,3,8,6.8,0.272
61,25.0,3,9,6.45,0.258
61,25.0,3,10,6.02,0.241
61,25.0,3,11,5.53,0.221
61,25.0,3,12,5.45,0.218
61,25.0,3,13,5.19,0.208
61,25.0,3,14,4.7,0.188
61,25.0,3,15,3.29,0.132
61,25.0,3,16,2.54,0.102
61,25.0,3,17,2.68,0.107
61,25.0,3,18,2.2,0.088
61,25.0,3,19,2.16,0.086
61,25.0,3,20,2.44,0.098
61,25.0,3,21,2.56,0.102
61,25.0,3,22,3.13,0.125
61,25.0,3,23,3.31,0.132
61,25.0,4,0,3.37,0.135
61,25.0,4,1,3.29,0.132
61,25.0,4,2,3.34,0.134
61,25.0,4,3,3.17,0.127
61,25.0,4,4,3.36,0.134
61,25.0,4,5,3.66,0.146
61,25.0,4,6,5.94,0.238
61,25.0,4,7,6.41,0.256
61,25.0,4,8,5.63,0.225
61,25.0,4,9,5.06,0.202
61,25.0,4,10,5.29,0.212
61,25.0,4,11,4.12,0.165
61,25.0,4,12,4.16,0.166
61,25.0,4,13,5.13,0.205
61,25.0,4,14,5.31,0.212
61,25.0,4,15,4.31,0.172
61,25.0,4,16,4.13,0.165
61,25.0,4,17,3.7,0.148
61,25.0,4,18,3.77,0.151
61,25.0,4,19,3.5,0.14
61,25.0,4,20,3.09,0.124
61,25.0,4,21,3.08,0.123
61,25.0,4,22,4.26,0.17
61,25.0,4,23,4.38,0.175
61,25.0,5,0,4.35,0.174
61,25.0,5,1,4.41,0.176
61,25.0,5,2,4.53,0.181
61,25.0,5,3,4.51,0.18
61,25.0,5,4,4.55,0.182
61,25.0,5,5,4.42,0.177
61,25.0,5,6,3.63,0.145
61,25.0,5,7,3.57,0.143
61,25.0,5,8,2.82,0.113
61,25.0,5,9,4.21,0.168
61,25.0,5,10,4.88,0.195
61,25.0,5,11,6.7,0.268
61,25.0,5,12,5.73,0.229
61,25.0,5,13,5.15,0.206
61,25.0,5,14,4.14,0.166
61,25.0,5,15,3.12,0.125
61,25.0,5,16,2.78,0.111
61,25.0,5,17,2.78,0.111
61,25.0,5,18,2.4,0.096
61,25.0,5,19,2.39,0.096
61,25.0,5,20,2.1,0.084
61,25.0,5,21,2.75,0.11
61,25.0,5,22,3.57,0.143
61,25.0,5,23,3.68,0.147
61,25.0,6,0,3.64,0.146
61,25.0,6,1,3.61,0.144
61,25.0,6,2,3.61,0.144
61,25.0,6,3,3.65,0.146
61,25.0,6,4,3.57,0.143
61,25.0,6,5,3.29,0.132
61,25.0,6,6,2.82,0.113
61,25.0,6,7,2.43,0.097
61,25.0,6,8,1.93,0.077
61,25.0,6,9,1.59,0.064
61,25.0,6,10,1.51,0.06
61,25.0,6,11,0.9,0.036
61,25.0,6,12,0.64,0.026
61,25.0,6,13,0.3,0.012
61,25.0,6,14,0.46,0.018
61,25.0,6,15,0.6,0.024
61,25.0,6,16,0.52,0.021
61,25.0,6,17,0.53,0.021
61,25.0,6,18,0.48,0.019
61,25.0,6,19,0.69,0.028
61,25.0,6,20,0.71,0.028
61,25.0,6,21,1.27,0.051
61,25.0,6,22,1.85,0.074
61,25.0,6,23,1.97,0.079
62,40.0,0,0,3.71,0.093
62,40.0,0,1,3.72,0.093
62,40.0,0,2,3.77,0.094
62,40.0,0,3,3.76,0.094
62,40.0,0,4,4.34,0.108
62,40.0,0,5,5.56,0.139
62,40.0,0,6,7.0,0.175
62,40.0,0,7,12.47,0.312
62,40.0,0,8,17.81,0.445
62,40.0,0,9,19.73,0.493
62,40.0,0,10,19.81,0.495
62,40.0,0,11,18.23,0.456
62,40.0,0,12,19.38,0.484
62,40.0,0,13,18.68,0.467
62,40.0,0,14,17.8,0.445
62,40.0,0,15,14.25,0.356
62,40.0,0,16,7.67,0.192
62,40.0,0,17,4.99,0.125
62,40.0,0,18,3.99,0.1
62,40.0,0,19,4.53,0.113
62,40.0,0,20,3.22,0.08
62,40.0,0,21,3.25,0.081
62,40.0,0,22,4.15,0.104
62,40.0,0,23,4.2,0.105
62,40.0,1,0,4.34,0.108
62,40.0,1,1,4.24,0.106
62,40.0,1,2,4.29,0.107
62,40.0,1,3,4.23,0.106
62,40.0,1,4,5.23,0.131
62,40.0,1,5,7.42,0.186
62,40.0,1,6,11.46,0.287
62,40.0,1,7,16.5,0.412
62,40.0,1,8,24.48,0.612
62,40.0,1,9,29.35,0.734
62,40.0,1,10,30.94,0.774
62,40.0,1,11,29.82,0.746
62,40.0,1,12,28.94,0.724
62,40.0,1,13,29.7,0.742
62,40.0,1,14,28.9,0.722
62,40.0,1,15,23.99,0.6
62,40.0,1,16,11.87,0.297
62,40.0,1,17,7.03,0.176
62,40.0,1,18,4.36,0.109
62,40.0,1,19,3.93,0.098
62,40.0,1,20,3.39,0.085
62,40.0,1,21,2.66,0.066
62,40.0,1,22,2.86,0.072
62,40.0,1,23,2.98,0.074
62,40.0,2,0,3.06,0.076
62,40.0,2,1,2.97,0.074
62,40.0,2,2,2.95,0.074
62,40.0,2,3,3.04,0.076
62,40.0,2,4,3.81,0.095
62,40.0,2,5,5.99,0.15
62,40.0,2,6,9.41,0.235
62,40.0,2,7,15.66,0.392
62,40.0,2,8,25.94,0.649
62,40.0,2,9,30.76,0.769
62,40.0,2,10,31.54,0.788
62,40.0,2,11,29.97,0.749
62,40.0,2,12,26.89,0.672
62,40.0,2,13,26.63,0.666
62,40.0,2,14,23.87,0.597
62,40.0,2,15,17.68,0.442
62,40.0,2,16,8.49,0.212
62,40.0,2,17,4.14,0.104
62,40.0,2,18,4.08,0.102
62,40.0,2,19,2.35,0.059
62,40.0,2,20,2.05,0.051
62,40.0,2,21,1.96,0.049
62,40.0,2,22,2.46,0.062
62,40.0,2,23,2.75,0.069
62,40.0,3,0,2.73,0.068
62,40.0,3,1,2.63,0.066
62,40.0,3,2,2.69,0.067
62,40.0,3,3,2.58,0.064
62,40.0,3,4,3.39,0.085
62,40.0,3,5,4.74,0.119
62,40.0,3,6,7.19,0.18
62,40.0,3,7,10.95,0.274
62,40.0,3,8,16.18,0.404
62,40.0,3,9,18.6,0.465
62,40.0,3,10,20.14,0.504
62,40.0,3,11,19.48,0.487
62,40.0,3,12,20.18,0.504
62,40.0,3,13,19.83,0.496
62,40.0,3,14,18.61,0.465
62,40.0,3,15,14.36,0.359
62,40.0,3,16,7.28,0.182
62,40.0,3,17,3.73,0.093
62,40.0,3,18,3.85,0.096
62,40.0,3,19,3.72,0.093
62,40.0,3,20,2.87,0.072
62,40.0,3,21,1.76,0.044
62,40.0,3,22,2.2,0.055
62,40.0,3,23,2.75,0.069
62,40.0,4,0,2.75,0.069
62,40.0,4,1,2.8,0.07
62,40.0,4,2,2.76,0.069
62,40.0,4,3,2.76,0.069
62,40.0,4,4,3.78,0.094
62,40.0,4,5,5.33,0.133
62,40.0,4,6,6.88,0.172
62,40.0,4,7,10.05,0.251
62,40.0,4,8,11.87,0.297
62,40.0,4,9,13.09,0.327
62,40.0,4,10,13.43,0.336
62,40.0,4,11,12.01,0.3
62,40.0,4,12,12.73,0.318
62,40.0,4,13,11.92,0.298
62,40.0,4,14,10.1,0.252
62,40.0,4,15,7.82,0.196
62,40.0,4,16,3.46,0.086
62,40.0,4,17,2.03,0.051
62,40.0,4,18,3.21,0.08
62,40.0,4,19,4.36,0.109
62,40.0,4,20,3.33,0.083
62,40.0,4,21,3.2,0.08
62,40.0,4,22,4.23,0.106
62,40.0,4,23,5.11,0.128
62,40.0,5,0,5.14,0.128
62,40.0,5,1,5.23,0.131
62,40.0,5,2,5.19,0.13
62,40.0,5,3,5.14,0.128
62,40.0,5,4,5.11,0.128
62,40.0,5,5,5.17,0.129
62,40.0,5,6,4.96,0.124
62,40.0,5,7,5.55,0.139
62,40.0,5,8,4.9,0.123
62,40.0,5,9,3.22,0.08
62,40.0,5,10,3.79,0.095
62,40.0,5,11,4.35,0.109
62,40.0,5,12,3.95,0.099
62,40.0,5,13,2.87,0.072
62,40.0,5,14,3.55,0.089
62,40.0,5,15,3.46,0.086
62,40.0,5,16,4.88,0.122
62,40.0,5,17,4.42,0.11
62,40.0,5,18,5.33,0.133
62,40.0,5,19,5.48,0.137
62,40.0,5,20,5.66,0.142
62,40.0,5,21,5.13,0.128
62,40.0,5,22,4.7,0.118
62,40.0,5,23,4.75,0.119
62,40.0,6,0,4.94,0.124
62,40.0,6,1,4.85,0.121
62,40.0,6,2,5.01,0.125
62,40.0,6,3,4.82,0.121
62,40.0,6,4,5.05,0.126
62,40.0,6,5,5.09,0.127
62,40.0,6,6,5.32,0.133
62,40.0,6,7,5.07,0.127
62,40.0,6,8,4.08,0.102
62,40.0,6,9,3.34,0.083
62,40.0,6,10,2.98,0.074
62,40.0,6,11,4.11,0.103
62,40.0,6,12,4.3,0.108
62,40.0,6,13,3.44,0.086
62,40.0,6,14,3.93,0.098
62,40.0,6,15,4.9,0.123
62,40.0,6,16,4.93,0.123
62,40.0,6,17,4.2,0.105
62,40.0,6,18,3.58,0.09
62,40.0,6,19,4.27,0.107
62,40.0,6,20,4.45,0.111
62,40.0,6,21,4.64,0.116
62,40.0,6,22,4.22,0.106
62,40.0,6,23,4.25,0.106
63,35.0,0,0,16.28,0.465
63,35.0,0,1,16.55,0.473
63,35.0,0,2,16.44,0.47
63,35.0,0,3,16.35,0.467
63,35.0,0,4,16.54,0.473
63,35.0,0,5,17.05,0.487
63,35.0,0,6,19.12,0.546
63,35.0,0,7,19.49,0.557
63,35.0,0,8,20.19,0.577
63,35.0,0,9,18.97,0.542
63,35.0,0,10,18.45,0.527
63,35.0,0,11,17.79,0.508
63,35.0,0,12,17.79,0.508
63,35.0,0,13,18.45,0.527
63,35.0,0,14,17.49,0.5
63,35.0,0,15,17.29,0.494
63,35.0,0,16,18.26,0.522
63,35.0,0,17,19.77,0.565
63,35.0,0,18,20.2,0.577
63,35.0,0,19,20.42,0.583
63,35.0,0,20,19.42,0.555
63,35.0,0,21,18.1,0.517
63,35.0,0,22,17.79,0.508
63,35.0,0,23,18.03,0.515
63,35.0,1,0,17.93,0.512
63,35.0,1,1,18.15,0.519
63,35.0,1,2,18.0,0.514
63,35.0,1,3,18.18,0.519
63,35.0,1,4,18.26,0.522
63,35.0,1,5,18.82,0.538
63,35.0,1,6,20.51,0.586
63,35.0,1,7,21.54,0.615
63,35.0,1,8,22.49,0.643
63,35.0,1,9,22.51,0.643
63,35.0,1,10,22.66,0.647
63,35.0,1,11,24.41,0.697
63,35.0,1,12,24.53,0.701
63,35.0,1,13,23.94,0.684
63,35.0,1,14,24.0,0.686
63,35.0,1,15,21.15,0.604
63,35.0,1,16,19.59,0.56
63,35.0,1,17,20.68,0.591
63,35.0,1,18,23.14,0.661
63,35.0,1,19,22.98,0.657
63,35.0,1,20,23.26,0.665
63,35.0,1,21,21.16,0.605
63,35.0,1,22,20.75,0.593
63,35.0,1,23,20.31,0.58
63,35.0,2,0,19.46,0.556
63,35.0,2,1,19.23,0.549
63,35.0,2,2,19.48,0.557
63,35.0,2,3,19.32,0.552
63,35.0,2,4,19.32,0.552
63,35.0,2,5,15.18,0.434
63,35.0,2,6,9.04,0.258
63,35.0,2,7,13.21,0.377
63,35.0,2,8,16.99,0.485
63,35.0,2,9,19.07,0.545
63,35.0,2,10,19.07,0.545
63,35.0,2,11,17.21,0.492
63,35.0,2,12,18.74,0.535
63,35.0,2,13,18.78,0.537
63,35.0,2,14,18.05,0.516
63,35.0,2,15,15.8,0.451
63,35.0,2,16,15.06,0.43
63,35.0,2,17,14.34,0.41
63,35.0,2,18,14.24,0.407
63,35.0,2,19,14.38,0.411
63,35.0,2,20,13.1,0.374
63,35.0,2,21,10.6,0.303
63,35.0,2,22,9.86,0.282
63,35.0,2,23,9.8,0.28
63,35.0,3,0,9.73,0.278
63,35.0,3,1,9.91,0.283
63,35.0,3,2,9.78,0.279
63,35.0,3,3,9.74,0.278
63,35.0,3,4,9.92,0.283
63,35.0,3,5,9.87,0.282
63,35.0,3,6,10.22,0.292
63,35.0,3,7,13.02,0.372
63,35.0,3,8,18.57,0.531
63,35.0,3,9,19.65,0.561
63,35.0,3,10,20.33,0.581
63,35.0,3,11,19.24,0.55
63,35.0,3,12,20.49,0.585
63,35.0,3,13,21.28,0.608
63,35.0,3,14,21.75,0.621
63,35.0,3,15,18.9,0.54
63,35.0,3,16,15.66,0.447
63,35.0,3,17,13.56,0.387
63,35.0,3,18,13.73,0.392
63,35.0,3,19,13.6,0.389
63,35.0,3,20,12.49,0.357
63,35.0,3,21,10.84,0.31
63,35.0,3,22,10.64,0.304
63,35.0,3,23,9.98,0.285
63,35.0,4,0,9.87,0.282
63,35.0,4,1,9.91,0.283
63,35.0,4,2,9.9,0.283
63,35.0,4,3,9.54,0.273
63,35.0,4,4,9.83,0.281
63,35.0,4,5,9.82,0.281
63,35.0,4,6,10.36,0.296
63,35.0,4,7,13.69,0.391
63,35.0,4,8,15.67,0.448
63,35.0,4,9,16.29,0.465
63,35.0,4,10,16.64,0.475
63,35.0,4,11,16.07,0.459
63,35.0,4,12,15.63,0.447
63,35.0,4,13,14.14,0.404
63,35.0,4,14,12.92,0.369
63,35.0,4,15,12.36,0.353
63,35.0,4,16,12.16,0.347
63,35.0,4,17,11.63,0.332
63,35.0,4,18,11.96,0.342
63,35.0,4,19,12.74,0.364
63,35.0,4,20,12.35,0.353
63,35.0,4,21,12.14,0.347
63,35.0,4,22,11.26,0.322
63,35.0,4,23,11.56,0.33
63,35.0,5,0,11.72,0.335
63,35.0,5,1,11.28,0.322
63,35.0,5,2,11.68,0.334
63,35.0,5,3,11.38,0.325
63,35.0,5,4,11.12,0.318
63,35.0,5,5,11.63,0.332
63,35.0,5,6,12.03,0.344
63,35.0,5,7,12.72,0.363
63,35.0,5,8,13.03,0.372
63,35.0,5,9,13.3,0.38
63,35.0,5,10,13.18,0.377
63,35.0,5,11,14.4,0.411
63,35.0,5,12,14.9,0.426
63,35.0,5,13,16.36,0.467
63,35.0,5,14,17.78,0.508
63,35.0,5,15,17.92,0.512
63,35.0,5,16,17.04,0.487
63,35.0,5,17,16.56,0.473
63,35.0,5,18,16.54,0.473
63,35.0,5,19,15.42,0.441
63,35.0,5,20,15.36,0.439
63,35.0,5,21,15.49,0.443
63,35.0,5,22,14.5,0.414
63,35.0,5,23,14.46,0.413
63,35.0,6,0,14.69,0.42
63,35.0,6,1,14.8,0.423
63,35.0,6,2,14.64,0.418
63,35.0,6,3,14.61,0.417
63,35.0,6,4,14.76,0.422
63,35.0,6,5,15.65,0.447
63,35.0,6,6,16.14,0.461
63,35.0,6,7,16.0,0.457
63,35.0,6,8,16.45,0.47
63,35.0,6,9,17.13,0.489
63,35.0,6,10,17.95,0.513
63,35.0,6,11,17.32,0.495
63,35.0,6,12,17.77,0.508
63,35.0,6,13,18.42,0.526
63,35.0,6,14,18.26,0.522
63,35.0,6,15,18.57,0.531
63,35.0,6,16,18.88,0.539
63,35.0,6,17,18.33,0.524
63,35.0,6,18,19.21,0.549
63,35.0,6,19,18.75,0.536
63,35.0,6,20,18.31,0.523
63,35.0,6,21,18.14,0.518
63,35.0,6,22,17.83,0.509
63,35.0,6,23,17.85,0.51
64,40.0,0,0,19.21,0.48
64,40.0,0,1,19.11,0.478
64,40.0,0,2,19.32,0.483
64,40.0,0,3,19.16,0.479
64,40.0,0,4,17.76,0.444
64,40.0,0,5,14.72,0.368
64,40.0,0,6,14.46,0.362
64,40.0,0,7,14.21,0.355
64,40.0,0,8,13.9,0.348
64,40.0,0,9,15.06,0.376
64,40.0,0,10,14.52,0.363
64,40.0,0,11,13.46,0.336
64,40.0,0,12,13.36,0.334
64,40.0,0,13,14.44,0.361
64,40.0,0,14,13.38,0.334
64,40.0,0,15,13.51,0.338
64,40.0,0,16,14.58,0.364
64,40.0,0,17,16.25,0.406
64,40.0,0,18,16.09,0.402
64,40.0,0,19,16.21,0.405
64,40.0,0,20,17.17,0.429
64,40.0,0,21,17.41,0.435
64,40.0,0,22,17.59,0.44
64,40.0,0,23,17.25,0.431
64,40.0,1,0,17.38,0.434
64,40.0,1,1,17.09,0.427
64,40.0,1,2,17.4,0.435
64,40.0,1,3,17.61,0.44
64,40.0,1,4,16.96,0.424
64,40.0,1,5,12.26,0.306
64,40.0,1,6,9.9,0.248
64,40.0,1,7,8.75,0.219
64,40.0,1,8,8.39,0.21
64,40.0,1,9,9.44,0.236
64,40.0,1,10,10.26,0.256
64,40.0,1,11,10.63,0.266
64,40.0,1,12,10.44,0.261
64,40.0,1,13,10.95,0.274
64,40.0,1,14,10.94,0.273
64,40.0,1,15,13.03,0.326
64,40.0,1,16,15.65,0.391
64,40.0,1,17,19.38,0.484
64,40.0,1,18,19.39,0.485
64,40.0,1,19,17.81,0.445
64,40.0,1,20,18.5,0.462
64,40.0,1,21,18.53,0.463
64,40.0,1,22,19.38,0.484
64,40.0,1,23,20.04,0.501
64,40.0,2,0,21.29,0.532
64,40.0,2,1,21.03,0.526
64,40.0,2,2,21.31,0.533
64,40.0,2,3,21.92,0.548
64,40.0,2,4,19.04,0.476
64,40.0,2,5,10.5,0.262
64,40.0,2,6,7.89,0.197
64,40.0,2,7,7.95,0.199
64,40.0,2,8,10.8,0.27
64,40.0,2,9,11.19,0.28
64,40.0,2,10,10.58,0.264
64,40.0,2,11,11.14,0.278
64,40.0,2,12,12.54,0.314
64,40.0,2,13,12.97,0.324
64,40.0,2,14,11.79,0.295
64,40.0,2,15,12.58,0.314
64,40.0,2,16,14.9,0.372
64,40.0,2,17,15.44,0.386
64,40.0,2,18,15.31,0.383
64,40.0,2,19,13.78,0.344
64,40.0,2,20,13.7,0.342
64,40.0,2,21,13.68,0.342
64,40.0,2,22,14.1,0.352
64,40.0,2,23,13.5,0.338
64,40.0,3,0,13.58,0.34
64,40.0,3,1,13.65,0.341
64,40.0,3,2,13.88,0.347
64,40.0,3,3,13.73,0.343
64,40.0,3,4,13.31,0.333
64,40.0,3,5,8.66,0.216
64,40.0,3,6,7.9,0.198
64,40.0,3,7,6.22,0.156
64,40.0,3,8,7.49,0.187
64,40.0,3,9,7.42,0.186
64,40.0,3,10,9.18,0.229
64,40.0,3,11,10.35,0.259
64,40.0,3,12,10.26,0.256
64,40.0,3,13,10.1,0.252
64,40.0,3,14,10.46,0.262
64,40.0,3,15,12.35,0.309
64,40.0,3,16,14.8,0.37
64,40.0,3,17,14.39,0.36
64,40.0,3,18,13.94,0.348
64,40.0,3,19,13.1,0.328
64,40.0,3,20,12.48,0.312
64,40.0,3,21,12.54,0.314
64,40.0,3,22,12.51,0.313
64,40.0,3,23,13.27,0.332
64,40.0,4,0,13.66,0.342
64,40.0,4,1,13.4,0.335
64,40.0,4,2,13.71,0.343
64,40.0,4,3,13.99,0.35
64,40.0,4,4,13.75,0.344
64,40.0,4,5,13.15,0.329
64,40.0,4,6,13.62,0.34
64,40.0,4,7,14.2,0.355
64,40.0,4,8,13.62,0.34
64,40.0,4,9,14.02,0.35
64,40.0,4,10,13.53,0.338
64,40.0,4,11,10.58,0.264
64,40.0,4,12,10.51,0.263
64,40.0,4,13,10.09,0.252
64,40.0,4,14,10.2,0.255
64,40.0,4,15,12.16,0.304
64,40.0,4,16,13.93,0.348
64,40.0,4,17,13.05,0.326
64,40.0,4,18,12.59,0.315
64,40.0,4,19,12.42,0.31
64,40.0,4,20,12.37,0.309
64,40.0,4,21,12.9,0.322
64,40.0,4,22,12.63,0.316
64,40.0,4,23,13.04,0.326
64,40.0,5,0,12.82,0.32
64,40.0,5,1,13.03,0.326
64,40.0,5,2,13.12,0.328
64,40.0,5,3,12.88,0.322
64,40.0,5,4,12.97,0.324
64,40.0,5,5,12.92,0.323
64,40.0,5,6,13.03,0.326
64,40.0,5,7,12.59,0.315
64,40.0,5,8,12.68,0.317
64,40.0,5,9,12.31,0.308
64,40.0,5,10,12.51,0.313
64,40.0,5,11,13.16,0.329
64,40.0,5,12,13.54,0.338
64,40.0,5,13,13.85,0.346
64,40.0,5,14,14.78,0.37
64,40.0,5,15,14.14,0.354
64,40.0,5,16,13.56,0.339
64,40.0,5,17,12.97,0.324
64,40.0,5,18,14.16,0.354
64,40.0,5,19,14.25,0.356
64,40.0,5,20,14.66,0.366
64,40.0,5,21,13.96,0.349
64,40.0,5,22,13.95,0.349
64,40.0,5,23,14.25,0.356
64,40.0,6,0,14.53,0.363
64,40.0,6,1,14.56,0.364
64,40.0,6,2,14.19,0.355
64,40.0,6,3,14.08,0.352
64,40.0,6,4,14.7,0.368
64,40.0,6,5,14.18,0.354
64,40.0,6,6,13.62,0.34
64,40.0,6,7,13.89,0.347
64,40.0,6,8,14.68,0.367
64,40.0,6,9,14.63,0.366
64,40.0,6,10,14.53,0.363
64,40.0,6,11,16.1,0.402
64,40.0,6,12,17.68,0.442
64,40.0,6,13,18.1,0.452
64,40.0,6,14,17.82,0.446
64,40.0,6,15,18.02,0.45
64,40.0,6,16,19.06,0.476
64,40.0,6,17,18.82,0.471
64,40.0,6,18,19.02,0.476
64,40.0,6,19,18.82,0.471
64,40.0,6,20,18.91,0.473
64,40.0,6,21,19.01,0.475
64,40.0,6,22,19.27,0.482
64,40.0,6,23,18.71,0.468
65,40.0,0,0,8.88,0.222
65,40.0,0,1,9.1,0.227
65,40.0,0,2,9.07,0.227
65,40.0,0,3,8.76,0.219
65,40.0,0,4,8.8,0.22
65,40.0,0,5,8.1,0.202
65,40.0,0,6,9.12,0.228
65,40.0,0,7,19.12,0.478
65,40.0,0,8,29.4,0.735
65,40.0,0,9,28.07,0.702
65,40.0,0,10,25.34,0.634
65,40.0,0,11,21.39,0.535
65,40.0,0,12,20.7,0.518
65,40.0,0,13,20.15,0.504
65,40.0,0,14,16.98,0.424
65,40.0,0,15,9.11,0.228
65,40.0,0,16,3.61,0.09
65,40.0,0,17,2.97,0.074
65,40.0,0,18,3.49,0.087
65,40.0,0,19,4.39,0.11
65,40.0,0,20,4.67,0.117
65,40.0,0,21,5.86,0.147
65,40.0,0,22,6.18,0.154
65,40.0,0,23,6.67,0.167
65,40.0,1,0,6.29,0.157
65,40.0,1,1,6.64,0.166
65,40.0,1,2,6.74,0.168
65,40.0,1,3,6.55,0.164
65,40.0,1,4,6.57,0.164
65,40.0,1,5,6.12,0.153
65,40.0,1,6,6.48,0.162
65,40.0,1,7,19.97,0.499
65,40.0,1,8,28.78,0.72
65,40.0,1,9,27.85,0.696
65,40.0,1,10,25.8,0.645
65,40.0,1,11,21.93,0.548
65,40.0,1,12,19.78,0.495
65,40.0,1,13,18.52,0.463
65,40.0,1,14,17.42,0.436
65,40.0,1,15,9.09,0.227
65,40.0,1,16,0.95,0.024
65,40.0,1,17,0.83,0.021
65,40.0,1,18,1.44,0.036
65,40.0,1,19,2.71,0.068
65,40.0,1,20,5.03,0.126
65,40.0,1,21,6.21,0.155
65,40.0,1,22,7.26,0.182
65,40.0,1,23,7.06,0.176
65,40.0,2,0,7.4,0.185
65,40.0,2,1,7.43,0.186
65,40.0,2,2,7.3,0.182
65,40.0,2,3,7.17,0.179
65,40.0,2,4,7.35,0.184
65,40.0,2,5,7.43,0.186
65,40.0,2,6,7.37,0.184
65,40.0,2,7,16.39,0.41
65,40.0,2,8,26.07,0.652
65,40.0,2,9,25.57,0.639
65,40.0,2,10,23.23,0.581
65,40.0,2,11,18.85,0.471
65,40.0,2,12,18.31,0.458
65,40.0,2,13,19.08,0.477
65,40.0,2,14,18.6,0.465
65,40.0,2,15,12.72,0.318
65,40.0,2,16,4.02,0.1
65,40.0,2,17,2.23,0.056
65,40.0,2,18,3.14,0.078
65,40.0,2,19,2.17,0.054
65,40.0,2,20,2.3,0.057
65,40.0,2,21,3.77,0.094
65,40.0,2,22,4.41,0.11
65,40.0,2,23,4.58,0.114
65,40.0,3,0,4.79,0.12
65,40.0,3,1,4.74,0.119
65,40.0,3,2,4.69,0.117
65,40.0,3,3,4.81,0.12
65,40.0,3,4,4.79,0.12
65,40.0,3,5,4.58,0.114
65,40.0,3,6,4.56,0.114
65,40.0,3,7,19.46,0.487
65,40.0,3,8,32.14,0.804
65,40.0,3,9,33.04,0.826
65,40.0,3,10,31.74,0.794
65,40.0,3,11,27.81,0.695
65,40.0,3,12,21.74,0.544
65,40.0,3,13,22.9,0.572
65,40.0,3,14,22.21,0.555
65,40.0,3,15,16.55,0.414
65,40.0,3,16,6.3,0.158
65,40.0,3,17,2.32,0.058
65,40.0,3,18,1.86,0.046
65,40.0,3,19,1.74,0.044
65,40.0,3,20,2.63,0.066
65,40.0,3,21,2.16,0.054
65,40.0,3,22,3.41,0.085
65,40.0,3,23,3.4,0.085
65,40.0,4,0,3.34,0.083
65,40.0,4,1,3.4,0.085
65,40.0,4,2,3.34,0.083
65,40.0,4,3,3.33,0.083
65,40.0,4,4,3.24,0.081
65,40.0,4,5,2.91,0.073
65,40.0,4,6,3.6,0.09
65,40.0,4,7,10.25,0.256
65,40.0,4,8,19.22,0.48
65,40.0,4,9,18.62,0.466
65,40.0,4,10,17.29,0.432
65,40.0,4,11,9.69,0.242
65,40.0,4,12,9.94,0.248
65,40.0,4,13,11.46,0.287
65,40.0,4,14,9.89,0.247
65,40.0,4,15,8.3,0.208
65,40.0,4,16,5.65,0.141
65,40.0,4,17,3.86,0.096
65,40.0,4,18,3.92,0.098
65,40.0,4,19,3.92,0.098
65,40.0,4,20,3.34,0.083
65,40.0,4,21,3.53,0.088
65,40.0,4,22,4.8,0.12
65,40.0,4,23,4.97,0.124
65,40.0,5,0,5.23,0.131
65,40.0,5,1,5.28,0.132
65,40.0,5,2,5.46,0.136
65,40.0,5,3,5.39,0.135
65,40.0,5,4,5.28,0.132
65,40.0,5,5,5.42,0.136
65,40.0,5,6,5.68,0.142
65,40.0,5,7,6.13,0.153
65,40.0,5,8,6.04,0.151
65,40.0,5,9,5.4,0.135
65,40.0,5,10,4.78,0.12
65,40.0,5,11,3.6,0.09
65,40.0,5,12,2.45,0.061
65,40.0,5,13,2.22,0.056
65,40.0,5,14,2.92,0.073
65,40.0,5,15,2.35,0.059
65,40.0,5,16,2.36,0.059
65,40.0,5,17,2.36,0.059
65,40.0,5,18,4.03,0.101
65,40.0,5,19,4.14,0.104
65,40.0,5,20,3.94,0.098
65,40.0,5,21,3.93,0.098
65,40.0,5,22,4.53,0.113
65,40.0,5,23,5.03,0.126
65,40.0,6,0,4.91,0.123
65,40.0,6,1,5.03,0.126
65,40.0,6,2,5.03,0.126
65,40.0,6,3,4.99,0.125
65,40.0,6,4,5.02,0.126
65,40.0,6,5,5.04,0.126
65,40.0,6,6,5.07,0.127
65,40.0,6,7,5.55,0.139
65,40.0,6,8,4.91,0.123
65,40.0,6,9,4.19,0.105
65,40.0,6,10,2.95,0.074
65,40.0,6,11,2.06,0.052
65,40.0,6,12,1.43,0.036
65,40.0,6,13,0.89,0.022
65,40.0,6,14,1.62,0.04
65,40.0,6,15,2.35,0.059
65,40.0,6,16,3.72,0.093
65,40.0,6,17,4.74,0.119
65,40.0,6,18,5.3,0.132
65,40.0,6,19,5.23,0.131
65,40.0,6,20,6.34,0.158
65,40.0,6,21,8.14,0.204
65,40.0,6,22,8.5,0.212
65,40.0,6,23,8.3,0.208
66,40.0,0,0,20.61,0.515
66,40.0,0,1,20.1,0.503
66,40.0,0,2,20.51,0.513
66,40.0,0,3,20.36,0.509
66,40.0,0,4,20.97,0.524
66,40.0,0,5,20.16,0.504
66,40.0,0,6,19.65,0.491
66,40.0,0,7,19.18,0.48
66,40.0,0,8,20.81,0.52
66,40.0,0,9,19.02,0.476
66,40.0,0,10,15.73,0.393
66,40.0,0,11,12.54,0.314
66,40.0,0,12,10.92,0.273
66,40.0,0,13,12.45,0.311
66,40.0,0,14,10.96,0.274
66,40.0,0,15,9.17,0.229
66,40.0,0,16,6.39,0.16
66,40.0,0,17,6.52,0.163
66,40.0,0,18,8.39,0.21
66,40.0,0,19,11.94,0.298
66,40.0,0,20,13.3,0.332
66,40.0,0,21,16.22,0.406
66,40.0,0,22,17.51,0.438
66,40.0,0,23,18.57,0.464
66,40.0,1,0,18.92,0.473
66,40.0,1,1,18.68,0.467
66,40.0,1,2,18.56,0.464
66,40.0,1,3,18.36,0.459
66,40.0,1,4,18.67,0.467
66,40.0,1,5,16.43,0.411
66,40.0,1,6,14.46,0.362
66,40.0,1,7,7.77,0.194
66,40.0,1,8,10.69,0.267
66,40.0,1,9,14.0,0.35
66,40.0,1,10,11.77,0.294
66,40.0,1,11,7.76,0.194
66,40.0,1,12,7.56,0.189
66,40.0,1,13,10.03,0.251
66,40.0,1,14,9.71,0.243
66,40.0,1,15,3.84,0.096
66,40.0,1,16,5.41,0.135
66,40.0,1,17,7.13,0.178
66,40.0,1,18,10.53,0.263
66,40.0,1,19,13.5,0.338
66,40.0,1,20,16.75,0.419
66,40.0,1,21,19.57,0.489
66,40.0,1,22,22.28,0.557
66,40.0,1,23,23.79,0.595
66,40.0,2,0,23.9,0.597
66,40.0,2,1,23.25,0.581
66,40.0,2,2,23.55,0.589
66,40.0,2,3,23.66,0.592
66,40.0,2,4,22.23,0.556
66,40.0,2,5,16.48,0.412
66,40.0,2,6,12.92,0.323
66,40.0,2,7,10.87,0.272
66,40.0,2,8,17.95,0.449
66,40.0,2,9,22.41,0.56
66,40.0,2,10,20.42,0.511
66,40.0,2,11,13.91,0.348
66,40.0,2,12,12.74,0.318
66,40.0,2,13,13.0,0.325
66,40.0,2,14,11.42,0.286
66,40.0,2,15,5.8,0.145
66,40.0,2,16,2.38,0.06
66,40.0,2,17,3.99,0.1
66,40.0,2,18,6.71,0.168
66,40.0,2,19,9.47,0.237
66,40.0,2,20,10.57,0.264
66,40.0,2,21,15.37,0.384
66,40.0,2,22,18.32,0.458
66,40.0,2,23,19.04,0.476
66,40.0,3,0,19.33,0.483
66,40.0,3,1,19.33,0.483
66,40.0,3,2,19.4,0.485
66,40.0,3,3,19.52,0.488
66,40.0,3,4,19.87,0.497
66,40.0,3,5,19.53,0.488
66,40.0,3,6,17.9,0.447
66,40.0,3,7,14.36,0.359
66,40.0,3,8,16.69,0.417
66,40.0,3,9,18.34,0.458
66,40.0,3,10,16.19,0.405
66,40.0,3,11,10.83,0.271
66,40.0,3,12,8.76,0.219
66,40.0,3,13,10.49,0.262
66,40.0,3,14,10.27,0.257
66,40.0,3,15,6.18,0.154
66,40.0,3,16,2.92,0.073
66,40.0,3,17,4.49,0.112
66,40.0,3,18,7.43,0.186
66,40.0,3,19,12.19,0.305
66,40.0,3,20,15.28,0.382
66,40.0,3,21,18.11,0.453
66,40.0,3,22,20.13,0.503
66,40.0,3,23,21.62,0.54
66,40.0,4,0,22.33,0.558
66,40.0,4,1,22.22,0.556
66,40.0,4,2,22.34,0.558
66,40.0,4,3,22.4,0.56
66,40.0,4,4,21.76,0.544
66,40.0,4,5,18.02,0.45
66,40.0,4,6,17.35,0.434
66,40.0,4,7,18.66,0.466
66,40.0,4,8,17.88,0.447
66,40.0,4,9,17.89,0.447
66,40.0,4,10,15.62,0.39
66,40.0,4,11,9.12,0.228
66,40.0,4,12,8.4,0.21
66,40.0,4,13,8.76,0.219
66,40.0,4,14,9.11,0.228
66,40.0,4,15,9.08,0.227
66,40.0,4,16,6.36,0.159
66,40.0,4,17,7.68,0.192
66,40.0,4,18,7.54,0.188
66,40.0,4,19,11.0,0.275
66,40.0,4,20,12.62,0.316
66,40.0,4,21,14.73,0.368
66,40.0,4,22,14.92,0.373
66,40.0,4,23,17.58,0.439
66,40.0,5,0,18.55,0.464
66,40.0,5,1,18.6,0.465
66,40.0,5,2,18.54,0.463
66,40.0,5,3,18.54,0.463
66,40.0,5,4,18.65,0.466
66,40.0,5,5,18.67,0.467
66,40.0,5,6,18.18,0.454
66,40.0,5,7,18.08,0.452
66,40.0,5,8,15.53,0.388
66,40.0,5,9,11.41,0.285
66,40.0,5,10,7.64,0.191
66,40.0,5,11,5.76,0.144
66,40.0,5,12,4.52,0.113
66,40.0,5,13,3.87,0.097
66,40.0,5,14,5.26,0.132
66,40.0,5,15,4.69,0.117
66,40.0,5,16,4.05,0.101
66,40.0,5,17,5.79,0.145
66,40.0,5,18,7.33,0.183
66,40.0,5,19,8.95,0.224
66,40.0,5,20,10.35,0.259
66,40.0,5,21,11.57,0.289
66,40.0,5,22,14.6,0.365
66,40.0,5,23,16.18,0.404
66,40.0,6,0,16.92,0.423
66,40.0,6,1,16.65,0.416
66,40.0,6,2,16.8,0.42
66,40.0,6,3,16.79,0.42
66,40.0,6,4,16.84,0.421
66,40.0,6,5,16.25,0.406
66,40.0,6,6,14.74,0.368
66,40.0,6,7,14.02,0.35
66,40.0,6,8,12.59,0.315
66,40.0,6,9,8.61,0.215
66,40.0,6,10,4.73,0.118
66,40.0,6,11,3.23,0.081
66,40.0,6,12,2.66,0.066
66,40.0,6,13,2.89,0.072
66,40.0,6,14,2.78,0.069
66,40.0,6,15,3.11,0.078
66,40.0,6,16,4.89,0.122
66,40.0,6,17,7.65,0.191
66,40.0,6,18,10.05,0.251
66,40.0,6,19,11.38,0.285
66,40.0,6,20,13.99,0.35
66,40.0,6,21,16.61,0.415
66,40.0,6,22,17.04,0.426
66,40.0,6,23,18.79,0.47
67,40.0,0,0,17.54,0.438
67,40.0,0,1,17.37,0.434
67,40.0,0,2,17.48,0.437
67,40.0,0,3,17.1,0.428
67,40.0,0,4,17.76,0.444
67,40.0,0,5,19.52,0.488
67,40.0,0,6,24.99,0.625
67,40.0,0,7,20.43,0.511
67,40.0,0,8,15.88,0.397
67,40.0,0,9,14.56,0.364
67,40.0,0,10,12.02,0.3
67,40.0,0,11,10.55,0.264
67,40.0,0,12,12.68,0.317
67,40.0,0,13,14.45,0.361
67,40.0,0,14,14.57,0.364
67,40.0,0,15,14.69,0.367
67,40.0,0,16,10.8,0.27
67,40.0,0,17,8.09,0.202
67,40.0,0,18,9.46,0.237
67,40.0,0,19,11.47,0.287
67,40.0,0,20,12.63,0.316
67,40.0,0,21,14.33,0.358
67,40.0,0,22,15.88,0.397
67,40.0,0,23,16.9,0.422
67,40.0,1,0,16.95,0.424
67,40.0,1,1,17.16,0.429
67,40.0,1,2,17.08,0.427
67,40.0,1,3,16.72,0.418
67,40.0,1,4,17.23,0.431
67,40.0,1,5,20.49,0.512
67,40.0,1,6,27.23,0.681
67,40.0,1,7,23.79,0.595
67,40.0,1,8,19.01,0.475
67,40.0,1,9,17.85,0.446
67,40.0,1,10,16.02,0.4
67,40.0,1,11,13.22,0.33
67,40.0,1,12,11.34,0.284
67,40.0,1,13,13.23,0.331
67,40.0,1,14,13.3,0.332
67,40.0,1,15,13.78,0.344
67,40.0,1,16,8.47,0.212
67,40.0,1,17,8.31,0.208
67,40.0,1,18,12.27,0.307
67,40.0,1,19,13.08,0.327
67,40.0,1,20,16.71,0.418
67,40.0,1,21,18.39,0.46
67,40.0,1,22,17.76,0.444
67,40.0,1,23,18.86,0.472
67,40.0,2,0,18.02,0.45
67,40.0,2,1,18.26,0.456
67,40.0,2,2,18.22,0.455
67,40.0,2,3,18.12,0.453
67,40.0,2,4,19.25,0.481
67,40.0,2,5,21.13,0.528
67,40.0,2,6,25.88,0.647
67,40.0,2,7,21.87,0.547
67,40.0,2,8,16.34,0.408
67,40.0,2,9,14.02,0.35
67,40.0,2,10,12.92,0.323
67,40.0,2,11,13.0,0.325
67,40.0,2,12,14.16,0.354
67,40.0,2,13,14.49,0.362
67,40.0,2,14,14.97,0.374
67,40.0,2,15,16.45,0.411
67,40.0,2,16,12.75,0.319
67,40.0,2,17,11.62,0.29
67,40.0,2,18,15.73,0.393
67,40.0,2,19,19.1,0.478
67,40.0,2,20,21.95,0.549
67,40.0,2,21,21.69,0.542
67,40.0,2,22,15.9,0.398
67,40.0,2,23,15.56,0.389
67,40.0,3,0,15.18,0.38
67,40.0,3,1,15.56,0.389
67,40.0,3,2,15.23,0.381
67,40.0,3,3,15.13,0.378
67,40.0,3,4,15.6,0.39
67,40.0,3,5,18.65,0.466
67,40.0,3,6,23.82,0.596
67,40.0,3,7,18.6,0.465
67,40.0,3,8,10.38,0.26
67,40.0,3,9,8.13,0.203
67,40.0,3,10,7.75,0.194
67,40.0,3,11,9.63,0.241
67,40.0,3,12,8.64,0.216
67,40.0,3,13,9.34,0.233
67,40.0,3,14,9.31,0.233
67,40.0,3,15,9.93,0.248
67,40.0,3,16,5.93,0.148
67,40.0,3,17,8.66,0.216
67,40.0,3,18,11.81,0.295
67,40.0,3,19,14.71,0.368
67,40.0,3,20,16.73,0.418
67,40.0,3,21,16.69,0.417
67,40.0,3,22,16.33,0.408
67,40.0,3,23,17.17,0.429
67,40.0,4,0,17.53,0.438
67,40.0,4,1,18.11,0.453
67,40.0,4,2,17.5,0.438
67,40.0,4,3,17.7,0.442
67,40.0,4,4,16.96,0.424
67,40.0,4,5,18.39,0.46
67,40.0,4,6,23.68,0.592
67,40.0,4,7,20.48,0.512
67,40.0,4,8,12.02,0.3
67,40.0,4,9,8.56,0.214
67,40.0,4,10,7.45,0.186
67,40.0,4,11,6.09,0.152
67,40.0,4,12,6.6,0.165
67,40.0,4,13,6.54,0.164
67,40.0,4,14,7.73,0.193
67,40.0,4,15,8.06,0.202
67,40.0,4,16,8.59,0.215
67,40.0,4,17,10.31,0.258
67,40.0,4,18,11.13,0.278
67,40.0,4,19,14.19,0.355
67,40.0,4,20,14.68,0.367
67,40.0,4,21,15.55,0.389
67,40.0,4,22,14.23,0.356
67,40.0,4,23,14.3,0.358
67,40.0,5,0,14.78,0.37
67,40.0,5,1,14.79,0.37
67,40.0,5,2,14.06,0.352
67,40.0,5,3,14.25,0.356
67,40.0,5,4,14.99,0.375
67,40.0,5,5,15.45,0.386
67,40.0,5,6,16.69,0.417
67,40.0,5,7,18.31,0.458
67,40.0,5,8,18.26,0.456
67,40.0,5,9,15.48,0.387
67,40.0,5,10,12.45,0.311
67,40.0,5,11,11.76,0.294
67,40.0,5,12,10.04,0.251
67,40.0,5,13,8.79,0.22
67,40.0,5,14,9.41,0.235
67,40.0,5,15,9.26,0.231
67,40.0,5,16,9.65,0.241
67,40.0,5,17,10.68,0.267
67,40.0,5,18,12.98,0.324
67,40.0,5,19,14.43,0.361
67,40.0,5,20,14.34,0.358
67,40.0,5,21,13.81,0.345
67,40.0,5,22,13.17,0.329
67,40.0,5,23,14.02,0.35
67,40.0,6,0,13.88,0.347
67,40.0,6,1,14.17,0.354
67,40.0,6,2,14.19,0.355
67,40.0,6,3,14.22,0.356
67,40.0,6,4,14.05,0.351
67,40.0,6,5,14.62,0.366
67,40.0,6,6,15.86,0.396
67,40.0,6,7,15.68,0.392
67,40.0,6,8,16.74,0.418
67,40.0,6,9,14.01,0.35
67,40.0,6,10,11.02,0.275
67,40.0,6,11,7.79,0.195
67,40.0,6,12,5.53,0.138
67,40.0,6,13,5.35,0.134
67,40.0,6,14,5.63,0.141
67,40.0,6,15,6.93,0.173
67,40.0,6,16,8.1,0.202
67,40.0,6,17,9.72,0.243
67,40.0,6,18,12.05,0.301
67,40.0,6,19,13.49,0.337
67,40.0,6,20,13.96,0.349
67,40.0,6,21,15.64,0.391
67,40.0,6,22,16.6,0.415
67,40.0,6,23,17.7,0.442
68,40.0,0,0,24.83,0.621
68,40.0,0,1,24.99,0.625
68,40.0,0,2,25.11,0.628
68,40.0,0,3,25.24,0.631
68,40.0,0,4,23.63,0.591
68,40.0,0,5,19.26,0.482
68,40.0,0,6,20.06,0.501
68,40.0,0,7,23.67,0.592
68,40.0,0,8,31.2,0.78
68,40.0,0,9,29.78,0.744
68,40.0,0,10,29.28,0.732
68,40.0,0,11,29.33,0.733
68,40.0,0,12,28.86,0.722
68,40.0,0,13,29.28,0.732
68,40.0,0,14,30.25,0.756
68,40.0,0,15,27.52,0.688
68,40.0,0,16,22.29,0.557
68,40.0,0,17,17.01,0.425
68,40.0,0,18,18.06,0.451
68,40.0,0,19,21.11,0.528
68,40.0,0,20,21.14,0.528
68,40.0,0,21,20.29,0.507
68,40.0,0,22,20.52,0.513
68,40.0,0,23,20.72,0.518
68,40.0,1,0,20.52,0.513
68,40.0,1,1,20.71,0.518
68,40.0,1,2,20.44,0.511
68,40.0,1,3,20.42,0.511
68,40.0,1,4,17.86,0.446
68,40.0,1,5,12.65,0.316
68,40.0,1,6,14.51,0.363
68,40.0,1,7,24.56,0.614
68,40.0,1,8,35.53,0.888
68,40.0,1,9,33.06,0.826
68,40.0,1,10,29.61,0.74
68,40.0,1,11,28.35,0.709
68,40.0,1,12,28.78,0.72
68,40.0,1,13,29.23,0.731
68,40.0,1,14,28.69,0.717
68,40.0,1,15,20.68,0.517
68,40.0,1,16,5.54,0.138
68,40.0,1,17,1.35,0.034
68,40.0,1,18,2.75,0.069
68,40.0,1,19,4.87,0.122
68,40.0,1,20,2.59,0.065
68,40.0,1,21,2.61,0.065
68,40.0,1,22,4.18,0.104
68,40.0,1,23,4.46,0.112
68,40.0,2,0,4.18,0.104
68,40.0,2,1,4.07,0.102
68,40.0,2,2,4.14,0.104
68,40.0,2,3,4.0,0.1
68,40.0,2,4,3.87,0.097
68,40.0,2,5,4.98,0.125
68,40.0,2,6,9.28,0.232
68,40.0,2,7,20.45,0.511
68,40.0,2,8,33.99,0.85
68,40.0,2,9,33.1,0.828
68,40.0,2,10,31.61,0.79
68,40.0,2,11,29.34,0.734
68,40.0,2,12,28.69,0.717
68,40.0,2,13,30.65,0.766
68,40.0,2,14,29.5,0.738
68,40.0,2,15,21.25,0.531
68,40.0,2,16,6.88,0.172
68,40.0,2,17,2.21,0.055
68,40.0,2,18,2.92,0.073
68,40.0,2,19,4.49,0.112
68,40.0,2,20,4.31,0.108
68,40.0,2,21,4.94,0.124
68,40.0,2,22,5.55,0.139
68,40.0,2,23,6.05,0.151
68,40.0,3,0,6.19,0.155
68,40.0,3,1,6.21,0.155
68,40.0,3,2,6.35,0.159
68,40.0,3,3,6.22,0.156
68,40.0,3,4,6.37,0.159
68,40.0,3,5,7.48,0.187
68,40.0,3,6,9.2,0.23
68,40.0,3,7,18.86,0.472
68,40.0,3,8,30.73,0.768
68,40.0,3,9,29.47,0.737
68,40.0,3,10,27.05,0.676
68,40.0,3,11,28.4,0.71
68,40.0,3,12,27.89,0.697
68,40.0,3,13,29.35,0.734
68,40.0,3,14,26.98,0.674
68,40.0,3,15,21.58,0.54
68,40.0,3,16,9.17,0.229
68,40.0,3,17,1.97,0.049
68,40.0,3,18,1.37,0.034
68,40.0,3,19,2.49,0.062
68,40.0,3,20,2.91,0.073
68,40.0,3,21,1.74,0.044
68,40.0,3,22,3.36,0.084
68,40.0,3,23,4.71,0.118
68,40.0,4,0,5.03,0.126
68,40.0,4,1,5.01,0.125
68,40.0,4,2,4.88,0.122
68,40.0,4,3,5.01,0.125
68,40.0,4,4,4.83,0.121
68,40.0,4,5,6.74,0.168
68,40.0,4,6,7.08,0.177
68,40.0,4,7,9.15,0.229
68,40.0,4,8,14.51,0.363
68,40.0,4,9,15.24,0.381
68,40.0,4,10,14.23,0.356
68,40.0,4,11,13.46,0.336
68,40.0,4,12,13.65,0.341
68,40.0,4,13,11.98,0.3
68,40.0,4,14,12.14,0.304
68,40.0,4,15,12.14,0.304
68,40.0,4,16,6.68,0.167
68,40.0,4,17,4.24,0.106
68,40.0,4,18,4.72,0.118
68,40.0,4,19,5.86,0.147
68,40.0,4,20,5.86,0.147
68,40.0,4,21,4.72,0.118
68,40.0,4,22,4.58,0.114
68,40.0,4,23,4.63,0.116
68,40.0,5,0,5.33,0.133
68,40.0,5,1,5.4,0.135
68,40.0,5,2,5.1,0.128
68,40.0,5,3,5.04,0.126
68,40.0,5,4,5.16,0.129
68,40.0,5,5,6.59,0.165
68,40.0,5,6,7.64,0.191
68,40.0,5,7,7.24,0.181
68,40.0,5,8,5.29,0.132
68,40.0,5,9,4.36,0.109
68,40.0,5,10,4.21,0.105
68,40.0,5,11,5.68,0.142
68,40.0,5,12,6.32,0.158
68,40.0,5,13,6.65,0.166
68,40.0,5,14,6.49,0.162
68,40.0,5,15,8.93,0.223
68,40.0,5,16,10.72,0.268
68,40.0,5,17,10.76,0.269
68,40.0,5,18,13.22,0.33
68,40.0,5,19,13.72,0.343
68,40.0,5,20,14.72,0.368
68,40.0,5,21,14.87,0.372
68,40.0,5,22,15.58,0.39
68,40.0,5,23,16.31,0.408
68,40.0,6,0,16.18,0.404
68,40.0,6,1,16.28,0.407
68,40.0,6,2,16.24,0.406
68,40.0,6,3,16.12,0.403
68,40.0,6,4,16.25,0.406
68,40.0,6,5,18.22,0.455
68,40.0,6,6,21.32,0.533
68,40.0,6,7,22.32,0.558
68,40.0,6,8,20.04,0.501
68,40.0,6,9,17.25,0.431
68,40.0,6,10,16.54,0.414
68,40.0,6,11,16.56,0.414
68,40.0,6,12,14.97,0.374
68,40.0,6,13,14.58,0.364
68,40.0,6,14,13.81,0.345
68,40.0,6,15,16.36,0.409
68,40.0,6,16,19.24,0.481
68,40.0,6,17,20.85,0.521
68,40.0,6,18,22.61,0.565
68,40.0,6,19,24.15,0.604
68,40.0,6,20,24.37,0.609
68,40.0,6,21,24.2,0.605
68,40.0,6,22,24.84,0.621
68,40.0,6,23,24.68,0.617
69,40.0,0,0,26.12,0.653
69,40.0,0,1,25.07,0.627
69,40.0,0,2,25.21,0.63
69,40.0,0,3,24.98,0.624
69,40.0,0,4,23.6,0.59
69,40.0,0,5,21.05,0.526
69,40.0,0,6,24.07,0.602
69,40.0,0,7,28.46,0.712
69,40.0,0,8,29.55,0.739
69,40.0,0,9,31.99,0.8
69,40.0,0,10,31.93,0.798
69,40.0,0,11,31.4,0.785
69,40.0,0,12,27.95,0.699
69,40.0,0,13,25.49,0.637
69,40.0,0,14,24.83,0.621
69,40.0,0,15,22.68,0.567
69,40.0,0,16,18.02,0.45
69,40.0,0,17,15.17,0.379
69,40.0,0,18,17.13,0.428
69,40.0,0,19,20.92,0.523
69,40.0,0,20,20.87,0.522
69,40.0,0,21,19.46,0.487
69,40.0,0,22,20.26,0.507
69,40.0,0,23,18.91,0.473
69,40.0,1,0,19.74,0.493
69,40.0,1,1,19.04,0.476
69,40.0,1,2,19.58,0.489
69,40.0,1,3,19.53,0.488
69,40.0,1,4,18.12,0.453
69,40.0,1,5,18.81,0.47
69,40.0,1,6,25.28,0.632
69,40.0,1,7,31.37,0.784
69,40.0,1,8,33.57,0.839
69,40.0,1,9,33.09,0.827
69,40.0,1,10,33.22,0.83
69,40.0,1,11,33.67,0.842
69,40.0,1,12,31.75,0.794
69,40.0,1,13,29.47,0.737
69,40.0,1,14,26.88,0.672
69,40.0,1,15,26.11,0.653
69,40.0,1,16,20.87,0.522
69,40.0,1,17,9.66,0.242
69,40.0,1,18,9.81,0.245
69,40.0,1,19,9.67,0.242
69,40.0,1,20,7.41,0.185
69,40.0,1,21,4.77,0.119
69,40.0,1,22,4.89,0.122
69,40.0,1,23,5.0,0.125
69,40.0,2,0,4.02,0.1
69,40.0,2,1,3.86,0.096
69,40.0,2,2,4.32,0.108
69,40.0,2,3,4.19,0.105
69,40.0,2,4,5.07,0.127
69,40.0,2,5,10.41,0.26
69,40.0,2,6,17.92,0.448
69,40.0,2,7,27.54,0.688
69,40.0,2,8,31.61,0.79
69,40.0,2,9,32.27,0.807
69,40.0,2,10,32.8,0.82
69,40.0,2,11,31.74,0.794
69,40.0,2,12,29.5,0.738
69,40.0,2,13,29.18,0.73
69,40.0,2,14,24.57,0.614
69,40.0,2,15,21.5,0.538
69,40.0,2,16,15.04,0.376
69,40.0,2,17,6.22,0.156
69,40.0,2,18,5.65,0.141
69,40.0,2,19,4.59,0.115
69,40.0,2,20,3.4,0.085
69,40.0,2,21,2.24,0.056
69,40.0,2,22,4.27,0.107
69,40.0,2,23,4.69,0.117
69,40.0,3,0,4.64,0.116
69,40.0,3,1,4.61,0.115
69,40.0,3,2,4.72,0.118
69,40.0,3,3,4.64,0.116
69,40.0,3,4,5.75,0.144
69,40.0,3,5,11.04,0.276
69,40.0,3,6,16.05,0.401
69,40.0,3,7,23.2,0.58
69,40.0,3,8,29.47,0.737
69,40.0,3,9,27.15,0.679
69,40.0,3,10,29.62,0.74
69,40.0,3,11,32.63,0.816
69,40.0,3,12,30.7,0.768
69,40.0,3,13,28.62,0.716
69,40.0,3,14,23.7,0.592
69,40.0,3,15,19.56,0.489
69,40.0,3,16,14.56,0.364
69,40.0,3,17,8.1,0.202
69,40.0,3,18,4.85,0.121
69,40.0,3,19,3.59,0.09
69,40.0,3,20,3.63,0.091
69,40.0,3,21,2.53,0.063
69,40.0,3,22,2.84,0.071
69,40.0,3,23,2.95,0.074
69,40.0,4,0,3.25,0.081
69,40.0,4,1,3.38,0.084
69,40.0,4,2,3.45,0.086
69,40.0,4,3,3.47,0.087
69,40.0,4,4,4.28,0.107
69,40.0,4,5,8.04,0.201
69,40.0,4,6,14.63,0.366
69,40.0,4,7,21.04,0.526
69,40.0,4,8,25.36,0.634
69,40.0,4,9,27.19,0.68
69,40.0,4,10,28.78,0.72
69,40.0,4,11,30.53,0.763
69,40.0,4,12,26.54,0.664
69,40.0,4,13,22.12,0.553
69,40.0,4,14,19.12,0.478
69,40.0,4,15,17.66,0.442
69,40.0,4,16,14.44,0.361
69,40.0,4,17,12.82,0.32
69,40.0,4,18,11.2,0.28
69,40.0,4,19,10.24,0.256
69,40.0,4,20,9.03,0.226
69,40.0,4,21,6.76,0.169
69,40.0,4,22,6.91,0.173
69,40.0,4,23,6.77,0.169
69,40.0,5,0,7.32,0.183
69,40.0,5,1,7.71,0.193
69,40.0,5,2,7.54,0.188
69,40.0,5,3,7.52,0.188
69,40.0,5,4,7.59,0.19
69,40.0,5,5,8.22,0.206
69,40.0,5,6,10.57,0.264
69,40.0,5,7,12.67,0.317
69,40.0,5,8,13.7,0.342
69,40.0,5,9,13.46,0.336
69,40.0,5,10,10.85,0.271
69,40.0,5,11,9.41,0.235
69,40.0,5,12,10.63,0.266
69,40.0,5,13,8.99,0.225
69,40.0,5,14,8.8,0.22
69,40.0,5,15,9.74,0.244
69,40.0,5,16,11.31,0.283
69,40.0,5,17,13.67,0.342
69,40.0,5,18,14.28,0.357
69,40.0,5,19,16.82,0.42
69,40.0,5,20,16.85,0.421
69,40.0,5,21,15.57,0.389
69,40.0,5,22,15.8,0.395
69,40.0,5,23,17.02,0.426
69,40.0,6,0,17.72,0.443
69,40.0,6,1,17.25,0.431
69,40.0,6,2,17.3,0.432
69,40.0,6,3,17.38,0.434
69,40.0,6,4,17.79,0.445
69,40.0,6,5,18.29,0.457
69,40.0,6,6,20.19,0.505
69,40.0,6,7,20.03,0.501
69,40.0,6,8,20.46,0.512
69,40.0,6,9,22.74,0.568
69,40.0,6,10,24.58,0.614
69,40.0,6,11,23.96,0.599
69,40.0,6,12,23.75,0.594
69,40.0,6,13,22.91,0.573
69,40.0,6,14,22.85,0.571
69,40.0,6,15,22.43,0.561
69,40.0,6,16,22.71,0.568
69,40.0,6,17,23.41,0.585
69,40.0,6,18,25.23,0.631
69,40.0,6,19,25.04,0.626
69,40.0,6,20,25.16,0.629
69,40.0,6,21,24.8,0.62
69,40.0,6,22,26.52,0.663
69,40.0,6,23,26.8,0.67
7,29.0,0,0,10.71,0.369
7,29.0,0,1,10.71,0.369
7,29.0,0,2,10.71,0.369
7,29.0,0,3,10.65,0.367
7,29.0,0,4,10.02,0.346
7,29.0,0,5,10.0,0.345
7,29.0,0,6,8.24,0.284
7,29.0,0,7,5.91,0.204
7,29.0,0,8,4.1,0.141
7,29.0,0,9,3.23,0.111
7,29.0,0,10,6.98,0.241
7,29.0,0,11,8.59,0.296
7,29.0,0,12,10.56,0.364
7,29.0,0,13,10.06,0.347
7,29.0,0,14,9.11,0.314
7,29.0,0,15,8.42,0.29
7,29.0,0,16,7.48,0.258
7,29.0,0,17,7.67,0.264
7,29.0,0,18,8.31,0.287
7,29.0,0,19,7.61,0.262
7,29.0,0,20,7.84,0.27
7,29.0,0,21,7.2,0.248
7,29.0,0,22,7.38,0.254
7,29.0,0,23,7.13,0.246
7,29.0,1,0,7.35,0.253
7,29.0,1,1,7.58,0.261
7,29.0,1,2,6.92,0.239
7,29.0,1,3,7.16,0.247
7,29.0,1,4,6.92,0.239
7,29.0,1,5,6.92,0.239
7,29.0,1,6,5.02,0.173
7,29.0,1,7,3.46,0.119
7,29.0,1,8,1.71,0.059
7,29.0,1,9,1.75,0.06
7,29.0,1,10,5.15,0.178
7,29.0,1,11,7.09,0.244
7,29.0,1,12,10.21,0.352
7,29.0,1,13,10.72,0.37
7,29.0,1,14,10.89,0.376
7,29.0,1,15,9.56,0.33
7,29.0,1,16,7.53,0.26
7,29.0,1,17,8.31,0.287
7,29.0,1,18,8.66,0.299
7,29.0,1,19,8.47,0.292
7,29.0,1,20,8.22,0.283
7,29.0,1,21,8.51,0.293
7,29.0,1,22,8.25,0.284
7,29.0,1,23,8.21,0.283
7,29.0,2,0,7.74,0.267
7,29.0,2,1,7.52,0.259
7,29.0,2,2,7.62,0.263
7,29.0,2,3,7.46,0.257
7,29.0,2,4,7.24,0.25
7,29.0,2,5,6.72,0.232
7,29.0,2,6,5.43,0.187
7,29.0,2,7,3.92,0.135
7,29.0,2,8,1.29,0.044
7,29.0,2,9,0.97,0.033
7,29.0,2,10,2.55,0.088
7,29.0,2,11,3.92,0.135
7,29.0,2,12,7.18,0.248
7,29.0,2,13,8.43,0.291
7,29.0,2,14,9.53,0.329
7,29.0,2,15,9.38,0.323
7,29.0,2,16,9.01,0.311
7,29.0,2,17,10.91,0.376
7,29.0,2,18,11.39,0.393
7,29.0,2,19,10.61,0.366
7,29.0,2,20,10.4,0.359
7,29.0,2,21,10.1,0.348
7,29.0,2,22,9.57,0.33
7,29.0,2,23,9.5,0.328
7,29.0,3,0,9.41,0.324
7,29.0,3,1,9.27,0.32
7,29.0,3,2,9.43,0.325
7,29.0,3,3,9.45,0.326
7,29.0,3,4,9.19,0.317
7,29.0,3,5,8.48,0.292
7,29.0,3,6,7.29,0.251
7,29.0,3,7,4.06,0.14
7,29.0,3,8,1.7,0.059
7,29.0,3,9,2.44,0.084
7,29.0,3,10,5.39,0.186
7,29.0,3,11,8.36,0.288
7,29.0,3,12,10.12,0.349
7,29.0,3,13,14.63,0.504
7,29.0,3,14,16.42,0.566
7,29.0,3,15,15.31,0.528
7,29.0,3,16,14.96,0.516
7,29.0,3,17,13.99,0.482
7,29.0,3,18,13.88,0.479
7,29.0,3,19,13.57,0.468
7,29.0,3,20,13.26,0.457
7,29.0,3,21,12.91,0.445
7,29.0,3,22,12.83,0.442
7,29.0,3,23,12.81,0.442
7,29.0,4,0,12.84,0.443
7,29.0,4,1,12.53,0.432
7,29.0,4,2,12.59,0.434
7,29.0,4,3,12.8,0.441
7,29.0,4,4,12.55,0.433
7,29.0,4,5,11.78,0.406
7,29.0,4,6,10.55,0.364
7,29.0,4,7,9.11,0.314
7,29.0,4,8,5.98,0.206
7,29.0,4,9,4.86,0.168
7,29.0,4,10,6.75,0.233
7,29.0,4,11,7.53,0.26
7,29.0,4,12,9.9,0.341
7,29.0,4,13,10.66,0.368
7,29.0,4,14,12.21,0.421
7,29.0,4,15,11.31,0.39
7,29.0,4,16,11.67,0.402
7,29.0,4,17,11.85,0.409
7,29.0,4,18,12.02,0.414
7,29.0,4,19,12.43,0.429
7,29.0,4,20,12.57,0.433
7,29.0,4,21,12.54,0.432
7,29.0,4,22,12.16,0.419
7,29.0,4,23,11.15,0.384
7,29.0,5,0,11.37,0.392
7,29.0,5,1,11.48,0.396
7,29.0,5,2,11.57,0.399
7,29.0,5,3,11.26,0.388
7,29.0,5,4,11.75,0.405
7,29.0,5,5,11.62,0.401
7,29.0,5,6,10.96,0.378
7,29.0,5,7,11.26,0.388
7,29.0,5,8,11.35,0.391
7,29.0,5,9,10.6,0.366
7,29.0,5,10,10.86,0.374
7,29.0,5,11,11.89,0.41
7,29.0,5,12,11.71,0.404
7,29.0,5,13,11.05,0.381
7,29.0,5,14,10.71,0.369
7,29.0,5,15,10.13,0.349
7,29.0,5,16,10.43,0.36
7,29.0,5,17,10.12,0.349
7,29.0,5,18,10.12,0.349
7,29.0,5,19,10.67,0.368
7,29.0,5,20,10.42,0.359
7,29.0,5,21,11.0,0.379
7,29.0,5,22,10.3,0.355
7,29.0,5,23,9.9,0.341
7,29.0,6,0,9.98,0.344
7,29.0,6,1,9.58,0.33
7,29.0,6,2,10.22,0.352
7,29.0,6,3,9.96,0.343
7,29.0,6,4,9.92,0.342
7,29.0,6,5,10.11,0.349
7,29.0,6,6,9.85,0.34
7,29.0,6,7,9.75,0.336
7,29.0,6,8,10.87,0.375
7,29.0,6,9,9.53,0.329
7,29.0,6,10,8.86,0.306
7,29.0,6,11,8.73,0.301
7,29.0,6,12,8.9,0.307
7,29.0,6,13,10.2,0.352
7,29.0,6,14,10.61,0.366
7,29.0,6,15,9.51,0.328
7,29.0,6,16,10.55,0.364
7,29.0,6,17,10.33,0.356
7,29.0,6,18,8.91,0.307
7,29.0,6,19,8.79,0.303
7,29.0,6,20,8.8,0.303
7,29.0,6,21,8.51,0.293
7,29.0,6,22,9.12,0.314
7,29.0,6,23,9.7,0.334
70,21.0,0,0,16.03,0.763
70,21.0,0,1,15.98,0.761
70,21.0,0,2,15.93,0.759
70,21.0,0,3,16.04,0.764
70,21.0,0,4,16.44,0.783
70,21.0,0,5,17.71,0.843
70,21.0,0,6,15.06,0.717
70,21.0,0,7,11.45,0.545
70,21.0,0,8,8.93,0.425
70,21.0,0,9,7.46,0.355
70,21.0,0,10,8.8,0.419
70,21.0,0,11,10.57,0.503
70,21.0,0,12,11.04,0.526
70,21.0,0,13,12.37,0.589
70,21.0,0,14,13.17,0.627
70,21.0,0,15,14.37,0.684
70,21.0,0,16,16.52,0.787
70,21.0,0,17,18.22,0.868
70,21.0,0,18,19.0,0.905
70,21.0,0,19,19.59,0.933
70,21.0,0,20,19.23,0.916
70,21.0,0,21,19.11,0.91
70,21.0,0,22,18.51,0.881
70,21.0,0,23,18.55,0.883
70,21.0,1,0,18.37,0.875
70,21.0,1,1,18.52,0.882
70,21.0,1,2,18.48,0.88
70,21.0,1,3,18.4,0.876
70,21.0,1,4,18.29,0.871
70,21.0,1,5,17.55,0.836
70,21.0,1,6,16.45,0.783
70,21.0,1,7,12.9,0.614
70,21.0,1,8,16.13,0.768
70,21.0,1,9,15.3,0.729
70,21.0,1,10,15.24,0.726
70,21.0,1,11,16.25,0.774
70,21.0,1,12,17.49,0.833
70,21.0,1,13,18.05,0.86
70,21.0,1,14,18.01,0.858
70,21.0,1,15,18.77,0.894
70,21.0,1,16,17.83,0.849
70,21.0,1,17,18.41,0.877
70,21.0,1,18,16.09,0.766
70,21.0,1,19,14.69,0.7
70,21.0,1,20,15.41,0.734
70,21.0,1,21,13.89,0.661
70,21.0,1,22,13.77,0.656
70,21.0,1,23,15.0,0.714
70,21.0,2,0,13.38,0.637
70,21.0,2,1,13.02,0.62
70,21.0,2,2,13.05,0.621
70,21.0,2,3,13.04,0.621
70,21.0,2,4,12.93,0.616
70,21.0,2,5,13.21,0.629
70,21.0,2,6,13.94,0.664
70,21.0,2,7,10.49,0.5
70,21.0,2,8,15.58,0.742
70,21.0,2,9,13.21,0.629
70,21.0,2,10,13.44,0.64
70,21.0,2,11,15.38,0.732
70,21.0,2,12,16.63,0.792
70,21.0,2,13,17.46,0.831
70,21.0,2,14,17.54,0.835
70,21.0,2,15,17.94,0.854
70,21.0,2,16,16.84,0.802
70,21.0,2,17,18.08,0.861
70,21.0,2,18,14.67,0.699
70,21.0,2,19,13.37,0.637
70,21.0,2,20,14.44,0.688
70,21.0,2,21,14.69,0.7
70,21.0,2,22,15.62,0.744
70,21.0,2,23,15.87,0.756
70,21.0,3,0,15.89,0.757
70,21.0,3,1,15.86,0.755
70,21.0,3,2,15.99,0.761
70,21.0,3,3,15.78,0.751
70,21.0,3,4,15.46,0.736
70,21.0,3,5,15.49,0.738
70,21.0,3,6,13.86,0.66
70,21.0,3,7,9.16,0.436
70,21.0,3,8,10.96,0.522
70,21.0,3,9,10.43,0.497
70,21.0,3,10,9.15,0.436
70,21.0,3,11,10.96,0.522
70,21.0,3,12,12.12,0.577
70,21.0,3,13,12.43,0.592
70,21.0,3,14,14.38,0.685
70,21.0,3,15,16.89,0.804
70,21.0,3,16,17.65,0.84
70,21.0,3,17,17.55,0.836
70,21.0,3,18,14.31,0.681
70,21.0,3,19,12.8,0.61
70,21.0,3,20,13.61,0.648
70,21.0,3,21,12.64,0.602
70,21.0,3,22,13.05,0.621
70,21.0,3,23,14.05,0.669
70,21.0,4,0,14.11,0.672
70,21.0,4,1,14.43,0.687
70,21.0,4,2,14.38,0.685
70,21.0,4,3,14.4,0.686
70,21.0,4,4,13.8,0.657
70,21.0,4,5,14.2,0.676
70,21.0,4,6,12.83,0.611
70,21.0,4,7,8.27,0.394
70,21.0,4,8,7.03,0.335
70,21.0,4,9,7.71,0.367
70,21.0,4,10,8.27,0.394
70,21.0,4,11,10.06,0.479
70,21.0,4,12,9.67,0.46
70,21.0,4,13,10.51,0.5
70,21.0,4,14,10.35,0.493
70,21.0,4,15,12.23,0.582
70,21.0,4,16,12.92,0.615
70,21.0,4,17,16.72,0.796
70,21.0,4,18,15.78,0.751
70,21.0,4,19,13.69,0.652
70,21.0,4,20,13.97,0.665
70,21.0,4,21,14.63,0.697
70,21.0,4,22,16.53,0.787
70,21.0,4,23,16.57,0.789
70,21.0,5,0,16.79,0.8
70,21.0,5,1,16.63,0.792
70,21.0,5,2,16.68,0.794
70,21.0,5,3,16.52,0.787
70,21.0,5,4,16.83,0.801
70,21.0,5,5,17.02,0.81
70,21.0,5,6,16.62,0.791
70,21.0,5,7,16.64,0.792
70,21.0,5,8,14.9,0.71
70,21.0,5,9,13.36,0.636
70,21.0,5,10,13.03,0.62
70,21.0,5,11,12.7,0.605
70,21.0,5,12,12.3,0.586
70,21.0,5,13,12.42,0.591
70,21.0,5,14,12.42,0.591
70,21.0,5,15,12.96,0.617
70,21.0,5,16,12.37,0.589
70,21.0,5,17,13.0,0.619
70,21.0,5,18,10.95,0.521
70,21.0,5,19,8.6,0.41
70,21.0,5,20,8.93,0.425
70,21.0,5,21,7.93,0.378
70,21.0,5,22,9.0,0.429
70,21.0,5,23,10.48,0.499
70,21.0,6,0,10.97,0.522
70,21.0,6,1,11.26,0.536
70,21.0,6,2,11.35,0.54
70,21.0,6,3,11.21,0.534
70,21.0,6,4,11.23,0.535
70,21.0,6,5,11.64,0.554
70,21.0,6,6,12.64,0.602
70,21.0,6,7,13.15,0.626
70,21.0,6,8,13.61,0.648
70,21.0,6,9,13.59,0.647
70,21.0,6,10,12.88,0.613
70,21.0,6,11,12.95,0.617
70,21.0,6,12,13.77,0.656
70,21.0,6,13,14.3,0.681
70,21.0,6,14,16.1,0.767
70,21.0,6,15,15.46,0.736
70,21.0,6,16,14.68,0.699
70,21.0,6,17,14.87,0.708
70,21.0,6,18,15.94,0.759
70,21.0,6,19,15.04,0.716
70,21.0,6,20,14.82,0.706
70,21.0,6,21,15.76,0.75
70,21.0,6,22,16.2,0.771
70,21.0,6,23,16.28,0.775
71,40.0,0,0,14.42,0.36
71,40.0,0,1,14.06,0.352
71,40.0,0,2,14.4,0.36
71,40.0,0,3,14.85,0.371
71,40.0,0,4,14.81,0.37
71,40.0,0,5,14.29,0.357
71,40.0,0,6,12.57,0.314
71,40.0,0,7,10.91,0.273
71,40.0,0,8,10.45,0.261
71,40.0,0,9,10.89,0.272
71,40.0,0,10,10.71,0.268
71,40.0,0,11,11.46,0.287
71,40.0,0,12,10.72,0.268
71,40.0,0,13,11.41,0.285
71,40.0,0,14,13.35,0.334
71,40.0,0,15,14.06,0.352
71,40.0,0,16,11.26,0.282
71,40.0,0,17,11.45,0.286
71,40.0,0,18,10.95,0.274
71,40.0,0,19,10.32,0.258
71,40.0,0,20,9.72,0.243
71,40.0,0,21,9.25,0.231
71,40.0,0,22,9.87,0.247
71,40.0,0,23,9.79,0.245
71,40.0,1,0,9.5,0.238
71,40.0,1,1,9.88,0.247
71,40.0,1,2,9.71,0.243
71,40.0,1,3,9.8,0.245
71,40.0,1,4,9.95,0.249
71,40.0,1,5,9.61,0.24
71,40.0,1,6,8.29,0.207
71,40.0,1,7,6.43,0.161
71,40.0,1,8,7.2,0.18
71,40.0,1,9,8.75,0.219
71,40.0,1,10,9.7,0.242
71,40.0,1,11,8.8,0.22
71,40.0,1,12,9.0,0.225
71,40.0,1,13,9.74,0.244
71,40.0,1,14,10.21,0.255
71,40.0,1,15,10.29,0.257
71,40.0,1,16,9.73,0.243
71,40.0,1,17,9.31,0.233
71,40.0,1,18,10.16,0.254
71,40.0,1,19,9.44,0.236
71,40.0,1,20,9.34,0.233
71,40.0,1,21,8.11,0.203
71,40.0,1,22,7.24,0.181
71,40.0,1,23,7.25,0.181
71,40.0,2,0,8.0,0.2
71,40.0,2,1,8.1,0.202
71,40.0,2,2,8.03,0.201
71,40.0,2,3,8.01,0.2
71,40.0,2,4,7.89,0.197
71,40.0,2,5,7.58,0.19
71,40.0,2,6,6.08,0.152
71,40.0,2,7,4.99,0.125
71,40.0,2,8,4.43,0.111
71,40.0,2,9,5.95,0.149
71,40.0,2,10,6.2,0.155
71,40.0,2,11,6.92,0.173
71,40.0,2,12,7.52,0.188
71,40.0,2,13,8.57,0.214
71,40.0,2,14,9.32,0.233
71,40.0,2,15,9.89,0.247
71,40.0,2,16,7.74,0.194
71,40.0,2,17,6.19,0.155
71,40.0,2,18,5.72,0.143
71,40.0,2,19,5.32,0.133
71,40.0,2,20,5.44,0.136
71,40.0,2,21,4.6,0.115
71,40.0,2,22,5.06,0.126
71,40.0,2,23,4.58,0.114
71,40.0,3,0,4.41,0.11
71,40.0,3,1,4.46,0.112
71,40.0,3,2,4.32,0.108
71,40.0,3,3,4.46,0.112
71,40.0,3,4,4.18,0.104
71,40.0,3,5,3.77,0.094
71,40.0,3,6,2.99,0.075
71,40.0,3,7,3.48,0.087
71,40.0,3,8,5.02,0.126
71,40.0,3,9,7.38,0.184
71,40.0,3,10,7.99,0.2
71,40.0,3,11,6.57,0.164
71,40.0,3,12,6.12,0.153
71,40.0,3,13,6.92,0.173
71,40.0,3,14,7.28,0.182
71,40.0,3,15,8.42,0.21
71,40.0,3,16,5.72,0.143
71,40.0,3,17,4.21,0.105
71,40.0,3,18,3.64,0.091
71,40.0,3,19,2.29,0.057
71,40.0,3,20,2.4,0.06
71,40.0,3,21,2.53,0.063
71,40.0,3,22,3.12,0.078
71,40.0,3,23,3.68,0.092
71,40.0,4,0,3.63,0.091
71,40.0,4,1,3.54,0.088
71,40.0,4,2,3.68,0.092
71,40.0,4,3,3.61,0.09
71,40.0,4,4,3.32,0.083
71,40.0,4,5,3.38,0.084
71,40.0,4,6,2.66,0.066
71,40.0,4,7,3.3,0.082
71,40.0,4,8,3.08,0.077
71,40.0,4,9,3.53,0.088
71,40.0,4,10,3.32,0.083
71,40.0,4,11,3.42,0.085
71,40.0,4,12,4.39,0.11
71,40.0,4,13,4.85,0.121
71,40.0,4,14,5.04,0.126
71,40.0,4,15,3.98,0.1
71,40.0,4,16,2.65,0.066
71,40.0,4,17,4.62,0.116
71,40.0,4,18,7.04,0.176
71,40.0,4,19,8.31,0.208
71,40.0,4,20,9.38,0.234
71,40.0,4,21,9.58,0.24
71,40.0,4,22,9.78,0.244
71,40.0,4,23,9.84,0.246
71,40.0,5,0,10.06,0.252
71,40.0,5,1,9.79,0.245
71,40.0,5,2,9.66,0.242
71,40.0,5,3,9.71,0.243
71,40.0,5,4,9.83,0.246
71,40.0,5,5,9.51,0.238
71,40.0,5,6,8.87,0.222
71,40.0,5,7,8.78,0.219
71,40.0,5,8,8.36,0.209
71,40.0,5,9,8.34,0.208
71,40.0,5,10,8.02,0.2
71,40.0,5,11,7.48,0.187
71,40.0,5,12,8.09,0.202
71,40.0,5,13,9.58,0.24
71,40.0,5,14,9.99,0.25
71,40.0,5,15,10.4,0.26
71,40.0,5,16,11.11,0.278
71,40.0,5,17,11.77,0.294
71,40.0,5,18,12.34,0.308
71,40.0,5,19,12.81,0.32
71,40.0,5,20,13.25,0.331
71,40.0,5,21,13.0,0.325
71,40.0,5,22,12.39,0.31
71,40.0,5,23,12.75,0.319
71,40.0,6,0,12.17,0.304
71,40.0,6,1,12.67,0.317
71,40.0,6,2,12.75,0.319
71,40.0,6,3,12.61,0.315
71,40.0,6,4,12.38,0.31
71,40.0,6,5,12.68,0.317
71,40.0,6,6,12.54,0.314
71,40.0,6,7,12.89,0.322
71,40.0,6,8,12.44,0.311
71,40.0,6,9,12.02,0.3
71,40.0,6,10,10.86,0.271
71,40.0,6,11,12.76,0.319
71,40.0,6,12,11.69,0.292
71,40.0,6,13,10.43,0.261
71,40.0,6,14,10.07,0.252
71,40.0,6,15,9.13,0.228
71,40.0,6,16,9.5,0.238
71,40.0,6,17,10.85,0.271
71,40.0,6,18,12.18,0.304
71,40.0,6,19,12.58,0.314
71,40.0,6,20,13.51,0.338
71,40.0,6,21,14.01,0.35
71,40.0,6,22,13.75,0.344
71,40.0,6,23,13.94,0.348
72,31.0,0,0,12.61,0.407
72,31.0,0,1,12.53,0.404
72,31.0,0,2,12.7,0.41
72,31.0,0,3,12.65,0.408
72,31.0,0,4,12.36,0.399
72,31.0,0,5,11.77,0.38
72,31.0,0,6,9.42,0.304
72,31.0,0,7,6.38,0.206
72,31.0,0,8,4.88,0.157
72,31.0,0,9,5.07,0.164
72,31.0,0,10,7.54,0.243
72,31.0,0,11,10.39,0.335
72,31.0,0,12,11.95,0.385
72,31.0,0,13,10.39,0.335
72,31.0,0,14,8.87,0.286
72,31.0,0,15,7.18,0.232
72,31.0,0,16,6.62,0.214
72,31.0,0,17,6.11,0.197
72,31.0,0,18,5.34,0.172
72,31.0,0,19,6.21,0.2
72,31.0,0,20,6.93,0.224
72,31.0,0,21,7.01,0.226
72,31.0,0,22,6.82,0.22
72,31.0,0,23,6.34,0.205
72,31.0,1,0,6.23,0.201
72,31.0,1,1,6.29,0.203
72,31.0,1,2,6.08,0.196
72,31.0,1,3,6.25,0.202
72,31.0,1,4,6.0,0.194
72,31.0,1,5,6.01,0.194
72,31.0,1,6,4.03,0.13
72,31.0,1,7,1.54,0.05
72,31.0,1,8,1.12,0.036
72,31.0,1,9,1.87,0.06
72,31.0,1,10,5.28,0.17
72,31.0,1,11,6.77,0.218
72,31.0,1,12,7.34,0.237
72,31.0,1,13,7.57,0.244
72,31.0,1,14,7.61,0.245
72,31.0,1,15,8.74,0.282
72,31.0,1,16,6.33,0.204
72,31.0,1,17,6.93,0.224
72,31.0,1,18,9.01,0.291
72,31.0,1,19,9.64,0.311
72,31.0,1,20,10.83,0.349
72,31.0,1,21,10.66,0.344
72,31.0,1,22,10.54,0.34
72,31.0,1,23,10.83,0.349
72,31.0,2,0,10.53,0.34
72,31.0,2,1,10.77,0.347
72,31.0,2,2,10.99,0.355
72,31.0,2,3,11.02,0.355
72,31.0,2,4,10.81,0.349
72,31.0,2,5,10.62,0.343
72,31.0,2,6,8.53,0.275
72,31.0,2,7,5.09,0.164
72,31.0,2,8,3.26,0.105
72,31.0,2,9,4.53,0.146
72,31.0,2,10,7.64,0.246
72,31.0,2,11,8.03,0.259
72,31.0,2,12,7.24,0.234
72,31.0,2,13,8.35,0.269
72,31.0,2,14,9.18,0.296
72,31.0,2,15,8.03,0.259
72,31.0,2,16,6.41,0.207
72,31.0,2,17,5.41,0.175
72,31.0,2,18,6.39,0.206
72,31.0,2,19,7.24,0.234
72,31.0,2,20,7.83,0.253
72,31.0,2,21,7.26,0.234
72,31.0,2,22,7.46,0.241
72,31.0,2,23,7.36,0.237
72,31.0,3,0,6.97,0.225
72,31.0,3,1,7.35,0.237
72,31.0,3,2,7.17,0.231
72,31.0,3,3,7.25,0.234
72,31.0,3,4,7.04,0.227
72,31.0,3,5,7.11,0.229
72,31.0,3,6,7.52,0.243
72,31.0,3,7,4.91,0.158
72,31.0,3,8,3.25,0.105
72,31.0,3,9,6.1,0.197
72,31.0,3,10,9.58,0.309
72,31.0,3,11,11.95,0.385
72,31.0,3,12,15.04,0.485
72,31.0,3,13,16.39,0.529
72,31.0,3,14,14.84,0.479
72,31.0,3,15,12.94,0.417
72,31.0,3,16,11.55,0.373
72,31.0,3,17,11.0,0.355
72,31.0,3,18,10.98,0.354
72,31.0,3,19,11.75,0.379
72,31.0,3,20,12.38,0.399
72,31.0,3,21,12.91,0.416
72,31.0,3,22,13.49,0.435
72,31.0,3,23,13.23,0.427
72,31.0,4,0,13.6,0.439
72,31.0,4,1,13.22,0.426
72,31.0,4,2,13.43,0.433
72,31.0,4,3,13.23,0.427
72,31.0,4,4,13.3,0.429
72,31.0,4,5,12.44,0.401
72,31.0,4,6,8.44,0.272
72,31.0,4,7,5.5,0.177
72,31.0,4,8,4.45,0.144
72,31.0,4,9,5.9,0.19
72,31.0,4,10,7.9,0.255
72,31.0,4,11,8.27,0.267
72,31.0,4,12,8.93,0.288
72,31.0,4,13,9.03,0.291
72,31.0,4,14,8.17,0.264
72,31.0,4,15,8.88,0.286
72,31.0,4,16,9.18,0.296
72,31.0,4,17,10.76,0.347
72,31.0,4,18,12.41,0.4
72,31.0,4,19,14.2,0.458
72,31.0,4,20,14.68,0.474
72,31.0,4,21,13.9,0.448
72,31.0,4,22,14.09,0.455
72,31.0,4,23,14.04,0.453
72,31.0,5,0,14.26,0.46
72,31.0,5,1,14.12,0.455
72,31.0,5,2,14.05,0.453
72,31.0,5,3,14.11,0.455
72,31.0,5,4,13.82,0.446
72,31.0,5,5,14.34,0.463
72,31.0,5,6,12.83,0.414
72,31.0,5,7,12.26,0.395
72,31.0,5,8,11.54,0.372
72,31.0,5,9,10.99,0.355
72,31.0,5,10,9.85,0.318
72,31.0,5,11,11.46,0.37
72,31.0,5,12,13.25,0.427
72,31.0,5,13,12.82,0.414
72,31.0,5,14,11.88,0.383
72,31.0,5,15,12.59,0.406
72,31.0,5,16,12.27,0.396
72,31.0,5,17,12.83,0.414
72,31.0,5,18,11.66,0.376
72,31.0,5,19,11.5,0.371
72,31.0,5,20,12.02,0.388
72,31.0,5,21,12.38,0.399
72,31.0,5,22,12.0,0.387
72,31.0,5,23,13.14,0.424
72,31.0,6,0,12.9,0.416
72,31.0,6,1,13.18,0.425
72,31.0,6,2,12.97,0.418
72,31.0,6,3,12.7,0.41
72,31.0,6,4,13.11,0.423
72,31.0,6,5,13.04,0.421
72,31.0,6,6,12.6,0.406
72,31.0,6,7,13.3,0.429
72,31.0,6,8,12.78,0.412
72,31.0,6,9,11.31,0.365
72,31.0,6,10,9.6,0.31
72,31.0,6,11,9.32,0.301
72,31.0,6,12,9.5,0.306
72,31.0,6,13,8.63,0.278
72,31.0,6,14,8.74,0.282
72,31.0,6,15,9.59,0.309
72,31.0,6,16,9.52,0.307
72,31.0,6,17,10.52,0.339
72,31.0,6,18,12.24,0.395
72,31.0,6,19,13.05,0.421
72,31.0,6,20,13.35,0.431
72,31.0,6,21,12.98,0.419
72,31.0,6,22,13.5,0.435
72,31.0,6,23,12.86,0.415
73,30.0,0,0,10.34,0.345
73,30.0,0,1,10.84,0.361
73,30.0,0,2,10.48,0.349
73,30.0,0,3,10.82,0.361
73,30.0,0,4,10.41,0.347
73,30.0,0,5,9.07,0.302
73,30.0,0,6,6.39,0.213
73,30.0,0,7,4.48,0.149
73,30.0,0,8,3.67,0.122
73,30.0,0,9,3.73,0.124
73,30.0,0,10,3.47,0.116
73,30.0,0,11,4.41,0.147
73,30.0,0,12,6.34,0.211
73,30.0,0,13,5.95,0.198
73,30.0,0,14,6.25,0.208
73,30.0,0,15,6.31,0.21
73,30.0,0,16,4.9,0.163
73,30.0,0,17,7.09,0.236
73,30.0,0,18,8.6,0.287
73,30.0,0,19,8.6,0.287
73,30.0,0,20,9.04,0.301
73,30.0,0,21,9.62,0.321
73,30.0,0,22,10.6,0.353
73,30.0,0,23,8.9,0.297
73,30.0,1,0,8.83,0.294
73,30.0,1,1,8.55,0.285
73,30.0,1,2,8.81,0.294
73,30.0,1,3,8.73,0.291
73,30.0,1,4,8.36,0.279
73,30.0,1,5,6.1,0.203
73,30.0,1,6,2.93,0.098
73,30.0,1,7,0.77,0.026
73,30.0,1,8,0.72,0.024
73,30.0,1,9,1.49,0.05
73,30.0,1,10,1.43,0.048
73,30.0,1,11,1.61,0.054
73,30.0,1,12,3.92,0.131
73,30.0,1,13,4.7,0.157
73,30.0,1,14,4.15,0.138
73,30.0,1,15,3.64,0.121
73,30.0,1,16,4.24,0.141
73,30.0,1,17,6.29,0.21
73,30.0,1,18,6.97,0.232
73,30.0,1,19,6.9,0.23
73,30.0,1,20,7.43,0.248
73,30.0,1,21,8.4,0.28
73,30.0,1,22,9.65,0.322
73,30.0,1,23,9.59,0.32
73,30.0,2,0,10.07,0.336
73,30.0,2,1,10.3,0.343
73,30.0,2,2,10.2,0.34
73,30.0,2,3,9.99,0.333
73,30.0,2,4,9.95,0.332
73,30.0,2,5,7.82,0.261
73,30.0,2,6,3.08,0.103
73,30.0,2,7,1.03,0.034
73,30.0,2,8,0.8,0.027
73,30.0,2,9,1.44,0.048
73,30.0,2,10,1.58,0.053
73,30.0,2,11,3.0,0.1
73,30.0,2,12,4.91,0.164
73,30.0,2,13,5.36,0.179
73,30.0,2,14,5.81,0.194
73,30.0,2,15,6.02,0.201
73,30.0,2,16,5.23,0.174
73,30.0,2,17,6.51,0.217
73,30.0,2,18,7.91,0.264
73,30.0,2,19,8.03,0.268
73,30.0,2,20,9.04,0.301
73,30.0,2,21,10.76,0.359
73,30.0,2,22,10.36,0.345
73,30.0,2,23,9.96,0.332
73,30.0,3,0,10.1,0.337
73,30.0,3,1,9.89,0.33
73,30.0,3,2,9.84,0.328
73,30.0,3,3,9.83,0.328
73,30.0,3,4,9.46,0.315
73,30.0,3,5,8.29,0.276
73,30.0,3,6,4.25,0.142
73,30.0,3,7,1.46,0.049
73,30.0,3,8,0.86,0.029
73,30.0,3,9,1.34,0.045
73,30.0,3,10,1.33,0.044
73,30.0,3,11,5.52,0.184
73,30.0,3,12,8.14,0.271
73,30.0,3,13,7.76,0.259
73,30.0,3,14,7.39,0.246
73,30.0,3,15,6.91,0.23
73,30.0,3,16,6.33,0.211
73,30.0,3,17,7.24,0.241
73,30.0,3,18,7.72,0.257
73,30.0,3,19,8.75,0.292
73,30.0,3,20,9.76,0.325
73,30.0,3,21,10.54,0.351
73,30.0,3,22,10.5,0.35
73,30.0,3,23,10.69,0.356
73,30.0,4,0,10.6,0.353
73,30.0,4,1,10.32,0.344
73,30.0,4,2,10.6,0.353
73,30.0,4,3,10.58,0.353
73,30.0,4,4,10.34,0.345
73,30.0,4,5,8.63,0.288
73,30.0,4,6,5.27,0.176
73,30.0,4,7,1.6,0.053
73,30.0,4,8,0.96,0.032
73,30.0,4,9,1.61,0.054
73,30.0,4,10,1.39,0.046
73,30.0,4,11,1.23,0.041
73,30.0,4,12,1.51,0.05
73,30.0,4,13,1.43,0.048
73,30.0,4,14,4.16,0.139
73,30.0,4,15,6.22,0.207
73,30.0,4,16,7.32,0.244
73,30.0,4,17,9.15,0.305
73,30.0,4,18,11.28,0.376
73,30.0,4,19,10.96,0.365
73,30.0,4,20,11.31,0.377
73,30.0,4,21,10.97,0.366
73,30.0,4,22,11.07,0.369
73,30.0,4,23,10.87,0.362
73,30.0,5,0,11.11,0.37
73,30.0,5,1,11.21,0.374
73,30.0,5,2,11.0,0.367
73,30.0,5,3,11.21,0.374
73,30.0,5,4,10.62,0.354
73,30.0,5,5,11.02,0.367
73,30.0,5,6,10.59,0.353
73,30.0,5,7,9.8,0.327
73,30.0,5,8,8.32,0.277
73,30.0,5,9,9.36,0.312
73,30.0,5,10,9.51,0.317
73,30.0,5,11,9.61,0.32
73,30.0,5,12,8.38,0.279
73,30.0,5,13,7.14,0.238
73,30.0,5,14,7.11,0.237
73,30.0,5,15,8.49,0.283
73,30.0,5,16,7.91,0.264
73,30.0,5,17,8.68,0.289
73,30.0,5,18,9.95,0.332
73,30.0,5,19,10.22,0.341
73,30.0,5,20,11.14,0.371
73,30.0,5,21,11.49,0.383
73,30.0,5,22,12.23,0.408
73,30.0,5,23,12.74,0.425
73,30.0,6,0,13.01,0.434
73,30.0,6,1,12.83,0.428
73,30.0,6,2,13.03,0.434
73,30.0,6,3,13.0,0.433
73,30.0,6,4,13.14,0.438
73,30.0,6,5,13.22,0.441
73,30.0,6,6,12.73,0.424
73,30.0,6,7,11.07,0.369
73,30.0,6,8,9.92,0.331
73,30.0,6,9,8.08,0.269
73,30.0,6,10,7.39,0.246
73,30.0,6,11,5.19,0.173
73,30.0,6,12,4.92,0.164
73,30.0,6,13,5.76,0.192
73,30.0,6,14,6.63,0.221
73,30.0,6,15,7.19,0.24
73,30.0,6,16,7.65,0.255
73,30.0,6,17,8.35,0.278
73,30.0,6,18,8.61,0.287
73,30.0,6,19,8.27,0.276
73,30.0,6,20,9.84,0.328
73,30.0,6,21,10.29,0.343
73,30.0,6,22,10.68,0.356
73,30.0,6,23,10.79,0.36
74,30.0,0,0,13.81,0.46
74,30.0,0,1,14.16,0.472
74,30.0,0,2,14.13,0.471
74,30.0,0,3,13.75,0.458
74,30.0,0,4,13.9,0.463
74,30.0,0,5,13.37,0.446
74,30.0,0,6,10.05,0.335
74,30.0,0,7,6.63,0.221
74,30.0,0,8,4.68,0.156
74,30.0,0,9,4.71,0.157
74,30.0,0,10,4.73,0.158
74,30.0,0,11,4.89,0.163
74,30.0,0,12,5.44,0.181
74,30.0,0,13,4.93,0.164
74,30.0,0,14,4.97,0.166
74,30.0,0,15,6.73,0.224
74,30.0,0,16,6.68,0.223
74,30.0,0,17,10.8,0.36
74,30.0,0,18,10.36,0.345
74,30.0,0,19,11.37,0.379
74,30.0,0,20,11.12,0.371
74,30.0,0,21,11.6,0.387
74,30.0,0,22,11.81,0.394
74,30.0,0,23,12.25,0.408
74,30.0,1,0,12.2,0.407
74,30.0,1,1,12.59,0.42
74,30.0,1,2,11.92,0.397
74,30.0,1,3,12.81,0.427
74,30.0,1,4,12.84,0.428
74,30.0,1,5,11.96,0.399
74,30.0,1,6,7.84,0.261
74,30.0,1,7,5.27,0.176
74,30.0,1,8,3.25,0.108
74,30.0,1,9,4.33,0.144
74,30.0,1,10,6.16,0.205
74,30.0,1,11,5.67,0.189
74,30.0,1,12,6.6,0.22
74,30.0,1,13,7.38,0.246
74,30.0,1,14,7.41,0.247
74,30.0,1,15,8.25,0.275
74,30.0,1,16,8.76,0.292
74,30.0,1,17,11.15,0.372
74,30.0,1,18,11.6,0.387
74,30.0,1,19,11.72,0.391
74,30.0,1,20,12.58,0.419
74,30.0,1,21,13.46,0.449
74,30.0,1,22,14.39,0.48
74,30.0,1,23,14.81,0.494
74,30.0,2,0,15.79,0.526
74,30.0,2,1,16.08,0.536
74,30.0,2,2,16.38,0.546
74,30.0,2,3,15.76,0.525
74,30.0,2,4,15.98,0.533
74,30.0,2,5,15.25,0.508
74,30.0,2,6,11.25,0.375
74,30.0,2,7,7.99,0.266
74,30.0,2,8,6.48,0.216
74,30.0,2,9,5.44,0.181
74,30.0,2,10,6.76,0.225
74,30.0,2,11,6.51,0.217
74,30.0,2,12,7.55,0.252
74,30.0,2,13,7.86,0.262
74,30.0,2,14,7.68,0.256
74,30.0,2,15,8.4,0.28
74,30.0,2,16,9.25,0.308
74,30.0,2,17,11.17,0.372
74,30.0,2,18,11.53,0.384
74,30.0,2,19,13.03,0.434
74,30.0,2,20,13.83,0.461
74,30.0,2,21,14.23,0.474
74,30.0,2,22,15.27,0.509
74,30.0,2,23,15.67,0.522
74,30.0,3,0,15.8,0.527
74,30.0,3,1,15.95,0.532
74,30.0,3,2,16.03,0.534
74,30.0,3,3,16.17,0.539
74,30.0,3,4,16.05,0.535
74,30.0,3,5,14.68,0.489
74,30.0,3,6,11.7,0.39
74,30.0,3,7,7.32,0.244
74,30.0,3,8,5.18,0.173
74,30.0,3,9,5.09,0.17
74,30.0,3,10,5.81,0.194
74,30.0,3,11,5.83,0.194
74,30.0,3,12,8.85,0.295
74,30.0,3,13,9.99,0.333
74,30.0,3,14,9.82,0.327
74,30.0,3,15,12.27,0.409
74,30.0,3,16,13.59,0.453
74,30.0,3,17,13.53,0.451
74,30.0,3,18,12.76,0.425
74,30.0,3,19,14.01,0.467
74,30.0,3,20,14.86,0.495
74,30.0,3,21,16.26,0.542
74,30.0,3,22,16.81,0.56
74,30.0,3,23,17.61,0.587
74,30.0,4,0,17.17,0.572
74,30.0,4,1,17.05,0.568
74,30.0,4,2,17.1,0.57
74,30.0,4,3,17.08,0.569
74,30.0,4,4,17.22,0.574
74,30.0,4,5,15.94,0.531
74,30.0,4,6,13.44,0.448
74,30.0,4,7,10.1,0.337
74,30.0,4,8,8.87,0.296
74,30.0,4,9,8.7,0.29
74,30.0,4,10,7.91,0.264
74,30.0,4,11,8.87,0.296
74,30.0,4,12,10.28,0.343
74,30.0,4,13,11.32,0.377
74,30.0,4,14,12.21,0.407
74,30.0,4,15,13.28,0.443
74,30.0,4,16,15.25,0.508
74,30.0,4,17,15.73,0.524
74,30.0,4,18,15.55,0.518
74,30.0,4,19,15.76,0.525
74,30.0,4,20,16.29,0.543
74,30.0,4,21,17.44,0.581
74,30.0,4,22,17.53,0.584
74,30.0,4,23,18.04,0.601
74,30.0,5,0,18.16,0.605
74,30.0,5,1,18.25,0.608
74,30.0,5,2,18.23,0.608
74,30.0,5,3,18.06,0.602
74,30.0,5,4,17.97,0.599
74,30.0,5,5,17.55,0.585
74,30.0,5,6,16.8,0.56
74,30.0,5,7,16.64,0.555
74,30.0,5,8,15.16,0.505
74,30.0,5,9,14.48,0.483
74,30.0,5,10,14.42,0.481
74,30.0,5,11,14.44,0.481
74,30.0,5,12,16.36,0.545
74,30.0,5,13,17.42,0.581
74,30.0,5,14,17.46,0.582
74,30.0,5,15,16.23,0.541
74,30.0,5,16,15.92,0.531
74,30.0,5,17,15.04,0.501
74,30.0,5,18,15.11,0.504
74,30.0,5,19,15.28,0.509
74,30.0,5,20,16.06,0.535
74,30.0,5,21,15.64,0.521
74,30.0,5,22,14.82,0.494
74,30.0,5,23,15.37,0.512
74,30.0,6,0,15.46,0.515
74,30.0,6,1,15.63,0.521
74,30.0,6,2,15.47,0.516
74,30.0,6,3,15.51,0.517
74,30.0,6,4,15.56,0.519
74,30.0,6,5,15.7,0.523
74,30.0,6,6,16.28,0.543
74,30.0,6,7,14.81,0.494
74,30.0,6,8,14.43,0.481
74,30.0,6,9,13.27,0.442
74,30.0,6,10,12.73,0.424
74,30.0,6,11,11.67,0.389
74,30.0,6,12,11.21,0.374
74,30.0,6,13,11.46,0.382
74,30.0,6,14,12.19,0.406
74,30.0,6,15,12.09,0.403
74,30.0,6,16,11.57,0.386
74,30.0,6,17,11.94,0.398
74,30.0,6,18,12.17,0.406
74,30.0,6,19,12.38,0.413
74,30.0,6,20,12.35,0.412
74,30.0,6,21,12.04,0.401
74,30.0,6,22,13.09,0.436
74,30.0,6,23,12.39,0.413
75,40.0,0,0,14.38,0.36
75,40.0,0,1,14.6,0.365
75,40.0,0,2,14.41,0.36
75,40.0,0,3,14.42,0.36
75,40.0,0,4,14.7,0.368
75,40.0,0,5,13.25,0.331
75,40.0,0,6,12.15,0.304
75,40.0,0,7,7.61,0.19
75,40.0,0,8,4.06,0.102
75,40.0,0,9,4.65,0.116
75,40.0,0,10,6.75,0.169
75,40.0,0,11,8.16,0.204
75,40.0,0,12,10.7,0.267
75,40.0,0,13,11.9,0.298
75,40.0,0,14,14.04,0.351
75,40.0,0,15,15.7,0.392
75,40.0,0,16,15.01,0.375
75,40.0,0,17,15.31,0.383
75,40.0,0,18,16.03,0.401
75,40.0,0,19,15.73,0.393
75,40.0,0,20,16.3,0.408
75,40.0,0,21,17.21,0.43
75,40.0,0,22,17.04,0.426
75,40.0,0,23,17.23,0.431
75,40.0,1,0,17.33,0.433
75,40.0,1,1,16.95,0.424
75,40.0,1,2,17.07,0.427
75,40.0,1,3,17.33,0.433
75,40.0,1,4,16.94,0.424
75,40.0,1,5,16.86,0.422
75,40.0,1,6,17.0,0.425
75,40.0,1,7,10.37,0.259
75,40.0,1,8,3.46,0.086
75,40.0,1,9,4.57,0.114
75,40.0,1,10,7.22,0.18
75,40.0,1,11,9.09,0.227
75,40.0,1,12,11.11,0.278
75,40.0,1,13,13.41,0.335
75,40.0,1,14,15.24,0.381
75,40.0,1,15,13.5,0.338
75,40.0,1,16,12.93,0.323
75,40.0,1,17,14.5,0.362
75,40.0,1,18,17.65,0.441
75,40.0,1,19,18.94,0.474
75,40.0,1,20,19.16,0.479
75,40.0,1,21,19.72,0.493
75,40.0,1,22,20.71,0.518
75,40.0,1,23,20.39,0.51
75,40.0,2,0,21.57,0.539
75,40.0,2,1,21.06,0.526
75,40.0,2,2,21.25,0.531
75,40.0,2,3,21.48,0.537
75,40.0,2,4,21.04,0.526
75,40.0,2,5,20.71,0.518
75,40.0,2,6,22.1,0.552
75,40.0,2,7,14.68,0.367
75,40.0,2,8,7.17,0.179
75,40.0,2,9,6.15,0.154
75,40.0,2,10,5.71,0.143
75,40.0,2,11,5.74,0.144
75,40.0,2,12,5.99,0.15
75,40.0,2,13,10.06,0.252
75,40.0,2,14,13.35,0.334
75,40.0,2,15,13.0,0.325
75,40.0,2,16,14.71,0.368
75,40.0,2,17,15.9,0.398
75,40.0,2,18,17.9,0.447
75,40.0,2,19,18.15,0.454
75,40.0,2,20,17.65,0.441
75,40.0,2,21,18.22,0.455
75,40.0,2,22,18.71,0.468
75,40.0,2,23,19.12,0.478
75,40.0,3,0,19.16,0.479
75,40.0,3,1,19.34,0.484
75,40.0,3,2,19.06,0.476
75,40.0,3,3,19.34,0.484
75,40.0,3,4,19.15,0.479
75,40.0,3,5,20.64,0.516
75,40.0,3,6,21.35,0.534
75,40.0,3,7,16.16,0.404
75,40.0,3,8,9.27,0.232
75,40.0,3,9,10.34,0.258
75,40.0,3,10,12.94,0.324
75,40.0,3,11,13.2,0.33
75,40.0,3,12,12.67,0.317
75,40.0,3,13,12.94,0.324
75,40.0,3,14,14.8,0.37
75,40.0,3,15,13.89,0.347
75,40.0,3,16,14.69,0.367
75,40.0,3,17,17.3,0.432
75,40.0,3,18,18.5,0.462
75,40.0,3,19,19.28,0.482
75,40.0,3,20,20.06,0.501
75,40.0,3,21,21.63,0.541
75,40.0,3,22,21.14,0.528
75,40.0,3,23,22.23,0.556
75,40.0,4,0,22.3,0.558
75,40.0,4,1,22.45,0.561
75,40.0,4,2,22.29,0.557
75,40.0,4,3,22.46,0.562
75,40.0,4,4,22.3,0.558
75,40.0,4,5,22.11,0.553
75,40.0,4,6,22.25,0.556
75,40.0,4,7,20.09,0.502
75,40.0,4,8,18.3,0.458
75,40.0,4,9,18.31,0.458
75,40.0,4,10,18.44,0.461
75,40.0,4,11,17.84,0.446
75,40.0,4,12,17.03,0.426
75,40.0,4,13,18.69,0.467
75,40.0,4,14,17.96,0.449
75,40.0,4,15,17.94,0.448
75,40.0,4,16,17.83,0.446
75,40.0,4,17,18.05,0.451
75,40.0,4,18,18.08,0.452
75,40.0,4,19,17.12,0.428
75,40.0,4,20,16.76,0.419
75,40.0,4,21,16.79,0.42
75,40.0,4,22,15.34,0.384
75,40.0,4,23,16.15,0.404
75,40.0,5,0,16.28,0.407
75,40.0,5,1,16.17,0.404
75,40.0,5,2,16.28,0.407
75,40.0,5,3,16.27,0.407
75,40.0,5,4,15.91,0.398
75,40.0,5,5,15.14,0.378
75,40.0,5,6,15.59,0.39
75,40.0,5,7,15.22,0.38
75,40.0,5,8,15.42,0.386
75,40.0,5,9,17.08,0.427
75,40.0,5,10,17.61,0.44
75,40.0,5,11,17.39,0.435
75,40.0,5,12,17.97,0.449
75,40.0,5,13,18.61,0.465
75,40.0,5,14,18.25,0.456
75,40.0,5,15,16.39,0.41
75,40.0,5,16,16.28,0.407
75,40.0,5,17,14.04,0.351
75,40.0,5,18,12.04,0.301
75,40.0,5,19,11.63,0.291
75,40.0,5,20,11.74,0.294
75,40.0,5,21,11.09,0.277
75,40.0,5,22,11.37,0.284
75,40.0,5,23,12.41,0.31
75,40.0,6,0,12.68,0.317
75,40.0,6,1,13.06,0.326
75,40.0,6,2,12.2,0.305
75,40.0,6,3,12.6,0.315
75,40.0,6,4,12.57,0.314
75,40.0,6,5,12.14,0.304
75,40.0,6,6,12.09,0.302
75,40.0,6,7,11.94,0.298
75,40.0,6,8,10.68,0.267
75,40.0,6,9,10.9,0.272
75,40.0,6,10,10.54,0.263
75,40.0,6,11,9.85,0.246
75,40.0,6,12,10.81,0.27
75,40.0,6,13,11.34,0.284
75,40.0,6,14,11.19,0.28
75,40.0,6,15,10.9,0.272
75,40.0,6,16,12.09,0.302
75,40.0,6,17,11.68,0.292
75,40.0,6,18,11.23,0.281
75,40.0,6,19,11.15,0.279
75,40.0,6,20,10.92,0.273
75,40.0,6,21,12.41,0.31
75,40.0,6,22,13.2,0.33
75,40.0,6,23,13.2,0.33
76,38.0,0,0,6.29,0.166
76,38.0,0,1,6.29,0.166
76,38.0,0,2,6.39,0.168
76,38.0,0,3,6.41,0.169
76,38.0,0,4,5.4,0.142
76,38.0,0,5,2.33,0.061
76,38.0,0,6,0.85,0.022
76,38.0,0,7,0.82,0.022
76,38.0,0,8,0.59,0.016
76,38.0,0,9,1.22,0.032
76,38.0,0,10,1.47,0.039
76,38.0,0,11,3.95,0.104
76,38.0,0,12,6.05,0.159
76,38.0,0,13,6.54,0.172
76,38.0,0,14,5.69,0.15
76,38.0,0,15,5.46,0.144
76,38.0,0,16,6.33,0.167
76,38.0,0,17,6.94,0.183
76,38.0,0,18,8.77,0.231
76,38.0,0,19,9.69,0.255
76,38.0,0,20,10.29,0.271
76,38.0,0,21,10.79,0.284
76,38.0,0,22,12.27,0.323
76,38.0,0,23,12.85,0.338
76,38.0,1,0,13.25,0.349
76,38.0,1,1,12.94,0.341
76,38.0,1,2,12.79,0.337
76,38.0,1,3,12.88,0.339
76,38.0,1,4,12.03,0.317
76,38.0,1,5,6.59,0.173
76,38.0,1,6,2.41,0.063
76,38.0,1,7,1.34,0.035
76,38.0,1,8,0.62,0.016
76,38.0,1,9,0.39,0.01
76,38.0,1,10,0.84,0.022
76,38.0,1,11,0.91,0.024
76,38.0,1,12,5.35,0.141
76,38.0,1,13,6.37,0.168
76,38.0,1,14,9.58,0.252
76,38.0,1,15,10.64,0.28
76,38.0,1,16,10.77,0.283
76,38.0,1,17,12.56,0.331
76,38.0,1,18,15.67,0.412
76,38.0,1,19,16.93,0.446
76,38.0,1,20,17.76,0.467
76,38.0,1,21,19.21,0.506
76,38.0,1,22,21.14,0.556
76,38.0,1,23,21.38,0.563
76,38.0,2,0,22.91,0.603
76,38.0,2,1,22.34,0.588
76,38.0,2,2,22.85,0.601
76,38.0,2,3,22.94,0.604
76,38.0,2,4,21.69,0.571
76,38.0,2,5,16.76,0.441
76,38.0,2,6,11.5,0.303
76,38.0,2,7,7.17,0.189
76,38.0,2,8,2.89,0.076
76,38.0,2,9,2.73,0.072
76,38.0,2,10,3.58,0.094
76,38.0,2,11,4.84,0.127
76,38.0,2,12,7.72,0.203
76,38.0,2,13,8.45,0.222
76,38.0,2,14,11.69,0.308
76,38.0,2,15,13.53,0.356
76,38.0,2,16,13.52,0.356
76,38.0,2,17,14.81,0.39
76,38.0,2,18,16.91,0.445
76,38.0,2,19,19.81,0.521
76,38.0,2,20,21.84,0.575
76,38.0,2,21,23.15,0.609
76,38.0,2,22,25.49,0.671
76,38.0,2,23,25.72,0.677
76,38.0,3,0,26.21,0.69
76,38.0,3,1,25.88,0.681
76,38.0,3,2,26.03,0.685
76,38.0,3,3,25.77,0.678
76,38.0,3,4,25.25,0.664
76,38.0,3,5,19.76,0.52
76,38.0,3,6,13.64,0.359
76,38.0,3,7,6.56,0.173
76,38.0,3,8,2.35,0.062
76,38.0,3,9,2.11,0.056
76,38.0,3,10,2.68,0.071
76,38.0,3,11,2.41,0.063
76,38.0,3,12,3.86,0.102
76,38.0,3,13,6.26,0.165
76,38.0,3,14,10.95,0.288
76,38.0,3,15,11.19,0.294
76,38.0,3,16,12.05,0.317
76,38.0,3,17,14.52,0.382
76,38.0,3,18,16.37,0.431
76,38.0,3,19,17.47,0.46
76,38.0,3,20,19.14,0.504
76,38.0,3,21,20.15,0.53
76,38.0,3,22,22.41,0.59
76,38.0,3,23,21.97,0.578
76,38.0,4,0,22.41,0.59
76,38.0,4,1,22.41,0.59
76,38.0,4,2,22.69,0.597
76,38.0,4,3,22.78,0.599
76,38.0,4,4,22.17,0.583
76,38.0,4,5,17.95,0.472
76,38.0,4,6,13.05,0.343
76,38.0,4,7,9.91,0.261
76,38.0,4,8,6.8,0.179
76,38.0,4,9,6.09,0.16
76,38.0,4,10,6.39,0.168
76,38.0,4,11,7.09,0.187
76,38.0,4,12,6.38,0.168
76,38.0,4,13,6.42,0.169
76,38.0,4,14,9.43,0.248
76,38.0,4,15,8.81,0.232
76,38.0,4,16,8.3,0.218
76,38.0,4,17,9.11,0.24
76,38.0,4,18,8.92,0.235
76,38.0,4,19,8.14,0.214
76,38.0,4,20,9.14,0.241
76,38.0,4,21,10.64,0.28
76,38.0,4,22,12.93,0.34
76,38.0,4,23,13.33,0.351
76,38.0,5,0,13.35,0.351
76,38.0,5,1,13.58,0.357
76,38.0,5,2,13.01,0.342
76,38.0,5,3,13.32,0.351
76,38.0,5,4,12.82,0.337
76,38.0,5,5,10.91,0.287
76,38.0,5,6,8.87,0.233
76,38.0,5,7,9.58,0.252
76,38.0,5,8,11.16,0.294
76,38.0,5,9,10.86,0.286
76,38.0,5,10,11.85,0.312
76,38.0,5,11,10.51,0.277
76,38.0,5,12,8.08,0.213
76,38.0,5,13,9.28,0.244
76,38.0,5,14,8.02,0.211
76,38.0,5,15,6.61,0.174
76,38.0,5,16,7.37,0.194
76,38.0,5,17,6.17,0.162
76,38.0,5,18,6.24,0.164
76,38.0,5,19,5.47,0.144
76,38.0,5,20,4.72,0.124
76,38.0,5,21,5.5,0.145
76,38.0,5,22,8.03,0.211
76,38.0,5,23,8.78,0.231
76,38.0,6,0,8.83,0.232
76,38.0,6,1,8.98,0.236
76,38.0,6,2,8.82,0.232
76,38.0,6,3,8.84,0.233
76,38.0,6,4,8.6,0.226
76,38.0,6,5,6.91,0.182
76,38.0,6,6,5.11,0.134
76,38.0,6,7,5.05,0.133
76,38.0,6,8,5.92,0.156
76,38.0,6,9,6.82,0.179
76,38.0,6,10,5.25,0.138
76,38.0,6,11,4.66,0.123
76,38.0,6,12,5.26,0.138
76,38.0,6,13,4.52,0.119
76,38.0,6,14,3.07,0.081
76,38.0,6,15,1.81,0.048
76,38.0,6,16,2.82,0.074
76,38.0,6,17,2.98,0.078
76,38.0,6,18,2.44,0.064
76,38.0,6,19,2.24,0.059
76,38.0,6,20,2.66,0.07
76,38.0,6,21,3.83,0.101
76,38.0,6,22,5.49,0.144
76,38.0,6,23,6.48,0.171
77,29.0,0,0,23.67,0.816
77,29.0,0,1,23.64,0.815
77,29.0,0,2,23.91,0.824
77,29.0,0,3,24.01,0.828
77,29.0,0,4,23.55,0.812
77,29.0,0,5,19.07,0.658
77,29.0,0,6,14.05,0.484
77,29.0,0,7,11.47,0.396
77,29.0,0,8,13.06,0.45
77,29.0,0,9,11.59,0.4
77,29.0,0,10,11.02,0.38
77,29.0,0,11,10.61,0.366
77,29.0,0,12,11.91,0.411
77,29.0,0,13,12.92,0.446
77,29.0,0,14,12.81,0.442
77,29.0,0,15,11.58,0.399
77,29.0,0,16,11.91,0.411
77,29.0,0,17,13.7,0.472
77,29.0,0,18,15.66,0.54
77,29.0,0,19,16.53,0.57
77,29.0,0,20,17.34,0.598
77,29.0,0,21,17.17,0.592
77,29.0,0,22,18.08,0.623
77,29.0,0,23,17.8,0.614
77,29.0,1,0,17.89,0.617
77,29.0,1,1,17.77,0.613
77,29.0,1,2,17.85,0.616
77,29.0,1,3,17.97,0.62
77,29.0,1,4,18.06,0.623
77,29.0,1,5,17.81,0.614
77,29.0,1,6,12.77,0.44
77,29.0,1,7,9.0,0.31
77,29.0,1,8,10.3,0.355
77,29.0,1,9,9.6,0.331
77,29.0,1,10,8.92,0.308
77,29.0,1,11,9.84,0.339
77,29.0,1,12,12.59,0.434
77,29.0,1,13,12.87,0.444
77,29.0,1,14,12.28,0.423
77,29.0,1,15,11.93,0.411
77,29.0,1,16,9.6,0.331
77,29.0,1,17,9.62,0.332
77,29.0,1,18,10.99,0.379
77,29.0,1,19,12.38,0.427
77,29.0,1,20,12.14,0.419
77,29.0,1,21,11.38,0.392
77,29.0,1,22,12.58,0.434
77,29.0,1,23,12.03,0.415
77,29.0,2,0,12.94,0.446
77,29.0,2,1,12.67,0.437
77,29.0,2,2,12.53,0.432
77,29.0,2,3,12.99,0.448
77,29.0,2,4,12.61,0.435
77,29.0,2,5,11.27,0.389
77,29.0,2,6,9.66,0.333
77,29.0,2,7,7.68,0.265
77,29.0,2,8,10.39,0.358
77,29.0,2,9,9.72,0.335
77,29.0,2,10,10.28,0.354
77,29.0,2,11,9.72,0.335
77,29.0,2,12,12.01,0.414
77,29.0,2,13,12.59,0.434
77,29.0,2,14,13.02,0.449
77,29.0,2,15,11.19,0.386
77,29.0,2,16,10.19,0.351
77,29.0,2,17,10.74,0.37
77,29.0,2,18,12.42,0.428
77,29.0,2,19,12.28,0.423
77,29.0,2,20,12.46,0.43
77,29.0,2,21,12.88,0.444
77,29.0,2,22,13.66,0.471
77,29.0,2,23,13.79,0.476
77,29.0,3,0,13.52,0.466
77,29.0,3,1,13.27,0.458
77,29.0,3,2,13.1,0.452
77,29.0,3,3,13.12,0.452
77,29.0,3,4,13.12,0.452
77,29.0,3,5,10.84,0.374
77,29.0,3,6,8.14,0.281
77,29.0,3,7,7.54,0.26
77,29.0,3,8,10.35,0.357
77,29.0,3,9,9.4,0.324
77,29.0,3,10,9.49,0.327
77,29.0,3,11,10.09,0.348
77,29.0,3,12,11.55,0.398
77,29.0,3,13,12.23,0.422
77,29.0,3,14,14.58,0.503
77,29.0,3,15,15.53,0.536
77,29.0,3,16,16.2,0.559
77,29.0,3,17,17.93,0.618
77,29.0,3,18,18.52,0.639
77,29.0,3,19,18.53,0.639
77,29.0,3,20,18.63,0.642
77,29.0,3,21,19.08,0.658
77,29.0,3,22,19.17,0.661
77,29.0,3,23,20.16,0.695
77,29.0,4,0,19.74,0.681
77,29.0,4,1,20.24,0.698
77,29.0,4,2,20.09,0.693
77,29.0,4,3,20.21,0.697
77,29.0,4,4,19.98,0.689
77,29.0,4,5,16.7,0.576
77,29.0,4,6,15.73,0.542
77,29.0,4,7,13.98,0.482
77,29.0,4,8,15.94,0.55
77,29.0,4,9,13.74,0.474
77,29.0,4,10,11.3,0.39
77,29.0,4,11,11.79,0.407
77,29.0,4,12,13.1,0.452
77,29.0,4,13,14.54,0.501
77,29.0,4,14,15.47,0.533
77,29.0,4,15,14.24,0.491
77,29.0,4,16,16.31,0.562
77,29.0,4,17,18.24,0.629
77,29.0,4,18,17.58,0.606
77,29.0,4,19,17.18,0.592
77,29.0,4,20,17.83,0.615
77,29.0,4,21,17.91,0.618
77,29.0,4,22,17.64,0.608
77,29.0,4,23,18.71,0.645
77,29.0,5,0,18.93,0.653
77,29.0,5,1,18.8,0.648
77,29.0,5,2,19.04,0.657
77,29.0,5,3,18.72,0.646
77,29.0,5,4,19.11,0.659
77,29.0,5,5,20.05,0.691
77,29.0,5,6,20.29,0.7
77,29.0,5,7,20.47,0.706
77,29.0,5,8,22.32,0.77
77,29.0,5,9,22.83,0.787
77,29.0,5,10,20.57,0.709
77,29.0,5,11,20.72,0.714
77,29.0,5,12,21.71,0.749
77,29.0,5,13,23.08,0.796
77,29.0,5,14,25.22,0.87
77,29.0,5,15,24.21,0.835
77,29.0,5,16,24.14,0.832
77,29.0,5,17,24.74,0.853
77,29.0,5,18,25.17,0.868
77,29.0,5,19,25.94,0.894
77,29.0,5,20,26.68,0.92
77,29.0,5,21,26.42,0.911
77,29.0,5,22,26.1,0.9
77,29.0,5,23,26.92,0.928
77,29.0,6,0,26.9,0.928
77,29.0,6,1,26.87,0.927
77,29.0,6,2,27.01,0.931
77,29.0,6,3,26.88,0.927
77,29.0,6,4,26.85,0.926
77,29.0,6,5,26.91,0.928
77,29.0,6,6,26.98,0.93
77,29.0,6,7,27.68,0.954
77,29.0,6,8,27.05,0.933
77,29.0,6,9,23.39,0.807
77,29.0,6,10,22.39,0.772
77,29.0,6,11,20.97,0.723
77,29.0,6,12,21.67,0.747
77,29.0,6,13,21.92,0.756
77,29.0,6,14,22.36,0.771
77,29.0,6,15,21.11,0.728
77,29.0,6,16,21.2,0.731
77,29.0,6,17,22.25,0.767
77,29.0,6,18,21.98,0.758
77,29.0,6,19,22.23,0.767
77,29.0,6,20,22.32,0.77
77,29.0,6,21,22.17,0.764
77,29.0,6,22,22.32,0.77
77,29.0,6,23,22.41,0.773
78,40.0,0,0,4.71,0.118
78,40.0,0,1,4.6,0.115
78,40.0,0,2,4.55,0.114
78,40.0,0,3,4.65,0.116
78,40.0,0,4,4.48,0.112
78,40.0,0,5,3.72,0.093
78,40.0,0,6,3.53,0.088
78,40.0,0,7,2.06,0.052
78,40.0,0,8,1.0,0.025
78,40.0,0,9,0.82,0.02
78,40.0,0,10,1.4,0.035
78,40.0,0,11,2.4,0.06
78,40.0,0,12,2.92,0.073
78,40.0,0,13,2.27,0.057
78,40.0,0,14,2.03,0.051
78,40.0,0,15,2.0,0.05
78,40.0,0,16,3.29,0.082
78,40.0,0,17,5.13,0.128
78,40.0,0,18,5.7,0.143
78,40.0,0,19,6.18,0.154
78,40.0,0,20,6.52,0.163
78,40.0,0,21,6.6,0.165
78,40.0,0,22,7.72,0.193
78,40.0,0,23,8.15,0.204
78,40.0,1,0,8.59,0.215
78,40.0,1,1,8.58,0.214
78,40.0,1,2,8.49,0.212
78,40.0,1,3,8.51,0.213
78,40.0,1,4,8.07,0.202
78,40.0,1,5,7.38,0.184
78,40.0,1,6,7.06,0.176
78,40.0,1,7,4.22,0.106
78,40.0,1,8,1.37,0.034
78,40.0,1,9,1.08,0.027
78,40.0,1,10,0.86,0.022
78,40.0,1,11,1.15,0.029
78,40.0,1,12,2.8,0.07
78,40.0,1,13,3.69,0.092
78,40.0,1,14,3.72,0.093
78,40.0,1,15,3.3,0.082
78,40.0,1,16,3.91,0.098
78,40.0,1,17,5.04,0.126
78,40.0,1,18,5.16,0.129
78,40.0,1,19,5.6,0.14
78,40.0,1,20,6.68,0.167
78,40.0,1,21,7.5,0.188
78,40.0,1,22,8.6,0.215
78,40.0,1,23,9.64,0.241
78,40.0,2,0,8.94,0.223
78,40.0,2,1,9.36,0.234
78,40.0,2,2,9.06,0.226
78,40.0,2,3,9.06,0.226
78,40.0,2,4,8.77,0.219
78,40.0,2,5,7.97,0.199
78,40.0,2,6,8.3,0.208
78,40.0,2,7,5.51,0.138
78,40.0,2,8,2.49,0.062
78,40.0,2,9,2.57,0.064
78,40.0,2,10,3.69,0.092
78,40.0,2,11,3.36,0.084
78,40.0,2,12,3.82,0.096
78,40.0,2,13,4.17,0.104
78,40.0,2,14,4.86,0.122
78,40.0,2,15,3.52,0.088
78,40.0,2,16,3.73,0.093
78,40.0,2,17,5.91,0.148
78,40.0,2,18,6.36,0.159
78,40.0,2,19,6.82,0.17
78,40.0,2,20,7.0,0.175
78,40.0,2,21,7.21,0.18
78,40.0,2,22,8.57,0.214
78,40.0,2,23,9.28,0.232
78,40.0,3,0,9.68,0.242
78,40.0,3,1,9.95,0.249
78,40.0,3,2,9.74,0.244
78,40.0,3,3,9.73,0.243
78,40.0,3,4,9.28,0.232
78,40.0,3,5,8.79,0.22
78,40.0,3,6,9.3,0.232
78,40.0,3,7,6.56,0.164
78,40.0,3,8,4.29,0.107
78,40.0,3,9,3.44,0.086
78,40.0,3,10,2.85,0.071
78,40.0,3,11,4.25,0.106
78,40.0,3,12,4.7,0.118
78,40.0,3,13,4.39,0.11
78,40.0,3,14,4.03,0.101
78,40.0,3,15,4.16,0.104
78,40.0,3,16,5.08,0.127
78,40.0,3,17,7.13,0.178
78,40.0,3,18,8.59,0.215
78,40.0,3,19,8.6,0.215
78,40.0,3,20,8.03,0.201
78,40.0,3,21,8.56,0.214
78,40.0,3,22,9.69,0.242
78,40.0,3,23,10.5,0.262
78,40.0,4,0,10.27,0.257
78,40.0,4,1,11.03,0.276
78,40.0,4,2,10.31,0.258
78,40.0,4,3,10.78,0.269
78,40.0,4,4,10.13,0.253
78,40.0,4,5,9.79,0.245
78,40.0,4,6,10.09,0.252
78,40.0,4,7,9.88,0.247
78,40.0,4,8,9.5,0.238
78,40.0,4,9,9.54,0.238
78,40.0,4,10,8.46,0.212
78,40.0,4,11,7.72,0.193
78,40.0,4,12,7.08,0.177
78,40.0,4,13,7.01,0.175
78,40.0,4,14,6.82,0.17
78,40.0,4,15,5.87,0.147
78,40.0,4,16,6.06,0.152
78,40.0,4,17,7.51,0.188
78,40.0,4,18,7.43,0.186
78,40.0,4,19,7.61,0.19
78,40.0,4,20,7.69,0.192
78,40.0,4,21,8.59,0.215
78,40.0,4,22,9.33,0.233
78,40.0,4,23,10.25,0.256
78,40.0,5,0,10.29,0.257
78,40.0,5,1,10.57,0.264
78,40.0,5,2,10.35,0.259
78,40.0,5,3,10.3,0.258
78,40.0,5,4,10.57,0.264
78,40.0,5,5,10.06,0.252
78,40.0,5,6,9.69,0.242
78,40.0,5,7,8.36,0.209
78,40.0,5,8,7.24,0.181
78,40.0,5,9,6.53,0.163
78,40.0,5,10,7.27,0.182
78,40.0,5,11,6.72,0.168
78,40.0,5,12,6.18,0.154
78,40.0,5,13,6.12,0.153
78,40.0,5,14,5.93,0.148
78,40.0,5,15,6.05,0.151
78,40.0,5,16,5.66,0.142
78,40.0,5,17,6.02,0.15
78,40.0,5,18,6.17,0.154
78,40.0,5,19,6.43,0.161
78,40.0,5,20,6.75,0.169
78,40.0,5,21,6.93,0.173
78,40.0,5,22,6.97,0.174
78,40.0,5,23,8.19,0.205
78,40.0,6,0,8.27,0.207
78,40.0,6,1,8.41,0.21
78,40.0,6,2,8.28,0.207
78,40.0,6,3,8.25,0.206
78,40.0,6,4,8.29,0.207
78,40.0,6,5,8.07,0.202
78,40.0,6,6,7.64,0.191
78,40.0,6,7,6.21,0.155
78,40.0,6,8,6.15,0.154
78,40.0,6,9,5.71,0.143
78,40.0,6,10,4.23,0.106
78,40.0,6,11,3.47,0.087
78,40.0,6,12,3.24,0.081
78,40.0,6,13,2.87,0.072
78,40.0,6,14,2.65,0.066
78,40.0,6,15,2.89,0.072
78,40.0,6,16,2.91,0.073
78,40.0,6,17,2.62,0.066
78,40.0,6,18,2.61,0.065
78,40.0,6,19,2.79,0.07
78,40.0,6,20,2.96,0.074
78,40.0,6,21,3.29,0.082
78,40.0,6,22,3.76,0.094
78,40.0,6,23,4.37,0.109
79,27.0,0,0,1.11,0.041
79,27.0,0,1,1.13,0.042
79,27.0,0,2,1.12,0.041
79,27.0,0,3,1.1,0.041
79,27.0,0,4,1.14,0.042
79,27.0,0,5,1.81,0.067
79,27.0,0,6,3.54,0.131
79,27.0,0,7,6.79,0.251
79,27.0,0,8,3.29,0.122
79,27.0,0,9,2.81,0.104
79,27.0,0,10,3.16,0.117
79,27.0,0,11,3.17,0.117
79,27.0,0,12,2.28,0.084
79,27.0,0,13,1.41,0.052
79,27.0,0,14,0.77,0.029
79,27.0,0,15,0.22,0.008
79,27.0,0,16,0.4,0.015
79,27.0,0,17,0.62,0.023
79,27.0,0,18,0.89,0.033
79,27.0,0,19,0.84,0.031
79,27.0,0,20,0.92,0.034
79,27.0,0,21,0.85,0.031
79,27.0,0,22,0.95,0.035
79,27.0,0,23,0.95,0.035
79,27.0,1,0,0.89,0.033
79,27.0,1,1,0.88,0.033
79,27.0,1,2,0.87,0.032
79,27.0,1,3,0.76,0.028
79,27.0,1,4,1.02,0.038
79,27.0,1,5,3.63,0.134
79,27.0,1,6,5.65,0.209
79,27.0,1,7,8.18,0.303
79,27.0,1,8,5.07,0.188
79,27.0,1,9,4.51,0.167
79,27.0,1,10,3.61,0.134
79,27.0,1,11,3.0,0.111
79,27.0,1,12,3.26,0.121
79,27.0,1,13,2.37,0.088
79,27.0,1,14,1.35,0.05
79,27.0,1,15,0.76,0.028
79,27.0,1,16,0.33,0.012
79,27.0,1,17,0.36,0.013
79,27.0,1,18,0.51,0.019
79,27.0,1,19,0.6,0.022
79,27.0,1,20,0.53,0.02
79,27.0,1,21,0.52,0.019
79,27.0,1,22,0.63,0.023
79,27.0,1,23,0.7,0.026
79,27.0,2,0,0.64,0.024
79,27.0,2,1,0.68,0.025
79,27.0,2,2,0.65,0.024
79,27.0,2,3,0.68,0.025
79,27.0,2,4,0.67,0.025
79,27.0,2,5,1.49,0.055
79,27.0,2,6,5.23,0.194
79,27.0,2,7,9.29,0.344
79,27.0,2,8,7.83,0.29
79,27.0,2,9,6.53,0.242
79,27.0,2,10,5.85,0.217
79,27.0,2,11,5.2,0.193
79,27.0,2,12,4.87,0.18
79,27.0,2,13,4.81,0.178
79,27.0,2,14,5.46,0.202
79,27.0,2,15,2.94,0.109
79,27.0,2,16,1.6,0.059
79,27.0,2,17,1.14,0.042
79,27.0,2,18,0.41,0.015
79,27.0,2,19,0.35,0.013
79,27.0,2,20,0.23,0.009
79,27.0,2,21,0.19,0.007
79,27.0,2,22,0.11,0.004
79,27.0,2,23,0.14,0.005
79,27.0,3,0,0.11,0.004
79,27.0,3,1,0.14,0.005
79,27.0,3,2,0.12,0.004
79,27.0,3,3,0.11,0.004
79,27.0,3,4,0.12,0.004
79,27.0,3,5,0.46,0.017
79,27.0,3,6,4.01,0.149
79,27.0,3,7,9.03,0.334
79,27.0,3,8,9.11,0.337
79,27.0,3,9,8.21,0.304
79,27.0,3,10,8.84,0.327
79,27.0,3,11,9.09,0.337
79,27.0,3,12,9.07,0.336
79,27.0,3,13,7.06,0.261
79,27.0,3,14,6.5,0.241
79,27.0,3,15,4.79,0.177
79,27.0,3,16,3.98,0.147
79,27.0,3,17,3.33,0.123
79,27.0,3,18,2.63,0.097
79,27.0,3,19,2.27,0.084
79,27.0,3,20,2.09,0.077
79,27.0,3,21,1.82,0.067
79,27.0,3,22,2.03,0.075
79,27.0,3,23,2.03,0.075
79,27.0,4,0,2.26,0.084
79,27.0,4,1,2.13,0.079
79,27.0,4,2,2.09,0.077
79,27.0,4,3,2.08,0.077
79,27.0,4,4,2.07,0.077
79,27.0,4,5,2.54,0.094
79,27.0,4,6,6.66,0.247
79,27.0,4,7,11.46,0.424
79,27.0,4,8,12.25,0.454
79,27.0,4,9,11.32,0.419
79,27.0,4,10,11.23,0.416
79,27.0,4,11,9.81,0.363
79,27.0,4,12,9.08,0.336
79,27.0,4,13,7.41,0.274
79,27.0,4,14,5.6,0.207
79,27.0,4,15,3.88,0.144
79,27.0,4,16,3.54,0.131
79,27.0,4,17,3.48,0.129
79,27.0,4,18,3.2,0.119
79,27.0,4,19,2.71,0.1
79,27.0,4,20,2.69,0.1
79,27.0,4,21,2.74,0.101
79,27.0,4,22,2.65,0.098
79,27.0,4,23,2.6,0.096
79,27.0,5,0,2.53,0.094
79,27.0,5,1,2.69,0.1
79,27.0,5,2,2.63,0.097
79,27.0,5,3,2.68,0.099
79,27.0,5,4,2.78,0.103
79,27.0,5,5,2.59,0.096
79,27.0,5,6,3.13,0.116
79,27.0,5,7,2.94,0.109
79,27.0,5,8,2.52,0.093
79,27.0,5,9,2.6,0.096
79,27.0,5,10,2.06,0.076
79,27.0,5,11,1.97,0.073
79,27.0,5,12,1.56,0.058
79,27.0,5,13,1.75,0.065
79,27.0,5,14,1.5,0.056
79,27.0,5,15,1.12,0.041
79,27.0,5,16,0.85,0.031
79,27.0,5,17,0.96,0.036
79,27.0,5,18,0.94,0.035
79,27.0,5,19,0.65,0.024
79,27.0,5,20,0.41,0.015
79,27.0,5,21,0.33,0.012
79,27.0,5,22,0.35,0.013
79,27.0,5,23,0.32,0.012
79,27.0,6,0,0.32,0.012
79,27.0,6,1,0.34,0.013
79,27.0,6,2,0.33,0.012
79,27.0,6,3,0.36,0.013
79,27.0,6,4,0.32,0.012
79,27.0,6,5,0.41,0.015
79,27.0,6,6,0.92,0.034
79,27.0,6,7,1.38,0.051
79,27.0,6,8,0.85,0.031
79,27.0,6,9,0.93,0.034
79,27.0,6,10,0.7,0.026
79,27.0,6,11,0.63,0.023
79,27.0,6,12,0.56,0.021
79,27.0,6,13,1.49,0.055
79,27.0,6,14,1.08,0.04
79,27.0,6,15,1.41,0.052
79,27.0,6,16,1.41,0.052
79,27.0,6,17,1.39,0.051
79,27.0,6,18,1.37,0.051
79,27.0,6,19,1.33,0.049
79,27.0,6,20,1.08,0.04
79,27.0,6,21,1.09,0.04
79,27.0,6,22,0.98,0.036
79,27.0,6,23,1.12,0.041
8,30.0,0,0,6.1,0.203
8,30.0,0,1,6.04,0.201
8,30.0,0,2,5.95,0.198
8,30.0,0,3,5.71,0.19
8,30.0,0,4,6.56,0.219
8,30.0,0,5,7.22,0.241
8,30.0,0,6,8.74,0.291
8,30.0,0,7,8.97,0.299
8,30.0,0,8,8.9,0.297
8,30.0,0,9,7.86,0.262
8,30.0,0,10,8.58,0.286
8,30.0,0,11,8.54,0.285
8,30.0,0,12,8.06,0.269
8,30.0,0,13,9.48,0.316
8,30.0,0,14,10.25,0.342
8,30.0,0,15,13.62,0.454
8,30.0,0,16,19.1,0.637
8,30.0,0,17,19.58,0.653
8,30.0,0,18,18.95,0.632
8,30.0,0,19,16.26,0.542
8,30.0,0,20,14.95,0.498
8,30.0,0,21,15.37,0.512
8,30.0,0,22,15.81,0.527
8,30.0,0,23,15.76,0.525
8,30.0,1,0,15.99,0.533
8,30.0,1,1,15.54,0.518
8,30.0,1,2,15.91,0.53
8,30.0,1,3,15.97,0.532
8,30.0,1,4,15.58,0.519
8,30.0,1,5,16.3,0.543
8,30.0,1,6,14.41,0.48
8,30.0,1,7,9.64,0.321
8,30.0,1,8,6.62,0.221
8,30.0,1,9,5.61,0.187
8,30.0,1,10,5.55,0.185
8,30.0,1,11,5.79,0.193
8,30.0,1,12,8.01,0.267
8,30.0,1,13,7.27,0.242
8,30.0,1,14,11.0,0.367
8,30.0,1,15,18.94,0.631
8,30.0,1,16,27.49,0.916
8,30.0,1,17,25.78,0.859
8,30.0,1,18,23.28,0.776
8,30.0,1,19,22.5,0.75
8,30.0,1,20,21.08,0.703
8,30.0,1,21,20.38,0.679
8,30.0,1,22,19.8,0.66
8,30.0,1,23,20.07,0.669
8,30.0,2,0,19.87,0.662
8,30.0,2,1,20.19,0.673
8,30.0,2,2,20.05,0.668
8,30.0,2,3,20.17,0.672
8,30.0,2,4,18.45,0.615
8,30.0,2,5,16.61,0.554
8,30.0,2,6,16.14,0.538
8,30.0,2,7,8.94,0.298
8,30.0,2,8,6.11,0.204
8,30.0,2,9,4.39,0.146
8,30.0,2,10,4.96,0.165
8,30.0,2,11,6.07,0.202
8,30.0,2,12,7.29,0.243
8,30.0,2,13,8.76,0.292
8,30.0,2,14,13.03,0.434
8,30.0,2,15,21.26,0.709
8,30.0,2,16,27.31,0.91
8,30.0,2,17,24.96,0.832
8,30.0,2,18,21.59,0.72
8,30.0,2,19,19.98,0.666
8,30.0,2,20,18.26,0.609
8,30.0,2,21,18.38,0.613
8,30.0,2,22,19.86,0.662
8,30.0,2,23,19.38,0.646
8,30.0,3,0,19.53,0.651
8,30.0,3,1,19.58,0.653
8,30.0,3,2,19.78,0.659
8,30.0,3,3,19.62,0.654
8,30.0,3,4,19.79,0.66
8,30.0,3,5,20.33,0.678
8,30.0,3,6,16.27,0.542
8,30.0,3,7,9.24,0.308
8,30.0,3,8,5.14,0.171
8,30.0,3,9,2.46,0.082
8,30.0,3,10,2.69,0.09
8,30.0,3,11,3.73,0.124
8,30.0,3,12,6.64,0.221
8,30.0,3,13,7.28,0.243
8,30.0,3,14,9.75,0.325
8,30.0,3,15,18.1,0.603
8,30.0,3,16,22.99,0.766
8,30.0,3,17,20.6,0.687
8,30.0,3,18,19.88,0.663
8,30.0,3,19,18.09,0.603
8,30.0,3,20,16.8,0.56
8,30.0,3,21,16.49,0.55
8,30.0,3,22,15.97,0.532
8,30.0,3,23,16.0,0.533
8,30.0,4,0,15.67,0.522
8,30.0,4,1,15.9,0.53
8,30.0,4,2,16.07,0.536
8,30.0,4,3,16.2,0.54
8,30.0,4,4,15.9,0.53
8,30.0,4,5,16.46,0.549
8,30.0,4,6,15.86,0.529
8,30.0,4,7,12.59,0.42
8,30.0,4,8,10.92,0.364
8,30.0,4,9,11.18,0.373
8,30.0,4,10,10.05,0.335
8,30.0,4,11,10.95,0.365
8,30.0,4,12,12.38,0.413
8,30.0,4,13,13.92,0.464
8,30.0,4,14,14.55,0.485
8,30.0,4,15,18.07,0.602
8,30.0,4,16,19.67,0.656
8,30.0,4,17,19.08,0.636
8,30.0,4,18,19.13,0.638
8,30.0,4,19,18.4,0.613
8,30.0,4,20,17.23,0.574
8,30.0,4,21,16.55,0.552
8,30.0,4,22,17.07,0.569
8,30.0,4,23,17.34,0.578
8,30.0,5,0,18.13,0.604
8,30.0,5,1,17.87,0.596
8,30.0,5,2,17.85,0.595
8,30.0,5,3,17.97,0.599
8,30.0,5,4,17.55,0.585
8,30.0,5,5,17.22,0.574
8,30.0,5,6,16.86,0.562
8,30.0,5,7,16.68,0.556
8,30.0,5,8,16.91,0.564
8,30.0,5,9,17.05,0.568
8,30.0,5,10,16.95,0.565
8,30.0,5,11,17.62,0.587
8,30.0,5,12,16.2,0.54
8,30.0,5,13,15.84,0.528
8,30.0,5,14,15.4,0.513
8,30.0,5,15,14.13,0.471
8,30.0,5,16,13.35,0.445
8,30.0,5,17,12.87,0.429
8,30.0,5,18,12.49,0.416
8,30.0,5,19,13.1,0.437
8,30.0,5,20,13.21,0.44
8,30.0,5,21,12.77,0.426
8,30.0,5,22,11.69,0.39
8,30.0,5,23,11.48,0.383
8,30.0,6,0,11.32,0.377
8,30.0,6,1,11.54,0.385
8,30.0,6,2,11.6,0.387
8,30.0,6,3,11.51,0.384
8,30.0,6,4,12.15,0.405
8,30.0,6,5,12.19,0.406
8,30.0,6,6,10.29,0.343
8,30.0,6,7,10.82,0.361
8,30.0,6,8,11.56,0.385
8,30.0,6,9,13.73,0.458
8,30.0,6,10,14.92,0.497
8,30.0,6,11,14.39,0.48
8,30.0,6,12,14.24,0.475
8,30.0,6,13,12.76,0.425
8,30.0,6,14,10.91,0.364
8,30.0,6,15,10.21,0.34
8,30.0,6,16,9.37,0.312
8,30.0,6,17,9.06,0.302
8,30.0,6,18,8.59,0.286
8,30.0,6,19,8.22,0.274
8,30.0,6,20,7.95,0.265
8,30.0,6,21,6.5,0.217
8,30.0,6,22,5.66,0.189
8,30.0,6,23,5.75,0.192
80,40.0,0,0,13.43,0.336
80,40.0,0,1,13.44,0.336
80,40.0,0,2,13.5,0.338
80,40.0,0,3,13.5,0.338
80,40.0,0,4,13.52,0.338
80,40.0,0,5,13.34,0.334
80,40.0,0,6,14.58,0.364
80,40.0,0,7,12.72,0.318
80,40.0,0,8,10.43,0.261
80,40.0,0,9,11.65,0.291
80,40.0,0,10,13.96,0.349
80,40.0,0,11,13.3,0.332
80,40.0,0,12,12.93,0.323
80,40.0,0,13,14.85,0.371
80,40.0,0,14,16.12,0.403
80,40.0,0,15,12.95,0.324
80,40.0,0,16,10.76,0.269
80,40.0,0,17,8.62,0.215
80,40.0,0,18,9.13,0.228
80,40.0,0,19,9.2,0.23
80,40.0,0,20,8.81,0.22
80,40.0,0,21,9.17,0.229
80,40.0,0,22,8.9,0.222
80,40.0,0,23,8.78,0.219
80,40.0,1,0,8.81,0.22
80,40.0,1,1,8.85,0.221
80,40.0,1,2,8.82,0.22
80,40.0,1,3,8.7,0.217
80,40.0,1,4,8.78,0.219
80,40.0,1,5,9.81,0.245
80,40.0,1,6,13.1,0.328
80,40.0,1,7,11.39,0.285
80,40.0,1,8,6.19,0.155
80,40.0,1,9,5.61,0.14
80,40.0,1,10,10.73,0.268
80,40.0,1,11,10.81,0.27
80,40.0,1,12,10.61,0.265
80,40.0,1,13,10.5,0.262
80,40.0,1,14,10.86,0.271
80,40.0,1,15,8.36,0.209
80,40.0,1,16,9.09,0.227
80,40.0,1,17,10.77,0.269
80,40.0,1,18,9.53,0.238
80,40.0,1,19,8.61,0.215
80,40.0,1,20,8.79,0.22
80,40.0,1,21,8.78,0.219
80,40.0,1,22,9.36,0.234
80,40.0,1,23,9.37,0.234
80,40.0,2,0,10.51,0.263
80,40.0,2,1,10.85,0.271
80,40.0,2,2,10.84,0.271
80,40.0,2,3,10.5,0.262
80,40.0,2,4,10.74,0.268
80,40.0,2,5,15.01,0.375
80,40.0,2,6,19.49,0.487
80,40.0,2,7,18.27,0.457
80,40.0,2,8,15.9,0.398
80,40.0,2,9,16.33,0.408
80,40.0,2,10,16.51,0.413
80,40.0,2,11,16.2,0.405
80,40.0,2,12,16.58,0.414
80,40.0,2,13,16.41,0.41
80,40.0,2,14,15.51,0.388
80,40.0,2,15,10.72,0.268
80,40.0,2,16,9.35,0.234
80,40.0,2,17,8.63,0.216
80,40.0,2,18,11.1,0.277
80,40.0,2,19,10.39,0.26
80,40.0,2,20,9.78,0.244
80,40.0,2,21,10.53,0.263
80,40.0,2,22,10.85,0.271
80,40.0,2,23,11.05,0.276
80,40.0,3,0,11.32,0.283
80,40.0,3,1,10.81,0.27
80,40.0,3,2,10.68,0.267
80,40.0,3,3,10.75,0.269
80,40.0,3,4,10.76,0.269
80,40.0,3,5,11.47,0.287
80,40.0,3,6,14.26,0.356
80,40.0,3,7,13.26,0.332
80,40.0,3,8,12.89,0.322
80,40.0,3,9,13.5,0.338
80,40.0,3,10,14.0,0.35
80,40.0,3,11,16.04,0.401
80,40.0,3,12,18.16,0.454
80,40.0,3,13,18.45,0.461
80,40.0,3,14,18.21,0.455
80,40.0,3,15,16.61,0.415
80,40.0,3,16,14.37,0.359
80,40.0,3,17,13.97,0.349
80,40.0,3,18,15.98,0.4
80,40.0,3,19,15.37,0.384
80,40.0,3,20,14.91,0.373
80,40.0,3,21,15.13,0.378
80,40.0,3,22,15.67,0.392
80,40.0,3,23,15.62,0.39
80,40.0,4,0,15.75,0.394
80,40.0,4,1,16.4,0.41
80,40.0,4,2,15.7,0.392
80,40.0,4,3,15.88,0.397
80,40.0,4,4,15.66,0.392
80,40.0,4,5,15.38,0.384
80,40.0,4,6,16.56,0.414
80,40.0,4,7,16.29,0.407
80,40.0,4,8,15.97,0.399
80,40.0,4,9,17.72,0.443
80,40.0,4,10,15.7,0.392
80,40.0,4,11,16.26,0.406
80,40.0,4,12,17.62,0.44
80,40.0,4,13,17.19,0.43
80,40.0,4,14,16.86,0.422
80,40.0,4,15,16.92,0.423
80,40.0,4,16,15.67,0.392
80,40.0,4,17,13.23,0.331
80,40.0,4,18,11.83,0.296
80,40.0,4,19,11.96,0.299
80,40.0,4,20,12.46,0.312
80,40.0,4,21,12.38,0.31
80,40.0,4,22,12.9,0.322
80,40.0,4,23,12.91,0.323
80,40.0,5,0,12.63,0.316
80,40.0,5,1,13.12,0.328
80,40.0,5,2,13.0,0.325
80,40.0,5,3,12.76,0.319
80,40.0,5,4,12.67,0.317
80,40.0,5,5,12.96,0.324
80,40.0,5,6,13.12,0.328
80,40.0,5,7,13.21,0.33
80,40.0,5,8,12.96,0.324
80,40.0,5,9,12.87,0.322
80,40.0,5,10,13.83,0.346
80,40.0,5,11,13.36,0.334
80,40.0,5,12,15.96,0.399
80,40.0,5,13,15.81,0.395
80,40.0,5,14,15.39,0.385
80,40.0,5,15,14.61,0.365
80,40.0,5,16,14.8,0.37
80,40.0,5,17,13.38,0.334
80,40.0,5,18,13.35,0.334
80,40.0,5,19,13.7,0.342
80,40.0,5,20,12.94,0.324
80,40.0,5,21,13.3,0.332
80,40.0,5,22,13.55,0.339
80,40.0,5,23,13.02,0.326
80,40.0,6,0,13.2,0.33
80,40.0,6,1,12.96,0.324
80,40.0,6,2,12.61,0.315
80,40.0,6,3,12.82,0.32
80,40.0,6,4,12.86,0.322
80,40.0,6,5,12.9,0.322
80,40.0,6,6,12.92,0.323
80,40.0,6,7,12.58,0.314
80,40.0,6,8,12.24,0.306
80,40.0,6,9,12.93,0.323
80,40.0,6,10,12.13,0.303
80,40.0,6,11,11.43,0.286
80,40.0,6,12,12.29,0.307
80,40.0,6,13,13.18,0.33
80,40.0,6,14,12.92,0.323
80,40.0,6,15,12.37,0.309
80,40.0,6,16,12.55,0.314
80,40.0,6,17,12.27,0.307
80,40.0,6,18,12.58,0.314
80,40.0,6,19,12.49,0.312
80,40.0,6,20,12.06,0.302
80,40.0,6,21,12.01,0.3
80,40.0,6,22,12.28,0.307
80,40.0,6,23,12.25,0.306
82,22.0,0,0,7.12,0.324
82,22.0,0,1,7.55,0.343
82,22.0,0,2,7.2,0.327
82,22.0,0,3,7.05,0.32
82,22.0,0,4,7.19,0.327
82,22.0,0,5,6.89,0.313
82,22.0,0,6,5.96,0.271
82,22.0,0,7,4.3,0.195
82,22.0,0,8,3.3,0.15
82,22.0,0,9,3.7,0.168
82,22.0,0,10,3.61,0.164
82,22.0,0,11,3.15,0.143
82,22.0,0,12,2.73,0.124
82,22.0,0,13,3.91,0.178
82,22.0,0,14,3.77,0.171
82,22.0,0,15,4.55,0.207
82,22.0,0,16,6.25,0.284
82,22.0,0,17,7.41,0.337
82,22.0,0,18,7.98,0.363
82,22.0,0,19,8.92,0.405
82,22.0,0,20,9.79,0.445
82,22.0,0,21,11.27,0.512
82,22.0,0,22,11.13,0.506
82,22.0,0,23,11.64,0.529
82,22.0,1,0,11.79,0.536
82,22.0,1,1,11.66,0.53
82,22.0,1,2,11.89,0.54
82,22.0,1,3,11.89,0.54
82,22.0,1,4,11.99,0.545
82,22.0,1,5,11.15,0.507
82,22.0,1,6,8.97,0.408
82,22.0,1,7,5.3,0.241
82,22.0,1,8,2.88,0.131
82,22.0,1,9,2.52,0.115
82,22.0,1,10,2.29,0.104
82,22.0,1,11,3.55,0.161
82,22.0,1,12,4.03,0.183
82,22.0,1,13,5.03,0.229
82,22.0,1,14,5.06,0.23
82,22.0,1,15,6.52,0.296
82,22.0,1,16,8.08,0.367
82,22.0,1,17,8.25,0.375
82,22.0,1,18,8.79,0.4
82,22.0,1,19,10.38,0.472
82,22.0,1,20,11.89,0.54
82,22.0,1,21,11.99,0.545
82,22.0,1,22,12.9,0.586
82,22.0,1,23,13.71,0.623
82,22.0,2,0,13.06,0.594
82,22.0,2,1,13.08,0.595
82,22.0,2,2,12.89,0.586
82,22.0,2,3,12.89,0.586
82,22.0,2,4,12.85,0.584
82,22.0,2,5,12.02,0.546
82,22.0,2,6,10.68,0.485
82,22.0,2,7,7.49,0.34
82,22.0,2,8,5.29,0.24
82,22.0,2,9,4.9,0.223
82,22.0,2,10,4.77,0.217
82,22.0,2,11,4.59,0.209
82,22.0,2,12,4.41,0.2
82,22.0,2,13,6.0,0.273
82,22.0,2,14,7.17,0.326
82,22.0,2,15,6.96,0.316
82,22.0,2,16,7.27,0.33
82,22.0,2,17,8.75,0.398
82,22.0,2,18,10.29,0.468
82,22.0,2,19,11.36,0.516
82,22.0,2,20,11.79,0.536
82,22.0,2,21,12.66,0.575
82,22.0,2,22,13.31,0.605
82,22.0,2,23,13.9,0.632
82,22.0,3,0,13.94,0.634
82,22.0,3,1,14.11,0.641
82,22.0,3,2,13.91,0.632
82,22.0,3,3,13.99,0.636
82,22.0,3,4,13.71,0.623
82,22.0,3,5,13.45,0.611
82,22.0,3,6,13.09,0.595
82,22.0,3,7,9.52,0.433
82,22.0,3,8,6.11,0.278
82,22.0,3,9,5.06,0.23
82,22.0,3,10,4.72,0.215
82,22.0,3,11,5.38,0.245
82,22.0,3,12,5.11,0.232
82,22.0,3,13,5.15,0.234
82,22.0,3,14,5.94,0.27
82,22.0,3,15,6.5,0.295
82,22.0,3,16,7.34,0.334
82,22.0,3,17,8.24,0.375
82,22.0,3,18,7.8,0.355
82,22.0,3,19,8.4,0.382
82,22.0,3,20,9.36,0.425
82,22.0,3,21,10.98,0.499
82,22.0,3,22,11.16,0.507
82,22.0,3,23,11.97,0.544
82,22.0,4,0,12.22,0.555
82,22.0,4,1,11.93,0.542
82,22.0,4,2,12.12,0.551
82,22.0,4,3,11.99,0.545
82,22.0,4,4,12.05,0.548
82,22.0,4,5,11.8,0.536
82,22.0,4,6,11.45,0.52
82,22.0,4,7,8.29,0.377
82,22.0,4,8,6.21,0.282
82,22.0,4,9,6.65,0.302
82,22.0,4,10,6.51,0.296
82,22.0,4,11,5.74,0.261
82,22.0,4,12,5.74,0.261
82,22.0,4,13,6.14,0.279
82,22.0,4,14,7.04,0.32
82,22.0,4,15,7.26,0.33
82,22.0,4,16,7.75,0.352
82,22.0,4,17,8.24,0.375
82,22.0,4,18,7.94,0.361
82,22.0,4,19,8.39,0.381
82,22.0,4,20,8.5,0.386
82,22.0,4,21,8.92,0.405
82,22.0,4,22,9.72,0.442
82,22.0,4,23,9.99,0.454
82,22.0,5,0,10.08,0.458
82,22.0,5,1,10.24,0.465
82,22.0,5,2,10.07,0.458
82,22.0,5,3,10.25,0.466
82,22.0,5,4,10.36,0.471
82,22.0,5,5,10.15,0.461
82,22.0,5,6,9.93,0.451
82,22.0,5,7,9.38,0.426
82,22.0,5,8,8.66,0.394
82,22.0,5,9,7.71,0.35
82,22.0,5,10,6.99,0.318
82,22.0,5,11,7.65,0.348
82,22.0,5,12,8.28,0.376
82,22.0,5,13,8.35,0.38
82,22.0,5,14,8.05,0.366
82,22.0,5,15,8.46,0.385
82,22.0,5,16,9.06,0.412
82,22.0,5,17,8.69,0.395
82,22.0,5,18,8.5,0.386
82,22.0,5,19,8.0,0.364
82,22.0,5,20,7.97,0.362
82,22.0,5,21,8.35,0.38
82,22.0,5,22,8.67,0.394
82,22.0,5,23,9.18,0.417
82,22.0,6,0,9.42,0.428
82,22.0,6,1,9.52,0.433
82,22.0,6,2,9.53,0.433
82,22.0,6,3,9.22,0.419
82,22.0,6,4,9.33,0.424
82,22.0,6,5,9.19,0.418
82,22.0,6,6,8.89,0.404
82,22.0,6,7,9.35,0.425
82,22.0,6,8,9.06,0.412
82,22.0,6,9,8.15,0.37
82,22.0,6,10,7.46,0.339
82,22.0,6,11,6.88,0.313
82,22.0,6,12,6.73,0.306
82,22.0,6,13,6.54,0.297
82,22.0,6,14,6.96,0.316
82,22.0,6,15,6.85,0.311
82,22.0,6,16,6.05,0.275
82,22.0,6,17,5.5,0.25
82,22.0,6,18,5.36,0.244
82,22.0,6,19,5.34,0.243
82,22.0,6,20,5.66,0.257
82,22.0,6,21,6.06,0.275
82,22.0,6,22,6.65,0.302
82,22.0,6,23,7.17,0.326
83,40.0,0,0,19.08,0.477
83,40.0,0,1,19.0,0.475
83,40.0,0,2,19.34,0.484
83,40.0,0,3,18.95,0.474
83,40.0,0,4,18.27,0.457
83,40.0,0,5,17.66,0.442
83,40.0,0,6,16.85,0.421
83,40.0,0,7,12.78,0.32
83,40.0,0,8,9.76,0.244
83,40.0,0,9,8.83,0.221
83,40.0,0,10,8.31,0.208
83,40.0,0,11,8.41,0.21
83,40.0,0,12,10.37,0.259
83,40.0,0,13,10.92,0.273
83,40.0,0,14,11.16,0.279
83,40.0,0,15,10.82,0.27
83,40.0,0,16,12.28,0.307
83,40.0,0,17,14.41,0.36
83,40.0,0,18,16.62,0.416
83,40.0,0,19,18.32,0.458
83,40.0,0,20,18.2,0.455
83,40.0,0,21,20.38,0.509
83,40.0,0,22,21.06,0.526
83,40.0,0,23,20.83,0.521
83,40.0,1,0,21.38,0.534
83,40.0,1,1,22.19,0.555
83,40.0,1,2,21.8,0.545
83,40.0,1,3,21.81,0.545
83,40.0,1,4,21.52,0.538
83,40.0,1,5,19.18,0.48
83,40.0,1,6,18.33,0.458
83,40.0,1,7,11.77,0.294
83,40.0,1,8,8.51,0.213
83,40.0,1,9,7.86,0.196
83,40.0,1,10,6.88,0.172
83,40.0,1,11,8.8,0.22
83,40.0,1,12,13.11,0.328
83,40.0,1,13,12.97,0.324
83,40.0,1,14,14.29,0.357
83,40.0,1,15,15.56,0.389
83,40.0,1,16,18.24,0.456
83,40.0,1,17,24.44,0.611
83,40.0,1,18,26.15,0.654
83,40.0,1,19,27.97,0.699
83,40.0,1,20,29.86,0.746
83,40.0,1,21,30.57,0.764
83,40.0,1,22,30.91,0.773
83,40.0,1,23,31.35,0.784
83,40.0,2,0,31.41,0.785
83,40.0,2,1,31.09,0.777
83,40.0,2,2,31.16,0.779
83,40.0,2,3,31.28,0.782
83,40.0,2,4,31.13,0.778
83,40.0,2,5,29.54,0.738
83,40.0,2,6,28.15,0.704
83,40.0,2,7,20.04,0.501
83,40.0,2,8,14.43,0.361
83,40.0,2,9,12.73,0.318
83,40.0,2,10,11.89,0.297
83,40.0,2,11,11.92,0.298
83,40.0,2,12,12.72,0.318
83,40.0,2,13,13.04,0.326
83,40.0,2,14,15.28,0.382
83,40.0,2,15,16.9,0.422
83,40.0,2,16,18.75,0.469
83,40.0,2,17,22.86,0.572
83,40.0,2,18,26.51,0.663
83,40.0,2,19,28.34,0.708
83,40.0,2,20,29.3,0.732
83,40.0,2,21,29.74,0.743
83,40.0,2,22,30.07,0.752
83,40.0,2,23,30.19,0.755
83,40.0,3,0,30.01,0.75
83,40.0,3,1,30.1,0.753
83,40.0,3,2,30.45,0.761
83,40.0,3,3,30.49,0.762
83,40.0,3,4,30.05,0.751
83,40.0,3,5,28.58,0.714
83,40.0,3,6,27.1,0.678
83,40.0,3,7,20.02,0.5
83,40.0,3,8,15.53,0.388
83,40.0,3,9,14.49,0.362
83,40.0,3,10,14.4,0.36
83,40.0,3,11,14.51,0.363
83,40.0,3,12,15.24,0.381
83,40.0,3,13,16.68,0.417
83,40.0,3,14,18.88,0.472
83,40.0,3,15,18.74,0.468
83,40.0,3,16,19.01,0.475
83,40.0,3,17,22.7,0.568
83,40.0,3,18,25.33,0.633
83,40.0,3,19,26.29,0.657
83,40.0,3,20,27.4,0.685
83,40.0,3,21,28.26,0.706
83,40.0,3,22,28.98,0.724
83,40.0,3,23,28.67,0.717
83,40.0,4,0,28.71,0.718
83,40.0,4,1,28.9,0.722
83,40.0,4,2,29.04,0.726
83,40.0,4,3,28.98,0.724
83,40.0,4,4,28.37,0.709
83,40.0,4,5,26.96,0.674
83,40.0,4,6,26.32,0.658
83,40.0,4,7,23.14,0.578
83,40.0,4,8,21.07,0.527
83,40.0,4,9,19.32,0.483
83,40.0,4,10,17.94,0.448
83,40.0,4,11,18.19,0.455
83,40.0,4,12,18.24,0.456
83,40.0,4,13,17.74,0.443
83,40.0,4,14,17.62,0.44
83,40.0,4,15,18.65,0.466
83,40.0,4,16,18.96,0.474
83,40.0,4,17,20.79,0.52
83,40.0,4,18,23.9,0.597
83,40.0,4,19,23.84,0.596
83,40.0,4,20,24.45,0.611
83,40.0,4,21,23.73,0.593
83,40.0,4,22,23.61,0.59
83,40.0,4,23,24.03,0.601
83,40.0,5,0,23.53,0.588
83,40.0,5,1,23.69,0.592
83,40.0,5,2,23.9,0.597
83,40.0,5,3,23.77,0.594
83,40.0,5,4,23.9,0.597
83,40.0,5,5,23.49,0.587
83,40.0,5,6,22.85,0.571
83,40.0,5,7,22.37,0.559
83,40.0,5,8,21.41,0.535
83,40.0,5,9,19.83,0.496
83,40.0,5,10,18.14,0.454
83,40.0,5,11,18.06,0.451
83,40.0,5,12,17.41,0.435
83,40.0,5,13,18.0,0.45
83,40.0,5,14,19.08,0.477
83,40.0,5,15,18.69,0.467
83,40.0,5,16,18.25,0.456
83,40.0,5,17,17.84,0.446
83,40.0,5,18,18.34,0.458
83,40.0,5,19,18.2,0.455
83,40.0,5,20,18.25,0.456
83,40.0,5,21,19.19,0.48
83,40.0,5,22,19.69,0.492
83,40.0,5,23,20.37,0.509
83,40.0,6,0,20.83,0.521
83,40.0,6,1,20.62,0.516
83,40.0,6,2,21.18,0.53
83,40.0,6,3,20.72,0.518
83,40.0,6,4,20.18,0.504
83,40.0,6,5,20.67,0.517
83,40.0,6,6,19.78,0.495
83,40.0,6,7,18.98,0.475
83,40.0,6,8,18.64,0.466
83,40.0,6,9,17.95,0.449
83,40.0,6,10,16.5,0.412
83,40.0,6,11,15.04,0.376
83,40.0,6,12,14.27,0.357
83,40.0,6,13,14.91,0.373
83,40.0,6,14,14.28,0.357
83,40.0,6,15,13.78,0.344
83,40.0,6,16,13.91,0.348
83,40.0,6,17,13.48,0.337
83,40.0,6,18,14.4,0.36
83,40.0,6,19,15.15,0.379
83,40.0,6,20,15.57,0.389
83,40.0,6,21,16.61,0.415
83,40.0,6,22,17.82,0.446
83,40.0,6,23,17.72,0.443
84,30.0,0,0,14.06,0.469
84,30.0,0,1,14.4,0.48
84,30.0,0,2,14.19,0.473
84,30.0,0,3,14.15,0.472
84,30.0,0,4,14.17,0.472
84,30.0,0,5,13.88,0.463
84,30.0,0,6,12.93,0.431
84,30.0,0,7,9.86,0.329
84,30.0,0,8,7.97,0.266
84,30.0,0,9,6.72,0.224
84,30.0,0,10,6.26,0.209
84,30.0,0,11,6.53,0.218
84,30.0,0,12,9.14,0.305
84,30.0,0,13,9.42,0.314
84,30.0,0,14,8.34,0.278
84,30.0,0,15,8.97,0.299
84,30.0,0,16,11.01,0.367
84,30.0,0,17,13.91,0.464
84,30.0,0,18,14.97,0.499
84,30.0,0,19,15.83,0.528
84,30.0,0,20,16.03,0.534
84,30.0,0,21,16.83,0.561
84,30.0,0,22,17.0,0.567
84,30.0,0,23,17.0,0.567
84,30.0,1,0,16.96,0.565
84,30.0,1,1,17.08,0.569
84,30.0,1,2,17.18,0.573
84,30.0,1,3,16.93,0.564
84,30.0,1,4,17.13,0.571
84,30.0,1,5,17.1,0.57
84,30.0,1,6,16.28,0.543
84,30.0,1,7,11.92,0.397
84,30.0,1,8,9.81,0.327
84,30.0,1,9,8.7,0.29
84,30.0,1,10,8.92,0.297
84,30.0,1,11,9.53,0.318
84,30.0,1,12,10.13,0.338
84,30.0,1,13,10.06,0.335
84,30.0,1,14,9.41,0.314
84,30.0,1,15,10.87,0.362
84,30.0,1,16,13.05,0.435
84,30.0,1,17,15.65,0.522
84,30.0,1,18,16.13,0.538
84,30.0,1,19,16.45,0.548
84,30.0,1,20,16.98,0.566
84,30.0,1,21,17.55,0.585
84,30.0,1,22,17.81,0.594
84,30.0,1,23,18.0,0.6
84,30.0,2,0,18.72,0.624
84,30.0,2,1,18.71,0.624
84,30.0,2,2,18.68,0.623
84,30.0,2,3,18.6,0.62
84,30.0,2,4,18.67,0.622
84,30.0,2,5,18.73,0.624
84,30.0,2,6,17.51,0.584
84,30.0,2,7,11.95,0.398
84,30.0,2,8,8.42,0.281
84,30.0,2,9,7.65,0.255
84,30.0,2,10,7.47,0.249
84,30.0,2,11,8.07,0.269
84,30.0,2,12,10.42,0.347
84,30.0,2,13,11.5,0.383
84,30.0,2,14,11.18,0.373
84,30.0,2,15,11.1,0.37
84,30.0,2,16,14.2,0.473
84,30.0,2,17,19.21,0.64
84,30.0,2,18,21.53,0.718
84,30.0,2,19,21.91,0.73
84,30.0,2,20,21.92,0.731
84,30.0,2,21,22.55,0.752
84,30.0,2,22,23.23,0.774
84,30.0,2,23,23.15,0.772
84,30.0,3,0,23.12,0.771
84,30.0,3,1,23.14,0.771
84,30.0,3,2,23.31,0.777
84,30.0,3,3,23.14,0.771
84,30.0,3,4,23.29,0.776
84,30.0,3,5,23.29,0.776
84,30.0,3,6,22.09,0.736
84,30.0,3,7,16.99,0.566
84,30.0,3,8,14.3,0.477
84,30.0,3,9,13.77,0.459
84,30.0,3,10,13.21,0.44
84,30.0,3,11,13.4,0.447
84,30.0,3,12,14.26,0.475
84,30.0,3,13,14.22,0.474
84,30.0,3,14,14.0,0.467
84,30.0,3,15,14.04,0.468
84,30.0,3,16,16.27,0.542
84,30.0,3,17,18.12,0.604
84,30.0,3,18,18.87,0.629
84,30.0,3,19,19.11,0.637
84,30.0,3,20,19.73,0.658
84,30.0,3,21,21.23,0.708
84,30.0,3,22,21.81,0.727
84,30.0,3,23,22.38,0.746
84,30.0,4,0,22.3,0.743
84,30.0,4,1,22.29,0.743
84,30.0,4,2,22.35,0.745
84,30.0,4,3,22.35,0.745
84,30.0,4,4,22.36,0.745
84,30.0,4,5,22.05,0.735
84,30.0,4,6,20.77,0.692
84,30.0,4,7,17.26,0.575
84,30.0,4,8,15.71,0.524
84,30.0,4,9,14.96,0.499
84,30.0,4,10,15.29,0.51
84,30.0,4,11,15.88,0.529
84,30.0,4,12,16.8,0.56
84,30.0,4,13,16.5,0.55
84,30.0,4,14,16.7,0.557
84,30.0,4,15,16.38,0.546
84,30.0,4,16,18.67,0.622
84,30.0,4,17,19.56,0.652
84,30.0,4,18,19.77,0.659
84,30.0,4,19,20.41,0.68
84,30.0,4,20,20.8,0.693
84,30.0,4,21,22.05,0.735
84,30.0,4,22,22.53,0.751
84,30.0,4,23,23.0,0.767
84,30.0,5,0,23.07,0.769
84,30.0,5,1,23.11,0.77
84,30.0,5,2,23.0,0.767
84,30.0,5,3,23.0,0.767
84,30.0,5,4,22.92,0.764
84,30.0,5,5,23.31,0.777
84,30.0,5,6,23.23,0.774
84,30.0,5,7,22.14,0.738
84,30.0,5,8,20.89,0.696
84,30.0,5,9,18.61,0.62
84,30.0,5,10,17.6,0.587
84,30.0,5,11,16.47,0.549
84,30.0,5,12,16.36,0.545
84,30.0,5,13,15.85,0.528
84,30.0,5,14,16.08,0.536
84,30.0,5,15,16.35,0.545
84,30.0,5,16,16.36,0.545
84,30.0,5,17,16.17,0.539
84,30.0,5,18,16.15,0.538
84,30.0,5,19,15.5,0.517
84,30.0,5,20,15.52,0.517
84,30.0,5,21,15.96,0.532
84,30.0,5,22,16.25,0.542
84,30.0,5,23,17.42,0.581
84,30.0,6,0,17.09,0.57
84,30.0,6,1,17.25,0.575
84,30.0,6,2,17.21,0.574
84,30.0,6,3,17.12,0.571
84,30.0,6,4,17.0,0.567
84,30.0,6,5,16.87,0.562
84,30.0,6,6,16.28,0.543
84,30.0,6,7,15.96,0.532
84,30.0,6,8,15.13,0.504
84,30.0,6,9,13.6,0.453
84,30.0,6,10,13.63,0.454
84,30.0,6,11,13.32,0.444
84,30.0,6,12,12.52,0.417
84,30.0,6,13,12.61,0.42
84,30.0,6,14,12.18,0.406
84,30.0,6,15,11.19,0.373
84,30.0,6,16,11.29,0.376
84,30.0,6,17,11.32,0.377
84,30.0,6,18,11.45,0.382
84,30.0,6,19,11.83,0.394
84,30.0,6,20,12.79,0.426
84,30.0,6,21,12.91,0.43
84,30.0,6,22,13.22,0.441
84,30.0,6,23,13.35,0.445
85,35.0,0,0,15.66,0.447
85,35.0,0,1,16.2,0.463
85,35.0,0,2,15.92,0.455
85,35.0,0,3,15.99,0.457
85,35.0,0,4,15.78,0.451
85,35.0,0,5,15.8,0.451
85,35.0,0,6,14.74,0.421
85,35.0,0,7,11.26,0.322
85,35.0,0,8,8.1,0.231
85,35.0,0,9,7.85,0.224
85,35.0,0,10,8.66,0.247
85,35.0,0,11,8.52,0.243
85,35.0,0,12,9.99,0.285
85,35.0,0,13,9.98,0.285
85,35.0,0,14,10.51,0.3
85,35.0,0,15,12.77,0.365
85,35.0,0,16,13.68,0.391
85,35.0,0,17,15.9,0.454
85,35.0,0,18,19.05,0.544
85,35.0,0,19,20.41,0.583
85,35.0,0,20,21.24,0.607
85,35.0,0,21,21.6,0.617
85,35.0,0,22,21.77,0.622
85,35.0,0,23,21.95,0.627
85,35.0,1,0,22.09,0.631
85,35.0,1,1,21.84,0.624
85,35.0,1,2,21.84,0.624
85,35.0,1,3,22.14,0.633
85,35.0,1,4,21.98,0.628
85,35.0,1,5,21.29,0.608
85,35.0,1,6,19.22,0.549
85,35.0,1,7,13.65,0.39
85,35.0,1,8,6.1,0.174
85,35.0,1,9,4.99,0.143
85,35.0,1,10,5.09,0.145
85,35.0,1,11,7.94,0.227
85,35.0,1,12,10.79,0.308
85,35.0,1,13,11.42,0.326
85,35.0,1,14,11.36,0.325
85,35.0,1,15,12.64,0.361
85,35.0,1,16,14.56,0.416
85,35.0,1,17,17.47,0.499
85,35.0,1,18,18.89,0.54
85,35.0,1,19,19.11,0.546
85,35.0,1,20,19.86,0.567
85,35.0,1,21,20.37,0.582
85,35.0,1,22,21.37,0.611
85,35.0,1,23,21.43,0.612
85,35.0,2,0,22.11,0.632
85,35.0,2,1,22.17,0.633
85,35.0,2,2,22.01,0.629
85,35.0,2,3,22.0,0.629
85,35.0,2,4,21.95,0.627
85,35.0,2,5,22.82,0.652
85,35.0,2,6,22.02,0.629
85,35.0,2,7,16.15,0.461
85,35.0,2,8,8.87,0.253
85,35.0,2,9,8.39,0.24
85,35.0,2,10,7.94,0.227
85,35.0,2,11,9.08,0.259
85,35.0,2,12,11.47,0.328
85,35.0,2,13,12.76,0.365
85,35.0,2,14,12.93,0.369
85,35.0,2,15,13.26,0.379
85,35.0,2,16,13.94,0.398
85,35.0,2,17,18.19,0.52
85,35.0,2,18,19.93,0.569
85,35.0,2,19,21.78,0.622
85,35.0,2,20,22.37,0.639
85,35.0,2,21,22.91,0.655
85,35.0,2,22,23.31,0.666
85,35.0,2,23,23.41,0.669
85,35.0,3,0,23.6,0.674
85,35.0,3,1,23.6,0.674
85,35.0,3,2,23.42,0.669
85,35.0,3,3,23.45,0.67
85,35.0,3,4,23.43,0.669
85,35.0,3,5,25.08,0.717
85,35.0,3,6,25.27,0.722
85,35.0,3,7,18.94,0.541
85,35.0,3,8,9.98,0.285
85,35.0,3,9,8.98,0.257
85,35.0,3,10,9.56,0.273
85,35.0,3,11,10.18,0.291
85,35.0,3,12,18.32,0.523
85,35.0,3,13,19.02,0.543
85,35.0,3,14,18.61,0.532
85,35.0,3,15,18.89,0.54
85,35.0,3,16,20.76,0.593
85,35.0,3,17,24.36,0.696
85,35.0,3,18,25.89,0.74
85,35.0,3,19,26.61,0.76
85,35.0,3,20,26.92,0.769
85,35.0,3,21,27.67,0.791
85,35.0,3,22,28.65,0.819
85,35.0,3,23,28.64,0.818
85,35.0,4,0,28.7,0.82
85,35.0,4,1,28.98,0.828
85,35.0,4,2,28.9,0.826
85,35.0,4,3,29.03,0.829
85,35.0,4,4,29.1,0.831
85,35.0,4,5,28.6,0.817
85,35.0,4,6,26.7,0.763
85,35.0,4,7,23.27,0.665
85,35.0,4,8,18.15,0.519
85,35.0,4,9,17.25,0.493
85,35.0,4,10,16.74,0.478
85,35.0,4,11,16.7,0.477
85,35.0,4,12,17.7,0.506
85,35.0,4,13,16.93,0.484
85,35.0,4,14,16.69,0.477
85,35.0,4,15,16.3,0.466
85,35.0,4,16,18.15,0.519
85,35.0,4,17,19.25,0.55
85,35.0,4,18,18.88,0.539
85,35.0,4,19,17.98,0.514
85,35.0,4,20,18.29,0.523
85,35.0,4,21,17.9,0.511
85,35.0,4,22,18.68,0.534
85,35.0,4,23,19.34,0.553
85,35.0,5,0,19.67,0.562
85,35.0,5,1,19.66,0.562
85,35.0,5,2,18.96,0.542
85,35.0,5,3,19.82,0.566
85,35.0,5,4,19.64,0.561
85,35.0,5,5,19.4,0.554
85,35.0,5,6,19.64,0.561
85,35.0,5,7,19.07,0.545
85,35.0,5,8,17.36,0.496
85,35.0,5,9,17.01,0.486
85,35.0,5,10,18.67,0.533
85,35.0,5,11,17.24,0.493
85,35.0,5,12,16.22,0.463
85,35.0,5,13,15.23,0.435
85,35.0,5,14,14.77,0.422
85,35.0,5,15,15.43,0.441
85,35.0,5,16,15.62,0.446
85,35.0,5,17,14.95,0.427
85,35.0,5,18,14.92,0.426
85,35.0,5,19,15.64,0.447
85,35.0,5,20,15.63,0.447
85,35.0,5,21,16.15,0.461
85,35.0,5,22,15.97,0.456
85,35.0,5,23,16.38,0.468
85,35.0,6,0,17.31,0.495
85,35.0,6,1,17.06,0.487
85,35.0,6,2,17.15,0.49
85,35.0,6,3,17.2,0.491
85,35.0,6,4,17.56,0.502
85,35.0,6,5,17.53,0.501
85,35.0,6,6,17.67,0.505
85,35.0,6,7,16.65,0.476
85,35.0,6,8,15.9,0.454
85,35.0,6,9,14.01,0.4
85,35.0,6,10,12.87,0.368
85,35.0,6,11,11.72,0.335
85,35.0,6,12,11.49,0.328
85,35.0,6,13,11.07,0.316
85,35.0,6,14,11.26,0.322
85,35.0,6,15,11.23,0.321
85,35.0,6,16,11.31,0.323
85,35.0,6,17,12.22,0.349
85,35.0,6,18,12.59,0.36
85,35.0,6,19,13.38,0.382
85,35.0,6,20,13.59,0.388
85,35.0,6,21,13.88,0.397
85,35.0,6,22,13.76,0.393
85,35.0,6,23,14.05,0.401
86,38.0,0,0,32.63,0.859
86,38.0,0,1,32.54,0.856
86,38.0,0,2,32.7,0.861
86,38.0,0,3,32.48,0.855
86,38.0,0,4,32.66,0.859
86,38.0,0,5,31.34,0.825
86,38.0,0,6,28.08,0.739
86,38.0,0,7,18.32,0.482
86,38.0,0,8,12.23,0.322
86,38.0,0,9,11.47,0.302
86,38.0,0,10,11.54,0.304
86,38.0,0,11,10.11,0.266
86,38.0,0,12,9.66,0.254
86,38.0,0,13,9.1,0.239
86,38.0,0,14,9.9,0.261
86,38.0,0,15,12.23,0.322
86,38.0,0,16,19.52,0.514
86,38.0,0,17,25.03,0.659
86,38.0,0,18,27.68,0.728
86,38.0,0,19,27.77,0.731
86,38.0,0,20,28.67,0.754
86,38.0,0,21,28.89,0.76
86,38.0,0,22,28.72,0.756
86,38.0,0,23,29.09,0.766
86,38.0,1,0,28.6,0.753
86,38.0,1,1,29.21,0.769
86,38.0,1,2,28.88,0.76
86,38.0,1,3,28.42,0.748
86,38.0,1,4,29.02,0.764
86,38.0,1,5,26.17,0.689
86,38.0,1,6,23.28,0.613
86,38.0,1,7,4.96,0.131
86,38.0,1,8,0.89,0.023
86,38.0,1,9,0.83,0.022
86,38.0,1,10,1.32,0.035
86,38.0,1,11,1.24,0.033
86,38.0,1,12,1.6,0.042
86,38.0,1,13,1.55,0.041
86,38.0,1,14,1.88,0.049
86,38.0,1,15,5.89,0.155
86,38.0,1,16,19.85,0.522
86,38.0,1,17,32.64,0.859
86,38.0,1,18,35.0,0.921
86,38.0,1,19,35.1,0.924
86,38.0,1,20,34.98,0.921
86,38.0,1,21,35.17,0.926
86,38.0,1,22,36.29,0.955
86,38.0,1,23,36.37,0.957
86,38.0,2,0,36.72,0.966
86,38.0,2,1,36.62,0.964
86,38.0,2,2,36.75,0.967
86,38.0,2,3,36.64,0.964
86,38.0,2,4,36.75,0.967
86,38.0,2,5,34.97,0.92
86,38.0,2,6,30.73,0.809
86,38.0,2,7,11.89,0.313
86,38.0,2,8,2.41,0.063
86,38.0,2,9,1.27,0.033
86,38.0,2,10,1.48,0.039
86,38.0,2,11,2.31,0.061
86,38.0,2,12,2.44,0.064
86,38.0,2,13,2.42,0.064
86,38.0,2,14,3.14,0.083
86,38.0,2,15,10.37,0.273
86,38.0,2,16,25.82,0.679
86,38.0,2,17,37.07,0.976
86,38.0,2,18,37.38,0.984
86,38.0,2,19,37.47,0.986
86,38.0,2,20,37.13,0.977
86,38.0,2,21,37.36,0.983
86,38.0,2,22,37.47,0.986
86,38.0,2,23,37.63,0.99
86,38.0,3,0,37.69,0.992
86,38.0,3,1,37.67,0.991
86,38.0,3,2,37.63,0.99
86,38.0,3,3,37.65,0.991
86,38.0,3,4,37.58,0.989
86,38.0,3,5,35.72,0.94
86,38.0,3,6,31.58,0.831
86,38.0,3,7,15.73,0.414
86,38.0,3,8,4.2,0.111
86,38.0,3,9,3.27,0.086
86,38.0,3,10,3.42,0.09
86,38.0,3,11,3.99,0.105
86,38.0,3,12,4.22,0.111
86,38.0,3,13,3.71,0.098
86,38.0,3,14,3.24,0.085
86,38.0,3,15,6.61,0.174
86,38.0,3,16,20.55,0.541
86,38.0,3,17,31.49,0.829
86,38.0,3,18,34.66,0.912
86,38.0,3,19,35.68,0.939
86,38.0,3,20,35.21,0.927
86,38.0,3,21,34.91,0.919
86,38.0,3,22,35.25,0.928
86,38.0,3,23,35.59,0.937
86,38.0,4,0,35.61,0.937
86,38.0,4,1,35.56,0.936
86,38.0,4,2,35.78,0.942
86,38.0,4,3,35.61,0.937
86,38.0,4,4,35.66,0.938
86,38.0,4,5,34.11,0.898
86,38.0,4,6,31.18,0.821
86,38.0,4,7,25.01,0.658
86,38.0,4,8,18.99,0.5
86,38.0,4,9,15.8,0.416
86,38.0,4,10,14.27,0.376
86,38.0,4,11,13.68,0.36
86,38.0,4,12,13.53,0.356
86,38.0,4,13,14.52,0.382
86,38.0,4,14,14.79,0.389
86,38.0,4,15,16.77,0.441
86,38.0,4,16,24.15,0.636
86,38.0,4,17,27.55,0.725
86,38.0,4,18,28.15,0.741
86,38.0,4,19,28.85,0.759
86,38.0,4,20,29.5,0.776
86,38.0,4,21,30.54,0.804
86,38.0,4,22,31.43,0.827
86,38.0,4,23,32.27,0.849
86,38.0,5,0,32.06,0.844
86,38.0,5,1,32.26,0.849
86,38.0,5,2,32.26,0.849
86,38.0,5,3,32.1,0.845
86,38.0,5,4,32.34,0.851
86,38.0,5,5,31.84,0.838
86,38.0,5,6,32.2,0.847
86,38.0,5,7,32.56,0.857
86,38.0,5,8,31.62,0.832
86,38.0,5,9,29.94,0.788
86,38.0,5,10,29.4,0.774
86,38.0,5,11,28.64,0.754
86,38.0,5,12,29.02,0.764
86,38.0,5,13,24.98,0.657
86,38.0,5,14,24.04,0.633
86,38.0,5,15,26.64,0.701
86,38.0,5,16,25.29,0.666
86,38.0,5,17,24.4,0.642
86,38.0,5,18,25.52,0.672
86,38.0,5,19,28.2,0.742
86,38.0,5,20,28.12,0.74
86,38.0,5,21,29.21,0.769
86,38.0,5,22,29.88,0.786
86,38.0,5,23,30.08,0.792
86,38.0,6,0,30.31,0.798
86,38.0,6,1,30.21,0.795
86,38.0,6,2,30.09,0.792
86,38.0,6,3,30.27,0.797
86,38.0,6,4,30.36,0.799
86,38.0,6,5,30.36,0.799
86,38.0,6,6,30.04,0.791
86,38.0,6,7,30.29,0.797
86,38.0,6,8,29.87,0.786
86,38.0,6,9,27.89,0.734
86,38.0,6,10,25.73,0.677
86,38.0,6,11,25.62,0.674
86,38.0,6,12,24.67,0.649
86,38.0,6,13,24.47,0.644
86,38.0,6,14,25.61,0.674
86,38.0,6,15,27.95,0.736
86,38.0,6,16,29.36,0.773
86,38.0,6,17,29.58,0.778
86,38.0,6,18,29.3,0.771
86,38.0,6,19,30.76,0.809
86,38.0,6,20,30.98,0.815
86,38.0,6,21,31.31,0.824
86,38.0,6,22,32.03,0.843
86,38.0,6,23,32.27,0.849
87,38.0,0,0,25.79,0.679
87,38.0,0,1,25.38,0.668
87,38.0,0,2,25.6,0.674
87,38.0,0,3,25.95,0.683
87,38.0,0,4,25.56,0.673
87,38.0,0,5,25.0,0.658
87,38.0,0,6,23.78,0.626
87,38.0,0,7,18.91,0.498
87,38.0,0,8,16.22,0.427
87,38.0,0,9,14.2,0.374
87,38.0,0,10,12.76,0.336
87,38.0,0,11,11.24,0.296
87,38.0,0,12,11.07,0.291
87,38.0,0,13,11.01,0.29
87,38.0,0,14,10.63,0.28
87,38.0,0,15,11.22,0.295
87,38.0,0,16,12.63,0.332
87,38.0,0,17,13.21,0.348
87,38.0,0,18,15.11,0.398
87,38.0,0,19,15.78,0.415
87,38.0,0,20,16.86,0.444
87,38.0,0,21,17.27,0.454
87,38.0,0,22,18.61,0.49
87,38.0,0,23,19.01,0.5
87,38.0,1,0,18.82,0.495
87,38.0,1,1,19.09,0.502
87,38.0,1,2,19.13,0.503
87,38.0,1,3,18.99,0.5
87,38.0,1,4,19.32,0.508
87,38.0,1,5,19.09,0.502
87,38.0,1,6,18.33,0.482
87,38.0,1,7,15.12,0.398
87,38.0,1,8,5.06,0.133
87,38.0,1,9,2.47,0.065
87,38.0,1,10,2.16,0.057
87,38.0,1,11,1.92,0.051
87,38.0,1,12,1.15,0.03
87,38.0,1,13,1.36,0.036
87,38.0,1,14,1.61,0.042
87,38.0,1,15,2.19,0.058
87,38.0,1,16,3.77,0.099
87,38.0,1,17,12.07,0.318
87,38.0,1,18,16.85,0.443
87,38.0,1,19,21.22,0.558
87,38.0,1,20,23.11,0.608
87,38.0,1,21,24.32,0.64
87,38.0,1,22,25.1,0.661
87,38.0,1,23,25.96,0.683
87,38.0,2,0,26.03,0.685
87,38.0,2,1,25.78,0.678
87,38.0,2,2,26.1,0.687
87,38.0,2,3,25.98,0.684
87,38.0,2,4,25.89,0.681
87,38.0,2,5,25.4,0.668
87,38.0,2,6,24.42,0.643
87,38.0,2,7,19.39,0.51
87,38.0,2,8,12.81,0.337
87,38.0,2,9,9.93,0.261
87,38.0,2,10,8.87,0.233
87,38.0,2,11,8.18,0.215
87,38.0,2,12,8.62,0.227
87,38.0,2,13,8.44,0.222
87,38.0,2,14,8.77,0.231
87,38.0,2,15,9.18,0.242
87,38.0,2,16,11.08,0.292
87,38.0,2,17,20.26,0.533
87,38.0,2,18,27.99,0.737
87,38.0,2,19,32.36,0.852
87,38.0,2,20,32.97,0.868
87,38.0,2,21,34.04,0.896
87,38.0,2,22,34.42,0.906
87,38.0,2,23,34.6,0.911
87,38.0,3,0,34.82,0.916
87,38.0,3,1,34.57,0.91
87,38.0,3,2,34.81,0.916
87,38.0,3,3,34.95,0.92
87,38.0,3,4,34.89,0.918
87,38.0,3,5,34.06,0.896
87,38.0,3,6,33.15,0.872
87,38.0,3,7,27.45,0.722
87,38.0,3,8,22.86,0.602
87,38.0,3,9,19.85,0.522
87,38.0,3,10,17.19,0.452
87,38.0,3,11,16.07,0.423
87,38.0,3,12,16.03,0.422
87,38.0,3,13,14.24,0.375
87,38.0,3,14,12.92,0.34
87,38.0,3,15,13.14,0.346
87,38.0,3,16,15.68,0.413
87,38.0,3,17,18.93,0.498
87,38.0,3,18,23.86,0.628
87,38.0,3,19,27.37,0.72
87,38.0,3,20,28.25,0.743
87,38.0,3,21,29.14,0.767
87,38.0,3,22,30.13,0.793
87,38.0,3,23,30.26,0.796
87,38.0,4,0,30.78,0.81
87,38.0,4,1,30.28,0.797
87,38.0,4,2,30.19,0.794
87,38.0,4,3,30.06,0.791
87,38.0,4,4,30.51,0.803
87,38.0,4,5,29.64,0.78
87,38.0,4,6,29.17,0.768
87,38.0,4,7,27.63,0.727
87,38.0,4,8,25.39,0.668
87,38.0,4,9,23.53,0.619
87,38.0,4,10,20.95,0.551
87,38.0,4,11,17.49,0.46
87,38.0,4,12,17.37,0.457
87,38.0,4,13,16.41,0.432
87,38.0,4,14,16.74,0.441
87,38.0,4,15,17.46,0.459
87,38.0,4,16,18.43,0.485
87,38.0,4,17,19.49,0.513
87,38.0,4,18,21.01,0.553
87,38.0,4,19,22.03,0.58
87,38.0,4,20,23.27,0.612
87,38.0,4,21,24.53,0.646
87,38.0,4,22,25.48,0.671
87,38.0,4,23,26.34,0.693
87,38.0,5,0,26.46,0.696
87,38.0,5,1,26.36,0.694
87,38.0,5,2,26.19,0.689
87,38.0,5,3,26.24,0.691
87,38.0,5,4,26.16,0.688
87,38.0,5,5,25.41,0.669
87,38.0,5,6,25.08,0.66
87,38.0,5,7,24.64,0.648
87,38.0,5,8,23.17,0.61
87,38.0,5,9,23.37,0.615
87,38.0,5,10,23.31,0.613
87,38.0,5,11,24.44,0.643
87,38.0,5,12,24.55,0.646
87,38.0,5,13,24.22,0.637
87,38.0,5,14,22.89,0.602
87,38.0,5,15,21.89,0.576
87,38.0,5,16,22.35,0.588
87,38.0,5,17,23.14,0.609
87,38.0,5,18,23.38,0.615
87,38.0,5,19,23.1,0.608
87,38.0,5,20,22.67,0.597
87,38.0,5,21,24.19,0.637
87,38.0,5,22,24.44,0.643
87,38.0,5,23,24.77,0.652
87,38.0,6,0,25.52,0.672
87,38.0,6,1,25.23,0.664
87,38.0,6,2,25.88,0.681
87,38.0,6,3,25.8,0.679
87,38.0,6,4,25.28,0.665
87,38.0,6,5,24.79,0.652
87,38.0,6,6,23.87,0.628
87,38.0,6,7,23.53,0.619
87,38.0,6,8,22.56,0.594
87,38.0,6,9,21.49,0.566
87,38.0,6,10,21.31,0.561
87,38.0,6,11,21.37,0.562
87,38.0,6,12,21.35,0.562
87,38.0,6,13,21.71,0.571
87,38.0,6,14,21.41,0.563
87,38.0,6,15,22.5,0.592
87,38.0,6,16,22.23,0.585
87,38.0,6,17,22.69,0.597
87,38.0,6,18,23.12,0.608
87,38.0,6,19,24.27,0.639
87,38.0,6,20,24.71,0.65
87,38.0,6,21,24.6,0.647
87,38.0,6,22,25.52,0.672
87,38.0,6,23,26.23,0.69
88,30.0,0,0,23.13,0.771
88,30.0,0,1,23.17,0.772
88,30.0,0,2,23.05,0.768
88,30.0,0,3,23.44,0.781
88,30.0,0,4,23.0,0.767
88,30.0,0,5,22.3,0.743
88,30.0,0,6,21.6,0.72
88,30.0,0,7,18.36,0.612
88,30.0,0,8,14.37,0.479
88,30.0,0,9,13.47,0.449
88,30.0,0,10,12.95,0.432
88,30.0,0,11,13.69,0.456
88,30.0,0,12,12.86,0.429
88,30.0,0,13,11.91,0.397
88,30.0,0,14,12.21,0.407
88,30.0,0,15,13.43,0.448
88,30.0,0,16,13.95,0.465
88,30.0,0,17,15.78,0.526
88,30.0,0,18,17.34,0.578
88,30.0,0,19,18.02,0.601
88,30.0,0,20,19.17,0.639
88,30.0,0,21,20.63,0.688
88,30.0,0,22,21.32,0.711
88,30.0,0,23,21.42,0.714
88,30.0,1,0,21.53,0.718
88,30.0,1,1,21.2,0.707
88,30.0,1,2,21.64,0.721
88,30.0,1,3,21.39,0.713
88,30.0,1,4,20.99,0.7
88,30.0,1,5,19.63,0.654
88,30.0,1,6,18.56,0.619
88,30.0,1,7,14.53,0.484
88,30.0,1,8,7.81,0.26
88,30.0,1,9,6.75,0.225
88,30.0,1,10,6.98,0.233
88,30.0,1,11,7.33,0.244
88,30.0,1,12,5.93,0.198
88,30.0,1,13,6.2,0.207
88,30.0,1,14,6.41,0.214
88,30.0,1,15,7.59,0.253
88,30.0,1,16,10.28,0.343
88,30.0,1,17,14.49,0.483
88,30.0,1,18,16.14,0.538
88,30.0,1,19,17.88,0.596
88,30.0,1,20,18.75,0.625
88,30.0,1,21,18.96,0.632
88,30.0,1,22,19.79,0.66
88,30.0,1,23,20.29,0.676
88,30.0,2,0,20.75,0.692
88,30.0,2,1,20.45,0.682
88,30.0,2,2,20.58,0.686
88,30.0,2,3,20.55,0.685
88,30.0,2,4,19.76,0.659
88,30.0,2,5,18.03,0.601
88,30.0,2,6,16.24,0.541
88,30.0,2,7,11.76,0.392
88,30.0,2,8,6.44,0.215
88,30.0,2,9,5.38,0.179
88,30.0,2,10,5.45,0.182
88,30.0,2,11,5.95,0.198
88,30.0,2,12,5.99,0.2
88,30.0,2,13,5.98,0.199
88,30.0,2,14,6.77,0.226
88,30.0,2,15,6.91,0.23
88,30.0,2,16,9.73,0.324
88,30.0,2,17,14.45,0.482
88,30.0,2,18,16.56,0.552
88,30.0,2,19,17.82,0.594
88,30.0,2,20,19.03,0.634
88,30.0,2,21,19.81,0.66
88,30.0,2,22,21.37,0.712
88,30.0,2,23,22.69,0.756
88,30.0,3,0,22.95,0.765
88,30.0,3,1,22.81,0.76
88,30.0,3,2,22.94,0.765
88,30.0,3,3,23.02,0.767
88,30.0,3,4,22.46,0.749
88,30.0,3,5,22.19,0.74
88,30.0,3,6,19.93,0.664
88,30.0,3,7,14.11,0.47
88,30.0,3,8,9.8,0.327
88,30.0,3,9,9.34,0.311
88,30.0,3,10,8.39,0.28
88,30.0,3,11,8.7,0.29
88,30.0,3,12,9.78,0.326
88,30.0,3,13,9.7,0.323
88,30.0,3,14,9.79,0.326
88,30.0,3,15,10.8,0.36
88,30.0,3,16,13.25,0.442
88,30.0,3,17,17.61,0.587
88,30.0,3,18,19.38,0.646
88,30.0,3,19,19.93,0.664
88,30.0,3,20,21.45,0.715
88,30.0,3,21,22.11,0.737
88,30.0,3,22,23.37,0.779
88,30.0,3,23,23.62,0.787
88,30.0,4,0,23.64,0.788
88,30.0,4,1,23.63,0.788
88,30.0,4,2,23.52,0.784
88,30.0,4,3,23.73,0.791
88,30.0,4,4,23.41,0.78
88,30.0,4,5,22.7,0.757
88,30.0,4,6,22.21,0.74
88,30.0,4,7,19.22,0.641
88,30.0,4,8,15.75,0.525
88,30.0,4,9,14.32,0.477
88,30.0,4,10,13.52,0.451
88,30.0,4,11,14.28,0.476
88,30.0,4,12,14.12,0.471
88,30.0,4,13,13.63,0.454
88,30.0,4,14,14.78,0.493
88,30.0,4,15,15.19,0.506
88,30.0,4,16,16.38,0.546
88,30.0,4,17,18.42,0.614
88,30.0,4,18,18.64,0.621
88,30.0,4,19,19.5,0.65
88,30.0,4,20,19.68,0.656
88,30.0,4,21,20.38,0.679
88,30.0,4,22,21.79,0.726
88,30.0,4,23,22.53,0.751
88,30.0,5,0,22.57,0.752
88,30.0,5,1,22.21,0.74
88,30.0,5,2,22.63,0.754
88,30.0,5,3,22.38,0.746
88,30.0,5,4,22.38,0.746
88,30.0,5,5,21.57,0.719
88,30.0,5,6,20.44,0.681
88,30.0,5,7,20.16,0.672
88,30.0,5,8,19.21,0.64
88,30.0,5,9,19.64,0.655
88,30.0,5,10,19.13,0.638
88,30.0,5,11,17.64,0.588
88,30.0,5,12,17.42,0.581
88,30.0,5,13,16.74,0.558
88,30.0,5,14,17.03,0.568
88,30.0,5,15,18.5,0.617
88,30.0,5,16,18.87,0.629
88,30.0,5,17,19.88,0.663
88,30.0,5,18,20.17,0.672
88,30.0,5,19,20.02,0.667
88,30.0,5,20,20.72,0.691
88,30.0,5,21,20.84,0.695
88,30.0,5,22,21.23,0.708
88,30.0,5,23,20.99,0.7
88,30.0,6,0,21.65,0.722
88,30.0,6,1,21.2,0.707
88,30.0,6,2,21.7,0.723
88,30.0,6,3,21.58,0.719
88,30.0,6,4,21.27,0.709
88,30.0,6,5,21.44,0.715
88,30.0,6,6,21.28,0.709
88,30.0,6,7,20.04,0.668
88,30.0,6,8,18.79,0.626
88,30.0,6,9,17.93,0.598
88,30.0,6,10,18.18,0.606
88,30.0,6,11,17.74,0.591
88,30.0,6,12,18.54,0.618
88,30.0,6,13,18.92,0.631
88,30.0,6,14,19.28,0.643
88,30.0,6,15,19.04,0.635
88,30.0,6,16,20.19,0.673
88,30.0,6,17,20.71,0.69
88,30.0,6,18,20.72,0.691
88,30.0,6,19,22.0,0.733
88,30.0,6,20,22.14,0.738
88,30.0,6,21,22.71,0.757
88,30.0,6,22,23.09,0.77
88,30.0,6,23,23.34,0.778
89,40.0,0,0,2.81,0.07
89,40.0,0,1,2.85,0.071
89,40.0,0,2,2.9,0.072
89,40.0,0,3,2.91,0.073
89,40.0,0,4,2.96,0.074
89,40.0,0,5,2.87,0.072
89,40.0,0,6,2.74,0.068
89,40.0,0,7,4.19,0.105
89,40.0,0,8,7.43,0.186
89,40.0,0,9,8.97,0.224
89,40.0,0,10,9.34,0.233
89,40.0,0,11,8.63,0.216
89,40.0,0,12,8.15,0.204
89,40.0,0,13,8.58,0.214
89,40.0,0,14,8.03,0.201
89,40.0,0,15,7.43,0.186
89,40.0,0,16,4.48,0.112
89,40.0,0,17,3.14,0.078
89,40.0,0,18,2.98,0.074
89,40.0,0,19,2.52,0.063
89,40.0,0,20,2.31,0.058
89,40.0,0,21,1.95,0.049
89,40.0,0,22,1.9,0.048
89,40.0,0,23,1.94,0.048
89,40.0,1,0,2.01,0.05
89,40.0,1,1,2.02,0.05
89,40.0,1,2,2.02,0.05
89,40.0,1,3,2.07,0.052
89,40.0,1,4,1.96,0.049
89,40.0,1,5,2.37,0.059
89,40.0,1,6,2.26,0.056
89,40.0,1,7,4.5,0.112
89,40.0,1,8,8.41,0.21
89,40.0,1,9,10.33,0.258
89,40.0,1,10,10.97,0.274
89,40.0,1,11,11.3,0.283
89,40.0,1,12,10.27,0.257
89,40.0,1,13,10.66,0.266
89,40.0,1,14,10.3,0.258
89,40.0,1,15,7.99,0.2
89,40.0,1,16,4.64,0.116
89,40.0,1,17,2.77,0.069
89,40.0,1,18,1.54,0.038
89,40.0,1,19,1.37,0.034
89,40.0,1,20,1.39,0.035
89,40.0,1,21,1.76,0.044
89,40.0,1,22,1.92,0.048
89,40.0,1,23,2.13,0.053
89,40.0,2,0,2.11,0.053
89,40.0,2,1,2.11,0.053
89,40.0,2,2,2.11,0.053
89,40.0,2,3,2.12,0.053
89,40.0,2,4,2.04,0.051
89,40.0,2,5,1.9,0.048
89,40.0,2,6,2.06,0.052
89,40.0,2,7,4.75,0.119
89,40.0,2,8,9.58,0.24
89,40.0,2,9,11.44,0.286
89,40.0,2,10,12.87,0.322
89,40.0,2,11,12.56,0.314
89,40.0,2,12,10.99,0.275
89,40.0,2,13,11.41,0.285
89,40.0,2,14,10.86,0.271
89,40.0,2,15,8.58,0.214
89,40.0,2,16,4.39,0.11
89,40.0,2,17,2.22,0.056
89,40.0,2,18,2.07,0.052
89,40.0,2,19,1.5,0.038
89,40.0,2,20,1.2,0.03
89,40.0,2,21,1.19,0.03
89,40.0,2,22,0.95,0.024
89,40.0,2,23,0.84,0.021
89,40.0,3,0,0.78,0.02
89,40.0,3,1,0.79,0.02
89,40.0,3,2,0.77,0.019
89,40.0,3,3,0.81,0.02
89,40.0,3,4,0.81,0.02
89,40.0,3,5,0.82,0.02
89,40.0,3,6,1.1,0.028
89,40.0,3,7,3.51,0.088
89,40.0,3,8,7.63,0.191
89,40.0,3,9,10.38,0.26
89,40.0,3,10,11.09,0.277
89,40.0,3,11,10.89,0.272
89,40.0,3,12,9.31,0.233
89,40.0,3,13,9.74,0.244
89,40.0,3,14,8.79,0.22
89,40.0,3,15,6.2,0.155
89,40.0,3,16,2.99,0.075
89,40.0,3,17,2.03,0.051
89,40.0,3,18,1.58,0.04
89,40.0,3,19,1.28,0.032
89,40.0,3,20,1.06,0.027
89,40.0,3,21,0.68,0.017
89,40.0,3,22,0.57,0.014
89,40.0,3,23,0.45,0.011
89,40.0,4,0,0.43,0.011
89,40.0,4,1,0.43,0.011
89,40.0,4,2,0.47,0.012
89,40.0,4,3,0.45,0.011
89,40.0,4,4,0.48,0.012
89,40.0,4,5,0.75,0.019
89,40.0,4,6,0.6,0.015
89,40.0,4,7,2.12,0.053
89,40.0,4,8,4.8,0.12
89,40.0,4,9,5.76,0.144
89,40.0,4,10,5.94,0.149
89,40.0,4,11,6.04,0.151
89,40.0,4,12,5.5,0.138
89,40.0,4,13,5.61,0.14
89,40.0,4,14,4.96,0.124
89,40.0,4,15,3.66,0.092
89,40.0,4,16,2.09,0.052
89,40.0,4,17,1.49,0.037
89,40.0,4,18,2.14,0.054
89,40.0,4,19,2.07,0.052
89,40.0,4,20,1.91,0.048
89,40.0,4,21,1.85,0.046
89,40.0,4,22,1.8,0.045
89,40.0,4,23,1.41,0.035
89,40.0,5,0,1.48,0.037
89,40.0,5,1,1.47,0.037
89,40.0,5,2,1.47,0.037
89,40.0,5,3,1.49,0.037
89,40.0,5,4,1.39,0.035
89,40.0,5,5,1.31,0.033
89,40.0,5,6,1.31,0.033
89,40.0,5,7,1.32,0.033
89,40.0,5,8,1.65,0.041
89,40.0,5,9,1.75,0.044
89,40.0,5,10,1.15,0.029
89,40.0,5,11,1.49,0.037
89,40.0,5,12,1.66,0.041
89,40.0,5,13,1.94,0.048
89,40.0,5,14,2.0,0.05
89,40.0,5,15,2.01,0.05
89,40.0,5,16,2.15,0.054
89,40.0,5,17,2.33,0.058
89,40.0,5,18,2.25,0.056
89,40.0,5,19,2.25,0.056
89,40.0,5,20,2.34,0.058
89,40.0,5,21,2.62,0.066
89,40.0,5,22,2.71,0.068
89,40.0,5,23,2.66,0.066
89,40.0,6,0,2.73,0.068
89,40.0,6,1,2.68,0.067
89,40.0,6,2,2.66,0.066
89,40.0,6,3,2.63,0.066
89,40.0,6,4,2.6,0.065
89,40.0,6,5,2.66,0.066
89,40.0,6,6,2.63,0.066
89,40.0,6,7,2.52,0.063
89,40.0,6,8,2.55,0.064
89,40.0,6,9,2.7,0.068
89,40.0,6,10,2.82,0.07
89,40.0,6,11,2.95,0.074
89,40.0,6,12,2.66,0.066
89,40.0,6,13,2.15,0.054
89,40.0,6,14,2.14,0.054
89,40.0,6,15,1.98,0.05
89,40.0,6,16,2.05,0.051
89,40.0,6,17,2.35,0.059
89,40.0,6,18,2.53,0.063
89,40.0,6,19,2.69,0.067
89,40.0,6,20,2.7,0.068
89,40.0,6,21,2.63,0.066
89,40.0,6,22,2.54,0.064
89,40.0,6,23,2.53,0.063
9,24.0,0,0,12.89,0.537
9,24.0,0,1,12.96,0.54
9,24.0,0,2,13.07,0.545
9,24.0,0,3,13.18,0.549
9,24.0,0,4,13.11,0.546
9,24.0,0,5,14.21,0.592
9,24.0,0,6,17.38,0.724
9,24.0,0,7,13.49,0.562
9,24.0,0,8,15.85,0.66
9,24.0,0,9,17.2,0.717
9,24.0,0,10,20.15,0.84
9,24.0,0,11,19.36,0.807
9,24.0,0,12,16.7,0.696
9,24.0,0,13,14.74,0.614
9,24.0,0,14,13.52,0.563
9,24.0,0,15,13.02,0.542
9,24.0,0,16,14.04,0.585
9,24.0,0,17,12.47,0.52
9,24.0,0,18,11.94,0.498
9,24.0,0,19,9.94,0.414
9,24.0,0,20,8.67,0.361
9,24.0,0,21,7.85,0.327
9,24.0,0,22,6.27,0.261
9,24.0,0,23,6.31,0.263
9,24.0,1,0,5.77,0.24
9,24.0,1,1,5.74,0.239
9,24.0,1,2,5.64,0.235
9,24.0,1,3,5.73,0.239
9,24.0,1,4,5.61,0.234
9,24.0,1,5,6.29,0.262
9,24.0,1,6,8.11,0.338
9,24.0,1,7,12.44,0.518
9,24.0,1,8,14.97,0.624
9,24.0,1,9,12.87,0.536
9,24.0,1,10,13.11,0.546
9,24.0,1,11,11.75,0.49
9,24.0,1,12,10.88,0.453
9,24.0,1,13,11.01,0.459
9,24.0,1,14,11.19,0.466
9,24.0,1,15,10.68,0.445
9,24.0,1,16,9.46,0.394
9,24.0,1,17,7.07,0.295
9,24.0,1,18,5.35,0.223
9,24.0,1,19,3.23,0.135
9,24.0,1,20,2.4,0.1
9,24.0,1,21,2.1,0.088
9,24.0,1,22,1.28,0.053
9,24.0,1,23,0.99,0.041
9,24.0,2,0,0.88,0.037
9,24.0,2,1,0.91,0.038
9,24.0,2,2,0.85,0.035
9,24.0,2,3,0.91,0.038
9,24.0,2,4,1.32,0.055
9,24.0,2,5,2.48,0.103
9,24.0,2,6,6.94,0.289
9,24.0,2,7,9.6,0.4
9,24.0,2,8,12.99,0.541
9,24.0,2,9,15.48,0.645
9,24.0,2,10,15.55,0.648
9,24.0,2,11,14.27,0.595
9,24.0,2,12,11.58,0.482
9,24.0,2,13,10.15,0.423
9,24.0,2,14,9.96,0.415
9,24.0,2,15,11.81,0.492
9,24.0,2,16,11.65,0.485
9,24.0,2,17,10.38,0.433
9,24.0,2,18,9.18,0.382
9,24.0,2,19,6.55,0.273
9,24.0,2,20,5.07,0.211
9,24.0,2,21,3.3,0.137
9,24.0,2,22,2.42,0.101
9,24.0,2,23,2.14,0.089
9,24.0,3,0,2.44,0.102
9,24.0,3,1,2.36,0.098
9,24.0,3,2,2.29,0.095
9,24.0,3,3,2.47,0.103
9,24.0,3,4,2.83,0.118
9,24.0,3,5,4.07,0.17
9,24.0,3,6,7.02,0.292
9,24.0,3,7,9.36,0.39
9,24.0,3,8,14.96,0.623
9,24.0,3,9,15.41,0.642
9,24.0,3,10,13.73,0.572
9,24.0,3,11,15.99,0.666
9,24.0,3,12,16.26,0.678
9,24.0,3,13,10.95,0.456
9,24.0,3,14,10.41,0.434
9,24.0,3,15,11.31,0.471
9,24.0,3,16,10.96,0.457
9,24.0,3,17,13.0,0.542
9,24.0,3,18,14.26,0.594
9,24.0,3,19,9.8,0.408
9,24.0,3,20,7.8,0.325
9,24.0,3,21,6.31,0.263
9,24.0,3,22,4.77,0.199
9,24.0,3,23,4.14,0.172
9,24.0,4,0,4.35,0.181
9,24.0,4,1,4.08,0.17
9,24.0,4,2,4.6,0.192
9,24.0,4,3,4.62,0.192
9,24.0,4,4,4.33,0.18
9,24.0,4,5,5.65,0.235
9,24.0,4,6,6.8,0.283
9,24.0,4,7,6.78,0.283
9,24.0,4,8,12.3,0.513
9,24.0,4,9,16.96,0.707
9,24.0,4,10,17.91,0.746
9,24.0,4,11,16.99,0.708
9,24.0,4,12,15.9,0.662
9,24.0,4,13,13.92,0.58
9,24.0,4,14,14.39,0.6
9,24.0,4,15,13.88,0.578
9,24.0,4,16,14.62,0.609
9,24.0,4,17,16.26,0.678
9,24.0,4,18,18.9,0.788
9,24.0,4,19,21.53,0.897
9,24.0,4,20,20.06,0.836
9,24.0,4,21,17.56,0.732
9,24.0,4,22,13.97,0.582
9,24.0,4,23,10.58,0.441
9,24.0,5,0,9.8,0.408
9,24.0,5,1,9.82,0.409
9,24.0,5,2,9.44,0.393
9,24.0,5,3,9.71,0.405
9,24.0,5,4,9.41,0.392
9,24.0,5,5,10.83,0.451
9,24.0,5,6,12.68,0.528
9,24.0,5,7,13.76,0.573
9,24.0,5,8,14.16,0.59
9,24.0,5,9,17.07,0.711
9,24.0,5,10,15.71,0.655
9,24.0,5,11,16.88,0.703
9,24.0,5,12,17.1,0.712
9,24.0,5,13,17.24,0.718
9,24.0,5,14,20.81,0.867
9,24.0,5,15,19.96,0.832
9,24.0,5,16,19.69,0.82
9,24.0,5,17,20.45,0.852
9,24.0,5,18,22.44,0.935
9,24.0,5,19,23.03,0.96
9,24.0,5,20,22.91,0.955
9,24.0,5,21,21.47,0.895
9,24.0,5,22,18.07,0.753
9,24.0,5,23,15.75,0.656
9,24.0,6,0,15.58,0.649
9,24.0,6,1,15.78,0.658
9,24.0,6,2,15.61,0.65
9,24.0,6,3,15.77,0.657
9,24.0,6,4,15.77,0.657
9,24.0,6,5,17.09,0.712
9,24.0,6,6,17.78,0.741
9,24.0,6,7,17.83,0.743
9,24.0,6,8,17.33,0.722
9,24.0,6,9,19.69,0.82
9,24.0,6,10,18.75,0.781
9,24.0,6,11,18.15,0.756
9,24.0,6,12,18.69,0.779
9,24.0,6,13,17.24,0.718
9,24.0,6,14,16.11,0.671
9,24.0,6,15,16.39,0.683
9,24.0,6,16,16.7,0.696
9,24.0,6,17,18.06,0.752
9,24.0,6,18,18.44,0.768
9,24.0,6,19,18.24,0.76
9,24.0,6,20,17.62,0.734
9,24.0,6,21,16.76,0.698
9,24.0,6,22,15.02,0.626
9,24.0,6,23,13.17,0.549
90,40.0,0,0,11.82,0.296
90,40.0,0,1,11.77,0.294
90,40.0,0,2,12.18,0.304
90,40.0,0,3,11.95,0.299
90,40.0,0,4,10.33,0.258
90,40.0,0,5,8.37,0.209
90,40.0,0,6,9.01,0.225
90,40.0,0,7,17.5,0.438
90,40.0,0,8,27.17,0.679
90,40.0,0,9,25.61,0.64
90,40.0,0,10,26.11,0.653
90,40.0,0,11,23.98,0.6
90,40.0,0,12,23.2,0.58
90,40.0,0,13,23.9,0.597
90,40.0,0,14,20.99,0.525
90,40.0,0,15,12.63,0.316
90,40.0,0,16,2.57,0.064
90,40.0,0,17,3.2,0.08
90,40.0,0,18,5.59,0.14
90,40.0,0,19,7.15,0.179
90,40.0,0,20,7.37,0.184
90,40.0,0,21,7.78,0.194
90,40.0,0,22,7.66,0.192
90,40.0,0,23,8.26,0.206
90,40.0,1,0,8.04,0.201
90,40.0,1,1,7.9,0.198
90,40.0,1,2,8.14,0.204
90,40.0,1,3,7.97,0.199
90,40.0,1,4,7.85,0.196
90,40.0,1,5,9.48,0.237
90,40.0,1,6,13.11,0.328
90,40.0,1,7,28.71,0.718
90,40.0,1,8,34.96,0.874
90,40.0,1,9,31.12,0.778
90,40.0,1,10,30.65,0.766
90,40.0,1,11,29.64,0.741
90,40.0,1,12,28.29,0.707
90,40.0,1,13,28.29,0.707
90,40.0,1,14,23.28,0.582
90,40.0,1,15,10.83,0.271
90,40.0,1,16,0.42,0.01
90,40.0,1,17,1.14,0.028
90,40.0,1,18,2.2,0.055
90,40.0,1,19,2.07,0.052
90,40.0,1,20,2.98,0.074
90,40.0,1,21,4.5,0.112
90,40.0,1,22,4.95,0.124
90,40.0,1,23,5.1,0.128
90,40.0,2,0,5.17,0.129
90,40.0,2,1,5.13,0.128
90,40.0,2,2,5.12,0.128
90,40.0,2,3,5.21,0.13
90,40.0,2,4,5.1,0.128
90,40.0,2,5,6.81,0.17
90,40.0,2,6,11.28,0.282
90,40.0,2,7,31.25,0.781
90,40.0,2,8,36.16,0.904
90,40.0,2,9,34.53,0.863
90,40.0,2,10,32.88,0.822
90,40.0,2,11,28.97,0.724
90,40.0,2,12,26.98,0.674
90,40.0,2,13,26.84,0.671
90,40.0,2,14,21.26,0.532
90,40.0,2,15,8.52,0.213
90,40.0,2,16,0.35,0.009
90,40.0,2,17,0.95,0.024
90,40.0,2,18,1.96,0.049
90,40.0,2,19,3.28,0.082
90,40.0,2,20,4.76,0.119
90,40.0,2,21,5.59,0.14
90,40.0,2,22,6.07,0.152
90,40.0,2,23,5.95,0.149
90,40.0,3,0,6.12,0.153
90,40.0,3,1,6.14,0.154
90,40.0,3,2,6.05,0.151
90,40.0,3,3,5.98,0.15
90,40.0,3,4,6.12,0.153
90,40.0,3,5,6.68,0.167
90,40.0,3,6,9.18,0.229
90,40.0,3,7,22.82,0.57
90,40.0,3,8,32.88,0.822
90,40.0,3,9,30.19,0.755
90,40.0,3,10,29.0,0.725
90,40.0,3,11,25.89,0.647
90,40.0,3,12,24.19,0.605
90,40.0,3,13,24.45,0.611
90,40.0,3,14,20.62,0.516
90,40.0,3,15,9.42,0.236
90,40.0,3,16,1.24,0.031
90,40.0,3,17,0.7,0.017
90,40.0,3,18,1.25,0.031
90,40.0,3,19,1.53,0.038
90,40.0,3,20,2.49,0.062
90,40.0,3,21,3.72,0.093
90,40.0,3,22,2.84,0.071
90,40.0,3,23,2.64,0.066
90,40.0,4,0,2.72,0.068
90,40.0,4,1,2.72,0.068
90,40.0,4,2,2.73,0.068
90,40.0,4,3,2.65,0.066
90,40.0,4,4,2.65,0.066
90,40.0,4,5,3.95,0.099
90,40.0,4,6,7.58,0.19
90,40.0,4,7,17.22,0.43
90,40.0,4,8,28.01,0.7
90,40.0,4,9,29.15,0.729
90,40.0,4,10,29.14,0.728
90,40.0,4,11,25.98,0.65
90,40.0,4,12,23.81,0.595
90,40.0,4,13,22.67,0.567
90,40.0,4,14,19.26,0.482
90,40.0,4,15,11.77,0.294
90,40.0,4,16,2.8,0.07
90,40.0,4,17,1.41,0.035
90,40.0,4,18,2.84,0.071
90,40.0,4,19,3.48,0.087
90,40.0,4,20,3.72,0.093
90,40.0,4,21,4.17,0.104
90,40.0,4,22,3.83,0.096
90,40.0,4,23,4.01,0.1
90,40.0,5,0,4.35,0.109
90,40.0,5,1,4.19,0.105
90,40.0,5,2,4.16,0.104
90,40.0,5,3,4.35,0.109
90,40.0,5,4,4.18,0.104
90,40.0,5,5,4.04,0.101
90,40.0,5,6,3.9,0.098
90,40.0,5,7,2.86,0.072
90,40.0,5,8,1.43,0.036
90,40.0,5,9,1.09,0.027
90,40.0,5,10,1.79,0.045
90,40.0,5,11,1.75,0.044
90,40.0,5,12,1.29,0.032
90,40.0,5,13,2.39,0.06
90,40.0,5,14,3.88,0.097
90,40.0,5,15,4.95,0.124
90,40.0,5,16,7.22,0.18
90,40.0,5,17,8.41,0.21
90,40.0,5,18,9.12,0.228
90,40.0,5,19,10.92,0.273
90,40.0,5,20,11.3,0.283
90,40.0,5,21,11.44,0.286
90,40.0,5,22,10.54,0.263
90,40.0,5,23,10.52,0.263
90,40.0,6,0,10.63,0.266
90,40.0,6,1,10.74,0.268
90,40.0,6,2,10.94,0.273
90,40.0,6,3,10.67,0.267
90,40.0,6,4,10.62,0.265
90,40.0,6,5,11.1,0.277
90,40.0,6,6,10.82,0.27
90,40.0,6,7,10.6,0.265
90,40.0,6,8,10.27,0.257
90,40.0,6,9,9.06,0.226
90,40.0,6,10,7.88,0.197
90,40.0,6,11,6.73,0.168
90,40.0,6,12,6.32,0.158
90,40.0,6,13,7.22,0.18
90,40.0,6,14,8.16,0.204
90,40.0,6,15,9.64,0.241
90,40.0,6,16,9.76,0.244
90,40.0,6,17,10.27,0.257
90,40.0,6,18,10.9,0.272
90,40.0,6,19,11.15,0.279
90,40.0,6,20,12.22,0.306
90,40.0,6,21,12.27,0.307
90,40.0,6,22,12.08,0.302
90,40.0,6,23,12.45,0.311
91,30.0,0,0,26.36,0.879
91,30.0,0,1,26.41,0.88
91,30.0,0,2,26.48,0.883
91,30.0,0,3,26.35,0.878
91,30.0,0,4,26.28,0.876
91,30.0,0,5,24.7,0.823
91,30.0,0,6,16.21,0.54
91,30.0,0,7,9.98,0.333
91,30.0,0,8,7.92,0.264
91,30.0,0,9,7.18,0.239
91,30.0,0,10,8.59,0.286
91,30.0,0,11,9.11,0.304
91,30.0,0,12,8.94,0.298
91,30.0,0,13,9.53,0.318
91,30.0,0,14,10.48,0.349
91,30.0,0,15,14.37,0.479
91,30.0,0,16,18.88,0.629
91,30.0,0,17,23.71,0.79
91,30.0,0,18,25.65,0.855
91,30.0,0,19,25.92,0.864
91,30.0,0,20,25.25,0.842
91,30.0,0,21,24.38,0.813
91,30.0,0,22,25.0,0.833
91,30.0,0,23,25.84,0.861
91,30.0,1,0,25.51,0.85
91,30.0,1,1,25.69,0.856
91,30.0,1,2,25.71,0.857
91,30.0,1,3,25.8,0.86
91,30.0,1,4,25.08,0.836
91,30.0,1,5,21.13,0.704
91,30.0,1,6,17.68,0.589
91,30.0,1,7,11.57,0.386
91,30.0,1,8,9.91,0.33
91,30.0,1,9,11.0,0.367
91,30.0,1,10,11.77,0.392
91,30.0,1,11,10.79,0.36
91,30.0,1,12,11.92,0.397
91,30.0,1,13,13.12,0.437
91,30.0,1,14,13.71,0.457
91,30.0,1,15,16.79,0.56
91,30.0,1,16,19.2,0.64
91,30.0,1,17,25.66,0.855
91,30.0,1,18,27.86,0.929
91,30.0,1,19,24.97,0.832
91,30.0,1,20,23.24,0.775
91,30.0,1,21,23.38,0.779
91,30.0,1,22,24.24,0.808
91,30.0,1,23,25.2,0.84
91,30.0,2,0,25.27,0.842
91,30.0,2,1,25.1,0.837
91,30.0,2,2,25.22,0.841
91,30.0,2,3,25.14,0.838
91,30.0,2,4,24.18,0.806
91,30.0,2,5,20.86,0.695
91,30.0,2,6,17.35,0.578
91,30.0,2,7,9.89,0.33
91,30.0,2,8,8.8,0.293
91,30.0,2,9,7.86,0.262
91,30.0,2,10,8.16,0.272
91,30.0,2,11,7.31,0.244
91,30.0,2,12,7.09,0.236
91,30.0,2,13,7.93,0.264
91,30.0,2,14,10.02,0.334
91,30.0,2,15,12.22,0.407
91,30.0,2,16,15.46,0.515
91,30.0,2,17,24.42,0.814
91,30.0,2,18,27.17,0.906
91,30.0,2,19,27.16,0.905
91,30.0,2,20,27.61,0.92
91,30.0,2,21,25.88,0.863
91,30.0,2,22,26.31,0.877
91,30.0,2,23,26.59,0.886
91,30.0,3,0,26.6,0.887
91,30.0,3,1,26.6,0.887
91,30.0,3,2,26.76,0.892
91,30.0,3,3,26.67,0.889
91,30.0,3,4,22.92,0.764
91,30.0,3,5,16.06,0.535
91,30.0,3,6,12.4,0.413
91,30.0,3,7,7.4,0.247
91,30.0,3,8,6.33,0.211
91,30.0,3,9,6.28,0.209
91,30.0,3,10,6.19,0.206
91,30.0,3,11,4.87,0.162
91,30.0,3,12,5.23,0.174
91,30.0,3,13,7.77,0.259
91,30.0,3,14,8.74,0.291
91,30.0,3,15,10.42,0.347
91,30.0,3,16,11.04,0.368
91,30.0,3,17,12.37,0.412
91,30.0,3,18,15.49,0.516
91,30.0,3,19,16.45,0.548
91,30.0,3,20,16.38,0.546
91,30.0,3,21,16.67,0.556
91,30.0,3,22,16.92,0.564
91,30.0,3,23,17.92,0.597
91,30.0,4,0,18.21,0.607
91,30.0,4,1,18.18,0.606
91,30.0,4,2,17.98,0.599
91,30.0,4,3,18.47,0.616
91,30.0,4,4,17.14,0.571
91,30.0,4,5,13.64,0.455
91,30.0,4,6,11.7,0.39
91,30.0,4,7,9.78,0.326
91,30.0,4,8,8.2,0.273
91,30.0,4,9,6.63,0.221
91,30.0,4,10,6.89,0.23
91,30.0,4,11,6.46,0.215
91,30.0,4,12,6.68,0.223
91,30.0,4,13,9.0,0.3
91,30.0,4,14,10.05,0.335
91,30.0,4,15,12.54,0.418
91,30.0,4,16,16.21,0.54
91,30.0,4,17,20.37,0.679
91,30.0,4,18,23.31,0.777
91,30.0,4,19,23.9,0.797
91,30.0,4,20,22.84,0.761
91,30.0,4,21,21.24,0.708
91,30.0,4,22,21.63,0.721
91,30.0,4,23,23.57,0.786
91,30.0,5,0,23.85,0.795
91,30.0,5,1,23.91,0.797
91,30.0,5,2,23.78,0.793
91,30.0,5,3,23.97,0.799
91,30.0,5,4,23.88,0.796
91,30.0,5,5,23.63,0.788
91,30.0,5,6,23.96,0.799
91,30.0,5,7,23.3,0.777
91,30.0,5,8,22.44,0.748
91,30.0,5,9,22.23,0.741
91,30.0,5,10,23.7,0.79
91,30.0,5,11,22.54,0.751
91,30.0,5,12,20.73,0.691
91,30.0,5,13,18.75,0.625
91,30.0,5,14,18.3,0.61
91,30.0,5,15,19.94,0.665
91,30.0,5,16,20.52,0.684
91,30.0,5,17,22.76,0.759
91,30.0,5,18,22.83,0.761
91,30.0,5,19,22.32,0.744
91,30.0,5,20,22.1,0.737
91,30.0,5,21,20.28,0.676
91,30.0,5,22,22.04,0.735
91,30.0,5,23,24.41,0.814
91,30.0,6,0,24.85,0.828
91,30.0,6,1,24.66,0.822
91,30.0,6,2,24.61,0.82
91,30.0,6,3,24.55,0.818
91,30.0,6,4,24.75,0.825
91,30.0,6,5,24.55,0.818
91,30.0,6,6,23.95,0.798
91,30.0,6,7,23.6,0.787
91,30.0,6,8,24.17,0.806
91,30.0,6,9,24.0,0.8
91,30.0,6,10,24.39,0.813
91,30.0,6,11,25.34,0.845
91,30.0,6,12,24.44,0.815
91,30.0,6,13,23.89,0.796
91,30.0,6,14,23.33,0.778
91,30.0,6,15,22.31,0.744
91,30.0,6,16,22.04,0.735
91,30.0,6,17,22.31,0.744
91,30.0,6,18,23.33,0.778
91,30.0,6,19,24.07,0.802
91,30.0,6,20,24.4,0.813
91,30.0,6,21,25.58,0.853
91,30.0,6,22,25.94,0.865
91,30.0,6,23,26.49,0.883
92,40.0,0,0,30.74,0.768
92,40.0,0,1,30.98,0.774
92,40.0,0,2,30.47,0.762
92,40.0,0,3,30.43,0.761
92,40.0,0,4,30.39,0.76
92,40.0,0,5,30.74,0.768
92,40.0,0,6,32.21,0.805
92,40.0,0,7,23.27,0.582
92,40.0,0,8,16.26,0.406
92,40.0,0,9,15.04,0.376
92,40.0,0,10,13.56,0.339
92,40.0,0,11,11.0,0.275
92,40.0,0,12,8.68,0.217
92,40.0,0,13,9.12,0.228
92,40.0,0,14,9.48,0.237
92,40.0,0,15,13.12,0.328
92,40.0,0,16,24.61,0.615
92,40.0,0,17,31.79,0.795
92,40.0,0,18,33.57,0.839
92,40.0,0,19,34.7,0.868
92,40.0,0,20,34.83,0.871
92,40.0,0,21,35.44,0.886
92,40.0,0,22,35.73,0.893
92,40.0,0,23,36.65,0.916
92,40.0,1,0,36.6,0.915
92,40.0,1,1,36.59,0.915
92,40.0,1,2,36.7,0.918
92,40.0,1,3,36.7,0.918
92,40.0,1,4,36.68,0.917
92,40.0,1,5,36.55,0.914
92,40.0,1,6,33.69,0.842
92,40.0,1,7,12.4,0.31
92,40.0,1,8,1.23,0.031
92,40.0,1,9,2.75,0.069
92,40.0,1,10,1.95,0.049
92,40.0,1,11,1.37,0.034
92,40.0,1,12,1.78,0.044
92,40.0,1,13,1.55,0.039
92,40.0,1,14,2.13,0.053
92,40.0,1,15,10.15,0.254
92,40.0,1,16,31.59,0.79
92,40.0,1,17,38.15,0.954
92,40.0,1,18,38.34,0.959
92,40.0,1,19,38.76,0.969
92,40.0,1,20,39.6,0.99
92,40.0,1,21,39.77,0.994
92,40.0,1,22,39.77,0.994
92,40.0,1,23,39.61,0.99
92,40.0,2,0,39.69,0.992
92,40.0,2,1,39.66,0.991
92,40.0,2,2,39.67,0.992
92,40.0,2,3,39.66,0.991
92,40.0,2,4,39.68,0.992
92,40.0,2,5,39.7,0.992
92,40.0,2,6,37.88,0.947
92,40.0,2,7,20.15,0.504
92,40.0,2,8,5.47,0.137
92,40.0,2,9,5.58,0.14
92,40.0,2,10,6.05,0.151
92,40.0,2,11,5.3,0.132
92,40.0,2,12,4.02,0.1
92,40.0,2,13,4.03,0.101
92,40.0,2,14,5.02,0.126
92,40.0,2,15,14.25,0.356
92,40.0,2,16,34.52,0.863
92,40.0,2,17,39.15,0.979
92,40.0,2,18,39.13,0.978
92,40.0,2,19,39.42,0.986
92,40.0,2,20,39.62,0.99
92,40.0,2,21,39.89,0.997
92,40.0,2,22,39.99,1.0
92,40.0,2,23,39.99,1.0
92,40.0,3,0,40.0,1.0
92,40.0,3,1,40.0,1.0
92,40.0,3,2,39.99,1.0
92,40.0,3,3,40.0,1.0
92,40.0,3,4,40.0,1.0
92,40.0,3,5,39.75,0.994
92,40.0,3,6,37.48,0.937
92,40.0,3,7,24.34,0.608
92,40.0,3,8,10.31,0.258
92,40.0,3,9,7.83,0.196
92,40.0,3,10,7.44,0.186
92,40.0,3,11,6.51,0.163
92,40.0,3,12,5.58,0.14
92,40.0,3,13,5.58,0.14
92,40.0,3,14,6.84,0.171
92,40.0,3,15,13.92,0.348
92,40.0,3,16,31.43,0.786
92,40.0,3,17,37.74,0.944
92,40.0,3,18,38.54,0.964
92,40.0,3,19,39.06,0.976
92,40.0,3,20,39.1,0.978
92,40.0,3,21,39.08,0.977
92,40.0,3,22,39.25,0.981
92,40.0,3,23,39.58,0.989
92,40.0,4,0,39.64,0.991
92,40.0,4,1,39.68,0.992
92,40.0,4,2,39.66,0.991
92,40.0,4,3,39.64,0.991
92,40.0,4,4,39.77,0.994
92,40.0,4,5,39.25,0.981
92,40.0,4,6,37.54,0.938
92,40.0,4,7,30.63,0.766
92,40.0,4,8,26.41,0.66
92,40.0,4,9,25.79,0.645
92,40.0,4,10,23.37,0.584
92,40.0,4,11,21.39,0.535
92,40.0,4,12,20.68,0.517
92,40.0,4,13,20.87,0.522
92,40.0,4,14,19.43,0.486
92,40.0,4,15,19.94,0.499
92,40.0,4,16,25.26,0.632
92,40.0,4,17,28.73,0.718
92,40.0,4,18,30.4,0.76
92,40.0,4,19,31.83,0.796
92,40.0,4,20,32.01,0.8
92,40.0,4,21,31.95,0.799
92,40.0,4,22,32.5,0.812
92,40.0,4,23,33.17,0.829
92,40.0,5,0,33.34,0.834
92,40.0,5,1,33.64,0.841
92,40.0,5,2,32.96,0.824
92,40.0,5,3,33.1,0.828
92,40.0,5,4,33.88,0.847
92,40.0,5,5,33.23,0.831
92,40.0,5,6,33.35,0.834
92,40.0,5,7,34.24,0.856
92,40.0,5,8,34.51,0.863
92,40.0,5,9,35.13,0.878
92,40.0,5,10,34.38,0.86
92,40.0,5,11,32.97,0.824
92,40.0,5,12,31.95,0.799
92,40.0,5,13,28.72,0.718
92,40.0,5,14,25.95,0.649
92,40.0,5,15,26.77,0.669
92,40.0,5,16,28.91,0.723
92,40.0,5,17,29.74,0.743
92,40.0,5,18,29.85,0.746
92,40.0,5,19,29.51,0.738
92,40.0,5,20,29.48,0.737
92,40.0,5,21,30.71,0.768
92,40.0,5,22,31.36,0.784
92,40.0,5,23,31.06,0.776
92,40.0,6,0,31.36,0.784
92,40.0,6,1,31.4,0.785
92,40.0,6,2,31.26,0.782
92,40.0,6,3,31.36,0.784
92,40.0,6,4,31.37,0.784
92,40.0,6,5,30.9,0.772
92,40.0,6,6,30.22,0.756
92,40.0,6,7,31.06,0.776
92,40.0,6,8,30.46,0.762
92,40.0,6,9,30.48,0.762
92,40.0,6,10,30.56,0.764
92,40.0,6,11,29.55,0.739
92,40.0,6,12,29.28,0.732
92,40.0,6,13,29.2,0.73
92,40.0,6,14,27.09,0.677
92,40.0,6,15,26.96,0.674
92,40.0,6,16,26.62,0.666
92,40.0,6,17,27.46,0.686
92,40.0,6,18,30.07,0.752
92,40.0,6,19,31.22,0.78
92,40.0,6,20,31.4,0.785
92,40.0,6,21,30.99,0.775
92,40.0,6,22,31.2,0.78
92,40.0,6,23,31.07,0.777
93,40.0,0,0,26.79,0.67
93,40.0,0,1,26.9,0.672
93,40.0,0,2,27.14,0.678
93,40.0,0,3,27.3,0.682
93,40.0,0,4,27.29,0.682
93,40.0,0,5,28.7,0.718
93,40.0,0,6,29.96,0.749
93,40.0,0,7,12.87,0.322
93,40.0,0,8,6.74,0.168
93,40.0,0,9,5.88,0.147
93,40.0,0,10,5.88,0.147
93,40.0,0,11,6.07,0.152
93,40.0,0,12,5.86,0.147
93,40.0,0,13,5.78,0.145
93,40.0,0,14,5.93,0.148
93,40.0,0,15,9.4,0.235
93,40.0,0,16,21.69,0.542
93,40.0,0,17,27.64,0.691
93,40.0,0,18,28.79,0.72
93,40.0,0,19,29.69,0.742
93,40.0,0,20,30.1,0.753
93,40.0,0,21,29.56,0.739
93,40.0,0,22,29.42,0.736
93,40.0,0,23,29.82,0.746
93,40.0,1,0,29.55,0.739
93,40.0,1,1,29.91,0.748
93,40.0,1,2,29.97,0.749
93,40.0,1,3,30.01,0.75
93,40.0,1,4,30.05,0.751
93,40.0,1,5,31.6,0.79
93,40.0,1,6,30.09,0.752
93,40.0,1,7,3.81,0.095
93,40.0,1,8,0.28,0.007
93,40.0,1,9,0.03,0.001
93,40.0,1,10,0.05,0.001
93,40.0,1,11,0.15,0.004
93,40.0,1,12,0.18,0.004
93,40.0,1,13,0.09,0.002
93,40.0,1,14,0.44,0.011
93,40.0,1,15,11.58,0.29
93,40.0,1,16,34.95,0.874
93,40.0,1,17,37.75,0.944
93,40.0,1,18,36.97,0.924
93,40.0,1,19,37.18,0.93
93,40.0,1,20,37.96,0.949
93,40.0,1,21,37.99,0.95
93,40.0,1,22,38.0,0.95
93,40.0,1,23,37.66,0.941
93,40.0,2,0,37.54,0.938
93,40.0,2,1,37.67,0.942
93,40.0,2,2,37.8,0.945
93,40.0,2,3,37.94,0.948
93,40.0,2,4,37.75,0.944
93,40.0,2,5,39.0,0.975
93,40.0,2,6,33.13,0.828
93,40.0,2,7,2.96,0.074
93,40.0,2,8,0.15,0.004
93,40.0,2,9,0.08,0.002
93,40.0,2,10,0.02,0.0
93,40.0,2,11,0.03,0.001
93,40.0,2,12,0.01,0.0
93,40.0,2,13,0.01,0.0
93,40.0,2,14,1.35,0.034
93,40.0,2,15,12.5,0.312
93,40.0,2,16,35.9,0.898
93,40.0,2,17,37.8,0.945
93,40.0,2,18,36.87,0.922
93,40.0,2,19,37.98,0.949
93,40.0,2,20,38.54,0.964
93,40.0,2,21,39.01,0.975
93,40.0,2,22,39.04,0.976
93,40.0,2,23,39.09,0.977
93,40.0,3,0,39.11,0.978
93,40.0,3,1,39.16,0.979
93,40.0,3,2,39.18,0.98
93,40.0,3,3,39.04,0.976
93,40.0,3,4,39.04,0.976
93,40.0,3,5,38.84,0.971
93,40.0,3,6,34.32,0.858
93,40.0,3,7,8.05,0.201
93,40.0,3,8,0.35,0.009
93,40.0,3,9,0.2,0.005
93,40.0,3,10,0.09,0.002
93,40.0,3,11,0.11,0.003
93,40.0,3,12,0.17,0.004
93,40.0,3,13,0.25,0.006
93,40.0,3,14,1.24,0.031
93,40.0,3,15,7.66,0.192
93,40.0,3,16,28.69,0.717
93,40.0,3,17,36.92,0.923
93,40.0,3,18,37.04,0.926
93,40.0,3,19,37.91,0.948
93,40.0,3,20,38.54,0.964
93,40.0,3,21,38.88,0.972
93,40.0,3,22,39.11,0.978
93,40.0,3,23,39.16,0.979
93,40.0,4,0,38.98,0.974
93,40.0,4,1,38.92,0.973
93,40.0,4,2,39.02,0.976
93,40.0,4,3,39.09,0.977
93,40.0,4,4,39.06,0.976
93,40.0,4,5,38.72,0.968
93,40.0,4,6,36.51,0.913
93,40.0,4,7,22.53,0.563
93,40.0,4,8,14.68,0.367
93,40.0,4,9,12.83,0.321
93,40.0,4,10,12.68,0.317
93,40.0,4,11,12.17,0.304
93,40.0,4,12,12.74,0.318
93,40.0,4,13,13.13,0.328
93,40.0,4,14,15.17,0.379
93,40.0,4,15,15.52,0.388
93,40.0,4,16,19.47,0.487
93,40.0,4,17,23.25,0.581
93,40.0,4,18,24.84,0.621
93,40.0,4,19,24.78,0.62
93,40.0,4,20,25.46,0.637
93,40.0,4,21,25.37,0.634
93,40.0,4,22,25.57,0.639
93,40.0,4,23,25.04,0.626
93,40.0,5,0,24.84,0.621
93,40.0,5,1,25.18,0.63
93,40.0,5,2,25.08,0.627
93,40.0,5,3,25.12,0.628
93,40.0,5,4,25.13,0.628
93,40.0,5,5,25.14,0.629
93,40.0,5,6,25.64,0.641
93,40.0,5,7,25.08,0.627
93,40.0,5,8,25.4,0.635
93,40.0,5,9,24.85,0.621
93,40.0,5,10,25.55,0.639
93,40.0,5,11,25.65,0.641
93,40.0,5,12,25.96,0.649
93,40.0,5,13,25.67,0.642
93,40.0,5,14,25.35,0.634
93,40.0,5,15,25.88,0.647
93,40.0,5,16,25.78,0.645
93,40.0,5,17,25.87,0.647
93,40.0,5,18,25.63,0.641
93,40.0,5,19,25.57,0.639
93,40.0,5,20,25.27,0.632
93,40.0,5,21,25.93,0.648
93,40.0,5,22,25.61,0.64
93,40.0,5,23,26.07,0.652
93,40.0,6,0,25.61,0.64
93,40.0,6,1,25.69,0.642
93,40.0,6,2,26.0,0.65
93,40.0,6,3,25.65,0.641
93,40.0,6,4,25.99,0.65
93,40.0,6,5,26.07,0.652
93,40.0,6,6,26.09,0.652
93,40.0,6,7,26.28,0.657
93,40.0,6,8,25.88,0.647
93,40.0,6,9,26.83,0.671
93,40.0,6,10,28.16,0.704
93,40.0,6,11,28.05,0.701
93,40.0,6,12,27.53,0.688
93,40.0,6,13,27.7,0.692
93,40.0,6,14,27.15,0.679
93,40.0,6,15,27.61,0.69
93,40.0,6,16,27.1,0.678
93,40.0,6,17,27.47,0.687
93,40.0,6,18,27.31,0.683
93,40.0,6,19,27.65,0.691
93,40.0,6,20,26.92,0.673
93,40.0,6,21,26.55,0.664
93,40.0,6,22,26.69,0.667
93,40.0,6,23,26.35,0.659
94,40.0,0,0,19.19,0.48
94,40.0,0,1,18.82,0.471
94,40.0,0,2,19.06,0.476
94,40.0,0,3,18.65,0.466
94,40.0,0,4,18.79,0.47
94,40.0,0,5,19.29,0.482
94,40.0,0,6,19.28,0.482
94,40.0,0,7,15.77,0.394
94,40.0,0,8,11.98,0.3
94,40.0,0,9,10.59,0.265
94,40.0,0,10,10.06,0.252
94,40.0,0,11,9.71,0.243
94,40.0,0,12,9.58,0.24
94,40.0,0,13,9.31,0.233
94,40.0,0,14,9.2,0.23
94,40.0,0,15,8.55,0.214
94,40.0,0,16,11.21,0.28
94,40.0,0,17,13.27,0.332
94,40.0,0,18,13.63,0.341
94,40.0,0,19,13.69,0.342
94,40.0,0,20,13.69,0.342
94,40.0,0,21,13.62,0.34
94,40.0,0,22,13.56,0.339
94,40.0,0,23,13.59,0.34
94,40.0,1,0,13.22,0.33
94,40.0,1,1,13.54,0.338
94,40.0,1,2,13.38,0.334
94,40.0,1,3,13.59,0.34
94,40.0,1,4,13.8,0.345
94,40.0,1,5,15.7,0.392
94,40.0,1,6,15.29,0.382
94,40.0,1,7,7.7,0.192
94,40.0,1,8,1.3,0.032
94,40.0,1,9,0.36,0.009
94,40.0,1,10,0.35,0.009
94,40.0,1,11,0.97,0.024
94,40.0,1,12,0.93,0.023
94,40.0,1,13,1.46,0.036
94,40.0,1,14,1.63,0.041
94,40.0,1,15,1.98,0.05
94,40.0,1,16,12.65,0.316
94,40.0,1,17,26.47,0.662
94,40.0,1,18,28.38,0.71
94,40.0,1,19,29.62,0.74
94,40.0,1,20,29.3,0.732
94,40.0,1,21,30.07,0.752
94,40.0,1,22,30.05,0.751
94,40.0,1,23,30.05,0.751
94,40.0,2,0,27.8,0.695
94,40.0,2,1,27.83,0.696
94,40.0,2,2,27.74,0.694
94,40.0,2,3,27.55,0.689
94,40.0,2,4,28.18,0.704
94,40.0,2,5,30.77,0.769
94,40.0,2,6,33.46,0.836
94,40.0,2,7,26.01,0.65
94,40.0,2,8,7.5,0.188
94,40.0,2,9,4.55,0.114
94,40.0,2,10,4.3,0.108
94,40.0,2,11,4.45,0.111
94,40.0,2,12,4.32,0.108
94,40.0,2,13,4.28,0.107
94,40.0,2,14,5.03,0.126
94,40.0,2,15,5.74,0.144
94,40.0,2,16,20.44,0.511
94,40.0,2,17,34.66,0.866
94,40.0,2,18,36.99,0.925
94,40.0,2,19,37.66,0.941
94,40.0,2,20,37.86,0.946
94,40.0,2,21,38.0,0.95
94,40.0,2,22,38.38,0.96
94,40.0,2,23,38.75,0.969
94,40.0,3,0,38.4,0.96
94,40.0,3,1,38.44,0.961
94,40.0,3,2,38.5,0.962
94,40.0,3,3,38.57,0.964
94,40.0,3,4,38.22,0.956
94,40.0,3,5,38.7,0.968
94,40.0,3,6,37.64,0.941
94,40.0,3,7,32.39,0.81
94,40.0,3,8,18.32,0.458
94,40.0,3,9,10.4,0.26
94,40.0,3,10,7.29,0.182
94,40.0,3,11,7.15,0.179
94,40.0,3,12,6.17,0.154
94,40.0,3,13,4.95,0.124
94,40.0,3,14,4.52,0.113
94,40.0,3,15,5.18,0.13
94,40.0,3,16,10.3,0.258
94,40.0,3,17,18.27,0.457
94,40.0,3,18,21.06,0.526
94,40.0,3,19,23.75,0.594
94,40.0,3,20,24.98,0.624
94,40.0,3,21,26.24,0.656
94,40.0,3,22,26.56,0.664
94,40.0,3,23,26.71,0.668
94,40.0,4,0,26.86,0.672
94,40.0,4,1,26.78,0.67
94,40.0,4,2,26.53,0.663
94,40.0,4,3,26.64,0.666
94,40.0,4,4,26.71,0.668
94,40.0,4,5,26.6,0.665
94,40.0,4,6,26.65,0.666
94,40.0,4,7,25.65,0.641
94,40.0,4,8,22.3,0.558
94,40.0,4,9,18.06,0.451
94,40.0,4,10,18.76,0.469
94,40.0,4,11,18.5,0.462
94,40.0,4,12,18.4,0.46
94,40.0,4,13,19.25,0.481
94,40.0,4,14,18.65,0.466
94,40.0,4,15,18.11,0.453
94,40.0,4,16,19.29,0.482
94,40.0,4,17,20.2,0.505
94,40.0,4,18,20.88,0.522
94,40.0,4,19,20.71,0.518
94,40.0,4,20,20.8,0.52
94,40.0,4,21,20.49,0.512
94,40.0,4,22,20.55,0.514
94,40.0,4,23,20.43,0.511
94,40.0,5,0,20.56,0.514
94,40.0,5,1,20.42,0.511
94,40.0,5,2,20.39,0.51
94,40.0,5,3,20.63,0.516
94,40.0,5,4,20.6,0.515
94,40.0,5,5,20.68,0.517
94,40.0,5,6,20.34,0.508
94,40.0,5,7,20.16,0.504
94,40.0,5,8,20.19,0.505
94,40.0,5,9,20.28,0.507
94,40.0,5,10,20.18,0.504
94,40.0,5,11,20.24,0.506
94,40.0,5,12,20.21,0.505
94,40.0,5,13,20.26,0.507
94,40.0,5,14,20.33,0.508
94,40.0,5,15,19.86,0.496
94,40.0,5,16,20.18,0.504
94,40.0,5,17,20.37,0.509
94,40.0,5,18,20.32,0.508
94,40.0,5,19,20.38,0.509
94,40.0,5,20,20.39,0.51
94,40.0,5,21,20.45,0.511
94,40.0,5,22,20.42,0.511
94,40.0,5,23,20.46,0.512
94,40.0,6,0,20.13,0.503
94,40.0,6,1,20.32,0.508
94,40.0,6,2,19.99,0.5
94,40.0,6,3,19.93,0.498
94,40.0,6,4,20.4,0.51
94,40.0,6,5,19.97,0.499
94,40.0,6,6,20.59,0.515
94,40.0,6,7,19.95,0.499
94,40.0,6,8,20.13,0.503
94,40.0,6,9,20.2,0.505
94,40.0,6,10,20.13,0.503
94,40.0,6,11,19.92,0.498
94,40.0,6,12,19.97,0.499
94,40.0,6,13,20.07,0.502
94,40.0,6,14,19.82,0.496
94,40.0,6,15,19.39,0.485
94,40.0,6,16,19.58,0.489
94,40.0,6,17,19.8,0.495
94,40.0,6,18,19.82,0.496
94,40.0,6,19,19.59,0.49
94,40.0,6,20,20.0,0.5
94,40.0,6,21,19.56,0.489
94,40.0,6,22,19.24,0.481
94,40.0,6,23,19.53,0.488
95,40.0,0,0,10.03,0.251
95,40.0,0,1,9.78,0.244
95,40.0,0,2,9.71,0.243
95,40.0,0,3,9.88,0.247
95,40.0,0,4,9.44,0.236
95,40.0,0,5,9.42,0.236
95,40.0,0,6,7.69,0.192
95,40.0,0,7,5.43,0.136
95,40.0,0,8,4.57,0.114
95,40.0,0,9,5.66,0.142
95,40.0,0,10,5.54,0.138
95,40.0,0,11,4.76,0.119
95,40.0,0,12,4.5,0.112
95,40.0,0,13,4.14,0.104
95,40.0,0,14,5.84,0.146
95,40.0,0,15,6.77,0.169
95,40.0,0,16,7.63,0.191
95,40.0,0,17,10.28,0.257
95,40.0,0,18,12.94,0.324
95,40.0,0,19,14.66,0.366
95,40.0,0,20,15.27,0.382
95,40.0,0,21,15.44,0.386
95,40.0,0,22,15.88,0.397
95,40.0,0,23,16.17,0.404
95,40.0,1,0,16.11,0.403
95,40.0,1,1,15.94,0.398
95,40.0,1,2,15.67,0.392
95,40.0,1,3,16.01,0.4
95,40.0,1,4,15.43,0.386
95,40.0,1,5,15.93,0.398
95,40.0,1,6,12.82,0.32
95,40.0,1,7,7.47,0.187
95,40.0,1,8,4.61,0.115
95,40.0,1,9,3.75,0.094
95,40.0,1,10,3.5,0.088
95,40.0,1,11,2.97,0.074
95,40.0,1,12,5.17,0.129
95,40.0,1,13,8.99,0.225
95,40.0,1,14,9.95,0.249
95,40.0,1,15,11.94,0.298
95,40.0,1,16,16.03,0.401
95,40.0,1,17,20.98,0.524
95,40.0,1,18,23.32,0.583
95,40.0,1,19,24.49,0.612
95,40.0,1,20,25.13,0.628
95,40.0,1,21,26.34,0.658
95,40.0,1,22,27.64,0.691
95,40.0,1,23,28.13,0.703
95,40.0,2,0,28.06,0.702
95,40.0,2,1,28.32,0.708
95,40.0,2,2,28.2,0.705
95,40.0,2,3,28.36,0.709
95,40.0,2,4,28.12,0.703
95,40.0,2,5,27.89,0.697
95,40.0,2,6,24.32,0.608
95,40.0,2,7,15.81,0.395
95,40.0,2,8,12.21,0.305
95,40.0,2,9,11.65,0.291
95,40.0,2,10,11.23,0.281
95,40.0,2,11,11.82,0.296
95,40.0,2,12,9.4,0.235
95,40.0,2,13,9.59,0.24
95,40.0,2,14,9.83,0.246
95,40.0,2,15,12.45,0.311
95,40.0,2,16,15.57,0.389
95,40.0,2,17,18.93,0.473
95,40.0,2,18,23.09,0.577
95,40.0,2,19,24.95,0.624
95,40.0,2,20,26.12,0.653
95,40.0,2,21,27.79,0.695
95,40.0,2,22,28.93,0.723
95,40.0,2,23,29.44,0.736
95,40.0,3,0,29.4,0.735
95,40.0,3,1,29.59,0.74
95,40.0,3,2,29.33,0.733
95,40.0,3,3,29.49,0.737
95,40.0,3,4,29.41,0.735
95,40.0,3,5,29.19,0.73
95,40.0,3,6,25.47,0.637
95,40.0,3,7,17.17,0.429
95,40.0,3,8,14.37,0.359
95,40.0,3,9,13.13,0.328
95,40.0,3,10,13.02,0.326
95,40.0,3,11,12.05,0.301
95,40.0,3,12,9.78,0.244
95,40.0,3,13,10.42,0.26
95,40.0,3,14,11.1,0.277
95,40.0,3,15,13.02,0.326
95,40.0,3,16,16.09,0.402
95,40.0,3,17,20.13,0.503
95,40.0,3,18,22.58,0.564
95,40.0,3,19,22.81,0.57
95,40.0,3,20,23.78,0.594
95,40.0,3,21,25.1,0.628
95,40.0,3,22,26.41,0.66
95,40.0,3,23,26.65,0.666
95,40.0,4,0,26.41,0.66
95,40.0,4,1,26.78,0.67
95,40.0,4,2,26.71,0.668
95,40.0,4,3,26.62,0.666
95,40.0,4,4,26.49,0.662
95,40.0,4,5,25.65,0.641
95,40.0,4,6,22.26,0.556
95,40.0,4,7,16.19,0.405
95,40.0,4,8,14.07,0.352
95,40.0,4,9,13.69,0.342
95,40.0,4,10,13.39,0.335
95,40.0,4,11,11.76,0.294
95,40.0,4,12,11.38,0.285
95,40.0,4,13,11.1,0.277
95,40.0,4,14,11.35,0.284
95,40.0,4,15,13.56,0.339
95,40.0,4,16,14.26,0.356
95,40.0,4,17,15.81,0.395
95,40.0,4,18,15.69,0.392
95,40.0,4,19,14.65,0.366
95,40.0,4,20,15.14,0.378
95,40.0,4,21,15.2,0.38
95,40.0,4,22,17.06,0.426
95,40.0,4,23,16.93,0.423
95,40.0,5,0,17.11,0.428
95,40.0,5,1,17.64,0.441
95,40.0,5,2,17.23,0.431
95,40.0,5,3,17.22,0.43
95,40.0,5,4,17.86,0.446
95,40.0,5,5,17.21,0.43
95,40.0,5,6,17.78,0.444
95,40.0,5,7,15.86,0.396
95,40.0,5,8,15.79,0.395
95,40.0,5,9,14.27,0.357
95,40.0,5,10,13.36,0.334
95,40.0,5,11,12.3,0.308
95,40.0,5,12,9.7,0.242
95,40.0,5,13,8.18,0.204
95,40.0,5,14,8.77,0.219
95,40.0,5,15,8.89,0.222
95,40.0,5,16,8.07,0.202
95,40.0,5,17,8.16,0.204
95,40.0,5,18,8.67,0.217
95,40.0,5,19,8.13,0.203
95,40.0,5,20,7.62,0.19
95,40.0,5,21,8.04,0.201
95,40.0,5,22,9.09,0.227
95,40.0,5,23,8.96,0.224
95,40.0,6,0,9.01,0.225
95,40.0,6,1,9.03,0.226
95,40.0,6,2,9.31,0.233
95,40.0,6,3,9.1,0.227
95,40.0,6,4,9.32,0.233
95,40.0,6,5,9.03,0.226
95,40.0,6,6,8.82,0.22
95,40.0,6,7,9.07,0.227
95,40.0,6,8,8.37,0.209
95,40.0,6,9,8.31,0.208
95,40.0,6,10,8.84,0.221
95,40.0,6,11,8.45,0.211
95,40.0,6,12,6.68,0.167
95,40.0,6,13,6.51,0.163
95,40.0,6,14,6.17,0.154
95,40.0,6,15,6.28,0.157
95,40.0,6,16,7.82,0.196
95,40.0,6,17,8.28,0.207
95,40.0,6,18,8.75,0.219
95,40.0,6,19,8.52,0.213
95,40.0,6,20,9.36,0.234
95,40.0,6,21,10.09,0.252
95,40.0,6,22,10.63,0.266
95,40.0,6,23,10.45,0.261
96,30.0,0,0,6.3,0.21
96,30.0,0,1,6.26,0.209
96,30.0,0,2,6.31,0.21
96,30.0,0,3,6.36,0.212
96,30.0,0,4,6.3,0.21
96,30.0,0,5,5.98,0.199
96,30.0,0,6,5.59,0.186
96,30.0,0,7,3.78,0.126
96,30.0,0,8,2.82,0.094
96,30.0,0,9,5.3,0.177
96,30.0,0,10,4.99,0.166
96,30.0,0,11,6.47,0.216
96,30.0,0,12,6.45,0.215
96,30.0,0,13,6.73,0.224
96,30.0,0,14,6.74,0.225
96,30.0,0,15,7.79,0.26
96,30.0,0,16,8.49,0.283
96,30.0,0,17,9.19,0.306
96,30.0,0,18,9.36,0.312
96,30.0,0,19,9.26,0.309
96,30.0,0,20,9.44,0.315
96,30.0,0,21,9.97,0.332
96,30.0,0,22,9.94,0.331
96,30.0,0,23,9.64,0.321
96,30.0,1,0,9.78,0.326
96,30.0,1,1,9.57,0.319
96,30.0,1,2,9.85,0.328
96,30.0,1,3,9.55,0.318
96,30.0,1,4,9.82,0.327
96,30.0,1,5,9.55,0.318
96,30.0,1,6,8.65,0.288
96,30.0,1,7,5.36,0.179
96,30.0,1,8,3.39,0.113
96,30.0,1,9,2.56,0.085
96,30.0,1,10,2.47,0.082
96,30.0,1,11,2.89,0.096
96,30.0,1,12,4.15,0.138
96,30.0,1,13,4.41,0.147
96,30.0,1,14,3.9,0.13
96,30.0,1,15,4.17,0.139
96,30.0,1,16,5.37,0.179
96,30.0,1,17,7.55,0.252
96,30.0,1,18,7.89,0.263
96,30.0,1,19,7.83,0.261
96,30.0,1,20,8.26,0.275
96,30.0,1,21,8.61,0.287
96,30.0,1,22,8.51,0.284
96,30.0,1,23,8.79,0.293
96,30.0,2,0,10.58,0.353
96,30.0,2,1,10.39,0.346
96,30.0,2,2,10.53,0.351
96,30.0,2,3,10.6,0.353
96,30.0,2,4,10.68,0.356
96,30.0,2,5,10.54,0.351
96,30.0,2,6,10.15,0.338
96,30.0,2,7,7.66,0.255
96,30.0,2,8,5.31,0.177
96,30.0,2,9,6.56,0.219
96,30.0,2,10,7.67,0.256
96,30.0,2,11,7.2,0.24
96,30.0,2,12,7.84,0.261
96,30.0,2,13,7.67,0.256
96,30.0,2,14,7.67,0.256
96,30.0,2,15,7.71,0.257
96,30.0,2,16,8.23,0.274
96,30.0,2,17,10.67,0.356
96,30.0,2,18,11.53,0.384
96,30.0,2,19,12.8,0.427
96,30.0,2,20,14.0,0.467
96,30.0,2,21,14.19,0.473
96,30.0,2,22,14.46,0.482
96,30.0,2,23,14.63,0.488
96,30.0,3,0,14.85,0.495
96,30.0,3,1,14.57,0.486
96,30.0,3,2,14.66,0.489
96,30.0,3,3,14.53,0.484
96,30.0,3,4,14.52,0.484
96,30.0,3,5,14.7,0.49
96,30.0,3,6,15.22,0.507
96,30.0,3,7,12.6,0.42
96,30.0,3,8,9.51,0.317
96,30.0,3,9,8.12,0.271
96,30.0,3,10,8.37,0.279
96,30.0,3,11,9.44,0.315
96,30.0,3,12,9.76,0.325
96,30.0,3,13,9.8,0.327
96,30.0,3,14,8.97,0.299
96,30.0,3,15,9.23,0.308
96,30.0,3,16,10.01,0.334
96,30.0,3,17,11.16,0.372
96,30.0,3,18,11.8,0.393
96,30.0,3,19,12.84,0.428
96,30.0,3,20,13.26,0.442
96,30.0,3,21,13.88,0.463
96,30.0,3,22,14.01,0.467
96,30.0,3,23,14.67,0.489
96,30.0,4,0,14.73,0.491
96,30.0,4,1,14.82,0.494
96,30.0,4,2,14.81,0.494
96,30.0,4,3,14.74,0.491
96,30.0,4,4,14.66,0.489
96,30.0,4,5,14.38,0.479
96,30.0,4,6,13.81,0.46
96,30.0,4,7,12.33,0.411
96,30.0,4,8,10.3,0.343
96,30.0,4,9,9.87,0.329
96,30.0,4,10,9.0,0.3
96,30.0,4,11,8.98,0.299
96,30.0,4,12,8.56,0.285
96,30.0,4,13,8.38,0.279
96,30.0,4,14,8.44,0.281
96,30.0,4,15,8.15,0.272
96,30.0,4,16,8.69,0.29
96,30.0,4,17,9.15,0.305
96,30.0,4,18,9.31,0.31
96,30.0,4,19,9.25,0.308
96,30.0,4,20,9.58,0.319
96,30.0,4,21,9.82,0.327
96,30.0,4,22,10.5,0.35
96,30.0,4,23,10.97,0.366
96,30.0,5,0,11.09,0.37
96,30.0,5,1,11.2,0.373
96,30.0,5,2,11.32,0.377
96,30.0,5,3,11.27,0.376
96,30.0,5,4,11.24,0.375
96,30.0,5,5,11.02,0.367
96,30.0,5,6,10.89,0.363
96,30.0,5,7,10.82,0.361
96,30.0,5,8,10.58,0.353
96,30.0,5,9,9.37,0.312
96,30.0,5,10,8.27,0.276
96,30.0,5,11,7.93,0.264
96,30.0,5,12,7.55,0.252
96,30.0,5,13,7.51,0.25
96,30.0,5,14,6.65,0.222
96,30.0,5,15,6.04,0.201
96,30.0,5,16,6.17,0.206
96,30.0,5,17,6.34,0.211
96,30.0,5,18,6.32,0.211
96,30.0,5,19,6.29,0.21
96,30.0,5,20,6.19,0.206
96,30.0,5,21,6.5,0.217
96,30.0,5,22,6.18,0.206
96,30.0,5,23,6.54,0.218
96,30.0,6,0,6.72,0.224
96,30.0,6,1,6.57,0.219
96,30.0,6,2,6.46,0.215
96,30.0,6,3,6.6,0.22
96,30.0,6,4,6.29,0.21
96,30.0,6,5,6.53,0.218
96,30.0,6,6,6.17,0.206
96,30.0,6,7,6.1,0.203
96,30.0,6,8,5.94,0.198
96,30.0,6,9,5.88,0.196
96,30.0,6,10,5.25,0.175
96,30.0,6,11,5.07,0.169
96,30.0,6,12,4.84,0.161
96,30.0,6,13,4.79,0.16
96,30.0,6,14,5.17,0.172
96,30.0,6,15,5.64,0.188
96,30.0,6,16,4.5,0.15
96,30.0,6,17,4.42,0.147
96,30.0,6,18,4.75,0.158
96,30.0,6,19,4.74,0.158
96,30.0,6,20,5.43,0.181
96,30.0,6,21,5.89,0.196
96,30.0,6,22,6.01,0.2
96,30.0,6,23,5.91,0.197
97,40.0,0,0,12.16,0.304
97,40.0,0,1,12.63,0.316
97,40.0,0,2,12.39,0.31
97,40.0,0,3,12.13,0.303
97,40.0,0,4,12.22,0.306
97,40.0,0,5,14.16,0.354
97,40.0,0,6,12.11,0.303
97,40.0,0,7,9.53,0.238
97,40.0,0,8,8.88,0.222
97,40.0,0,9,8.53,0.213
97,40.0,0,10,8.19,0.205
97,40.0,0,11,7.85,0.196
97,40.0,0,12,11.31,0.283
97,40.0,0,13,12.71,0.318
97,40.0,0,14,11.08,0.277
97,40.0,0,15,10.67,0.267
97,40.0,0,16,12.6,0.315
97,40.0,0,17,13.38,0.334
97,40.0,0,18,14.66,0.366
97,40.0,0,19,16.31,0.408
97,40.0,0,20,16.71,0.418
97,40.0,0,21,18.18,0.454
97,40.0,0,22,18.27,0.457
97,40.0,0,23,18.51,0.463
97,40.0,1,0,18.34,0.458
97,40.0,1,1,18.7,0.467
97,40.0,1,2,18.45,0.461
97,40.0,1,3,18.69,0.467
97,40.0,1,4,18.28,0.457
97,40.0,1,5,19.82,0.496
97,40.0,1,6,17.15,0.429
97,40.0,1,7,9.78,0.244
97,40.0,1,8,5.02,0.126
97,40.0,1,9,6.6,0.165
97,40.0,1,10,7.24,0.181
97,40.0,1,11,7.35,0.184
97,40.0,1,12,12.45,0.311
97,40.0,1,13,11.97,0.299
97,40.0,1,14,11.85,0.296
97,40.0,1,15,12.98,0.324
97,40.0,1,16,14.35,0.359
97,40.0,1,17,17.64,0.441
97,40.0,1,18,21.75,0.544
97,40.0,1,19,23.33,0.583
97,40.0,1,20,24.06,0.601
97,40.0,1,21,25.32,0.633
97,40.0,1,22,25.8,0.645
97,40.0,1,23,25.91,0.648
97,40.0,2,0,26.16,0.654
97,40.0,2,1,26.28,0.657
97,40.0,2,2,26.67,0.667
97,40.0,2,3,25.89,0.647
97,40.0,2,4,26.01,0.65
97,40.0,2,5,25.86,0.646
97,40.0,2,6,22.7,0.568
97,40.0,2,7,15.72,0.393
97,40.0,2,8,8.88,0.222
97,40.0,2,9,7.53,0.188
97,40.0,2,10,6.98,0.175
97,40.0,2,11,7.96,0.199
97,40.0,2,12,15.85,0.396
97,40.0,2,13,15.49,0.387
97,40.0,2,14,17.99,0.45
97,40.0,2,15,19.15,0.479
97,40.0,2,16,20.8,0.52
97,40.0,2,17,23.09,0.577
97,40.0,2,18,25.06,0.626
97,40.0,2,19,26.14,0.654
97,40.0,2,20,26.93,0.673
97,40.0,2,21,27.67,0.692
97,40.0,2,22,28.89,0.722
97,40.0,2,23,29.03,0.726
97,40.0,3,0,28.73,0.718
97,40.0,3,1,29.2,0.73
97,40.0,3,2,28.89,0.722
97,40.0,3,3,29.04,0.726
97,40.0,3,4,28.86,0.722
97,40.0,3,5,27.19,0.68
97,40.0,3,6,24.18,0.604
97,40.0,3,7,18.57,0.464
97,40.0,3,8,13.72,0.343
97,40.0,3,9,13.3,0.332
97,40.0,3,10,13.66,0.342
97,40.0,3,11,15.62,0.39
97,40.0,3,12,18.31,0.458
97,40.0,3,13,17.6,0.44
97,40.0,3,14,17.55,0.439
97,40.0,3,15,17.43,0.436
97,40.0,3,16,19.41,0.485
97,40.0,3,17,20.41,0.51
97,40.0,3,18,20.87,0.522
97,40.0,3,19,22.61,0.565
97,40.0,3,20,23.23,0.581
97,40.0,3,21,24.51,0.613
97,40.0,3,22,25.94,0.649
97,40.0,3,23,26.06,0.652
97,40.0,4,0,25.93,0.648
97,40.0,4,1,25.83,0.646
97,40.0,4,2,26.16,0.654
97,40.0,4,3,26.31,0.658
97,40.0,4,4,25.69,0.642
97,40.0,4,5,24.17,0.604
97,40.0,4,6,21.49,0.537
97,40.0,4,7,20.47,0.512
97,40.0,4,8,16.76,0.419
97,40.0,4,9,15.81,0.395
97,40.0,4,10,14.37,0.359
97,40.0,4,11,14.86,0.372
97,40.0,4,12,17.99,0.45
97,40.0,4,13,16.81,0.42
97,40.0,4,14,17.03,0.426
97,40.0,4,15,18.42,0.46
97,40.0,4,16,17.63,0.441
97,40.0,4,17,15.83,0.396
97,40.0,4,18,16.9,0.422
97,40.0,4,19,16.34,0.408
97,40.0,4,20,16.89,0.422
97,40.0,4,21,16.82,0.42
97,40.0,4,22,17.96,0.449
97,40.0,4,23,18.03,0.451
97,40.0,5,0,18.21,0.455
97,40.0,5,1,18.29,0.457
97,40.0,5,2,18.36,0.459
97,40.0,5,3,18.24,0.456
97,40.0,5,4,18.04,0.451
97,40.0,5,5,18.05,0.451
97,40.0,5,6,17.29,0.432
97,40.0,5,7,17.2,0.43
97,40.0,5,8,18.25,0.456
97,40.0,5,9,15.6,0.39
97,40.0,5,10,14.09,0.352
97,40.0,5,11,12.43,0.311
97,40.0,5,12,12.03,0.301
97,40.0,5,13,13.03,0.326
97,40.0,5,14,13.31,0.333
97,40.0,5,15,13.64,0.341
97,40.0,5,16,13.65,0.341
97,40.0,5,17,13.03,0.326
97,40.0,5,18,13.91,0.348
97,40.0,5,19,14.0,0.35
97,40.0,5,20,13.73,0.343
97,40.0,5,21,14.94,0.374
97,40.0,5,22,14.59,0.365
97,40.0,5,23,15.09,0.377
97,40.0,6,0,15.29,0.382
97,40.0,6,1,15.3,0.382
97,40.0,6,2,15.33,0.383
97,40.0,6,3,15.1,0.378
97,40.0,6,4,15.15,0.379
97,40.0,6,5,14.74,0.368
97,40.0,6,6,13.91,0.348
97,40.0,6,7,13.6,0.34
97,40.0,6,8,12.17,0.304
97,40.0,6,9,11.85,0.296
97,40.0,6,10,10.9,0.272
97,40.0,6,11,10.62,0.265
97,40.0,6,12,10.92,0.273
97,40.0,6,13,11.3,0.283
97,40.0,6,14,10.46,0.262
97,40.0,6,15,9.82,0.246
97,40.0,6,16,9.91,0.248
97,40.0,6,17,9.44,0.236
97,40.0,6,18,9.37,0.234
97,40.0,6,19,9.58,0.24
97,40.0,6,20,9.6,0.24
97,40.0,6,21,10.23,0.256
97,40.0,6,22,11.22,0.28
97,40.0,6,23,11.46,0.287
98,40.0,0,0,26.52,0.663
98,40.0,0,1,26.25,0.656
98,40.0,0,2,26.34,0.658
98,40.0,0,3,26.24,0.656
98,40.0,0,4,26.23,0.656
98,40.0,0,5,26.91,0.673
98,40.0,0,6,27.75,0.694
98,40.0,0,7,30.26,0.757
98,40.0,0,8,33.14,0.828
98,40.0,0,9,31.91,0.798
98,40.0,0,10,31.58,0.79
98,40.0,0,11,30.85,0.771
98,40.0,0,12,28.77,0.719
98,40.0,0,13,27.68,0.692
98,40.0,0,14,28.05,0.701
98,40.0,0,15,26.76,0.669
98,40.0,0,16,21.26,0.532
98,40.0,0,17,16.38,0.41
98,40.0,0,18,15.7,0.392
98,40.0,0,19,14.0,0.35
98,40.0,0,20,14.5,0.362
98,40.0,0,21,13.91,0.348
98,40.0,0,22,13.36,0.334
98,40.0,0,23,13.07,0.327
98,40.0,1,0,12.75,0.319
98,40.0,1,1,12.33,0.308
98,40.0,1,2,12.5,0.312
98,40.0,1,3,12.78,0.32
98,40.0,1,4,12.4,0.31
98,40.0,1,5,12.5,0.312
98,40.0,1,6,13.4,0.335
98,40.0,1,7,16.95,0.424
98,40.0,1,8,23.39,0.585
98,40.0,1,9,27.96,0.699
98,40.0,1,10,26.94,0.674
98,40.0,1,11,30.01,0.75
98,40.0,1,12,31.95,0.799
98,40.0,1,13,31.39,0.785
98,40.0,1,14,27.97,0.699
98,40.0,1,15,23.16,0.579
98,40.0,1,16,16.12,0.403
98,40.0,1,17,10.72,0.268
98,40.0,1,18,10.62,0.265
98,40.0,1,19,10.34,0.258
98,40.0,1,20,9.16,0.229
98,40.0,1,21,8.04,0.201
98,40.0,1,22,7.86,0.196
98,40.0,1,23,6.99,0.175
98,40.0,2,0,6.35,0.159
98,40.0,2,1,6.45,0.161
98,40.0,2,2,6.49,0.162
98,40.0,2,3,6.37,0.159
98,40.0,2,4,6.22,0.156
98,40.0,2,5,6.36,0.159
98,40.0,2,6,6.15,0.154
98,40.0,2,7,12.3,0.308
98,40.0,2,8,19.14,0.479
98,40.0,2,9,25.39,0.635
98,40.0,2,10,27.65,0.691
98,40.0,2,11,28.78,0.72
98,40.0,2,12,28.3,0.708
98,40.0,2,13,26.39,0.66
98,40.0,2,14,24.53,0.613
98,40.0,2,15,20.54,0.514
98,40.0,2,16,13.7,0.342
98,40.0,2,17,8.58,0.214
98,40.0,2,18,6.84,0.171
98,40.0,2,19,5.1,0.128
98,40.0,2,20,4.2,0.105
98,40.0,2,21,2.5,0.062
98,40.0,2,22,1.72,0.043
98,40.0,2,23,1.12,0.028
98,40.0,3,0,1.11,0.028
98,40.0,3,1,1.09,0.027
98,40.0,3,2,1.24,0.031
98,40.0,3,3,1.18,0.03
98,40.0,3,4,1.22,0.03
98,40.0,3,5,1.28,0.032
98,40.0,3,6,2.1,0.053
98,40.0,3,7,7.04,0.176
98,40.0,3,8,17.01,0.425
98,40.0,3,9,23.31,0.583
98,40.0,3,10,25.08,0.627
98,40.0,3,11,26.76,0.669
98,40.0,3,12,29.49,0.737
98,40.0,3,13,27.41,0.685
98,40.0,3,14,26.59,0.665
98,40.0,3,15,22.99,0.575
98,40.0,3,16,14.88,0.372
98,40.0,3,17,10.93,0.273
98,40.0,3,18,10.53,0.263
98,40.0,3,19,10.39,0.26
98,40.0,3,20,8.83,0.221
98,40.0,3,21,7.99,0.2
98,40.0,3,22,7.97,0.199
98,40.0,3,23,7.09,0.177
98,40.0,4,0,7.06,0.176
98,40.0,4,1,7.29,0.182
98,40.0,4,2,6.96,0.174
98,40.0,4,3,6.98,0.175
98,40.0,4,4,7.02,0.176
98,40.0,4,5,7.51,0.188
98,40.0,4,6,8.17,0.204
98,40.0,4,7,11.85,0.296
98,40.0,4,8,16.52,0.413
98,40.0,4,9,18.58,0.464
98,40.0,4,10,18.27,0.457
98,40.0,4,11,19.56,0.489
98,40.0,4,12,20.48,0.512
98,40.0,4,13,20.85,0.521
98,40.0,4,14,20.09,0.502
98,40.0,4,15,19.04,0.476
98,40.0,4,16,18.25,0.456
98,40.0,4,17,18.28,0.457
98,40.0,4,18,16.56,0.414
98,40.0,4,19,16.63,0.416
98,40.0,4,20,16.31,0.408
98,40.0,4,21,15.95,0.399
98,40.0,4,22,14.23,0.356
98,40.0,4,23,13.22,0.33
98,40.0,5,0,13.04,0.326
98,40.0,5,1,13.04,0.326
98,40.0,5,2,13.17,0.329
98,40.0,5,3,13.18,0.33
98,40.0,5,4,13.11,0.328
98,40.0,5,5,12.65,0.316
98,40.0,5,6,13.07,0.327
98,40.0,5,7,14.14,0.354
98,40.0,5,8,16.26,0.406
98,40.0,5,9,18.46,0.462
98,40.0,5,10,19.98,0.5
98,40.0,5,11,20.3,0.508
98,40.0,5,12,21.32,0.533
98,40.0,5,13,22.9,0.572
98,40.0,5,14,24.43,0.611
98,40.0,5,15,25.07,0.627
98,40.0,5,16,24.22,0.605
98,40.0,5,17,24.39,0.61
98,40.0,5,18,23.45,0.586
98,40.0,5,19,23.91,0.598
98,40.0,5,20,24.63,0.616
98,40.0,5,21,24.98,0.624
98,40.0,5,22,24.31,0.608
98,40.0,5,23,23.2,0.58
98,40.0,6,0,22.55,0.564
98,40.0,6,1,22.81,0.57
98,40.0,6,2,23.16,0.579
98,40.0,6,3,22.24,0.556
98,40.0,6,4,22.3,0.558
98,40.0,6,5,22.5,0.562
98,40.0,6,6,22.28,0.557
98,40.0,6,7,22.41,0.56
98,40.0,6,8,23.32,0.583
98,40.0,6,9,24.1,0.602
98,40.0,6,10,24.89,0.622
98,40.0,6,11,24.93,0.623
98,40.0,6,12,25.47,0.637
98,40.0,6,13,26.14,0.654
98,40.0,6,14,27.92,0.698
98,40.0,6,15,28.78,0.72
98,40.0,6,16,28.32,0.708
98,40.0,6,17,29.0,0.725
98,40.0,6,18,28.97,0.724
98,40.0,6,19,28.94,0.724
98,40.0,6,20,28.96,0.724
98,40.0,6,21,28.96,0.724
98,40.0,6,22,28.24,0.706
98,40.0,6,23,28.57,0.714
99,30.0,0,0,6.67,0.222
99,30.0,0,1,6.89,0.23
99,30.0,0,2,6.61,0.22
99,30.0,0,3,6.67,0.222
99,30.0,0,4,6.76,0.225
99,30.0,0,5,7.38,0.246
99,30.0,0,6,8.03,0.268
99,30.0,0,7,9.77,0.326
99,30.0,0,8,14.0,0.467
99,30.0,0,9,14.91,0.497
99,30.0,0,10,15.63,0.521
99,30.0,0,11,16.08,0.536
99,30.0,0,12,16.51,0.55
99,30.0,0,13,15.86,0.529
99,30.0,0,14,15.19,0.506
99,30.0,0,15,13.65,0.455
99,30.0,0,16,11.67,0.389
99,30.0,0,17,8.47,0.282
99,30.0,0,18,5.93,0.198
99,30.0,0,19,5.48,0.183
99,30.0,0,20,5.07,0.169
99,30.0,0,21,4.88,0.163
99,30.0,0,22,4.24,0.141
99,30.0,0,23,3.92,0.131
99,30.0,1,0,3.87,0.129
99,30.0,1,1,3.96,0.132
99,30.0,1,2,4.29,0.143
99,30.0,1,3,3.84,0.128
99,30.0,1,4,4.17,0.139
99,30.0,1,5,5.47,0.182
99,30.0,1,6,7.13,0.238
99,30.0,1,7,12.78,0.426
99,30.0,1,8,20.21,0.674
99,30.0,1,9,20.62,0.687
99,30.0,1,10,20.48,0.683
99,30.0,1,11,20.52,0.684
99,30.0,1,12,19.7,0.657
99,30.0,1,13,18.84,0.628
99,30.0,1,14,19.43,0.648
99,30.0,1,15,18.99,0.633
99,30.0,1,16,15.85,0.528
99,30.0,1,17,8.56,0.285
99,30.0,1,18,6.79,0.226
99,30.0,1,19,5.67,0.189
99,30.0,1,20,4.82,0.161
99,30.0,1,21,5.02,0.167
99,30.0,1,22,5.11,0.17
99,30.0,1,23,4.81,0.16
99,30.0,2,0,5.76,0.192
99,30.0,2,1,5.48,0.183
99,30.0,2,2,5.51,0.184
99,30.0,2,3,5.5,0.183
99,30.0,2,4,5.43,0.181
99,30.0,2,5,6.45,0.215
99,30.0,2,6,8.07,0.269
99,30.0,2,7,12.11,0.404
99,30.0,2,8,19.36,0.645
99,30.0,2,9,21.21,0.707
99,30.0,2,10,21.51,0.717
99,30.0,2,11,20.84,0.695
99,30.0,2,12,18.12,0.604
99,30.0,2,13,18.55,0.618
99,30.0,2,14,18.27,0.609
99,30.0,2,15,16.67,0.556
99,30.0,2,16,13.18,0.439
99,30.0,2,17,9.86,0.329
99,30.0,2,18,7.5,0.25
99,30.0,2,19,6.14,0.205
99,30.0,2,20,5.69,0.19
99,30.0,2,21,5.27,0.176
99,30.0,2,22,5.03,0.168
99,30.0,2,23,4.96,0.165
99,30.0,3,0,4.79,0.16
99,30.0,3,1,4.87,0.162
99,30.0,3,2,4.91,0.164
99,30.0,3,3,4.7,0.157
99,30.0,3,4,5.14,0.171
99,30.0,3,5,5.28,0.176
99,30.0,3,6,6.88,0.229
99,30.0,3,7,10.37,0.346
99,30.0,3,8,19.7,0.657
99,30.0,3,9,20.79,0.693
99,30.0,3,10,19.39,0.646
99,30.0,3,11,19.51,0.65
99,30.0,3,12,18.06,0.602
99,30.0,3,13,17.35,0.578
99,30.0,3,14,16.7,0.557
99,30.0,3,15,15.93,0.531
99,30.0,3,16,11.64,0.388
99,30.0,3,17,8.78,0.293
99,30.0,3,18,6.77,0.226
99,30.0,3,19,6.16,0.205
99,30.0,3,20,5.99,0.2
99,30.0,3,21,5.86,0.195
99,30.0,3,22,5.55,0.185
99,30.0,3,23,5.51,0.184
99,30.0,4,0,5.73,0.191
99,30.0,4,1,5.84,0.195
99,30.0,4,2,5.69,0.19
99,30.0,4,3,5.58,0.186
99,30.0,4,4,5.67,0.189
99,30.0,4,5,6.47,0.216
99,30.0,4,6,7.46,0.249
99,30.0,4,7,10.15,0.338
99,30.0,4,8,14.45,0.482
99,30.0,4,9,15.55,0.518
99,30.0,4,10,15.89,0.53
99,30.0,4,11,16.93,0.564
99,30.0,4,12,18.05,0.602
99,30.0,4,13,16.93,0.564
99,30.0,4,14,15.75,0.525
99,30.0,4,15,15.3,0.51
99,30.0,4,16,12.45,0.415
99,30.0,4,17,8.92,0.297
99,30.0,4,18,7.02,0.234
99,30.0,4,19,7.19,0.24
99,30.0,4,20,6.96,0.232
99,30.0,4,21,6.96,0.232
99,30.0,4,22,7.6,0.253
99,30.0,4,23,7.56,0.252
99,30.0,5,0,7.75,0.258
99,30.0,5,1,7.73,0.258
99,30.0,5,2,7.44,0.248
99,30.0,5,3,7.32,0.244
99,30.0,5,4,7.29,0.243
99,30.0,5,5,7.02,0.234
99,30.0,5,6,7.5,0.25
99,30.0,5,7,8.4,0.28
99,30.0,5,8,9.44,0.315
99,30.0,5,9,9.46,0.315
99,30.0,5,10,9.54,0.318
99,30.0,5,11,9.0,0.3
99,30.0,5,12,8.12,0.271
99,30.0,5,13,8.79,0.293
99,30.0,5,14,8.58,0.286
99,30.0,5,15,9.44,0.315
99,30.0,5,16,9.68,0.323
99,30.0,5,17,8.72,0.291
99,30.0,5,18,8.15,0.272
99,30.0,5,19,8.02,0.267
99,30.0,5,20,7.61,0.254
99,30.0,5,21,7.26,0.242
99,30.0,5,22,8.31,0.277
99,30.0,5,23,8.21,0.274
99,30.0,6,0,7.91,0.264
99,30.0,6,1,7.76,0.259
99,30.0,6,2,7.9,0.263
99,30.0,6,3,7.89,0.263
99,30.0,6,4,7.88,0.263
99,30.0,6,5,7.94,0.265
99,30.0,6,6,7.93,0.264
99,30.0,6,7,8.55,0.285
99,30.0,6,8,8.73,0.291
99,30.0,6,9,9.42,0.314
99,30.0,6,10,9.98,0.333
99,30.0,6,11,10.4,0.347
99,30.0,6,12,9.4,0.313
99,30.0,6,13,8.84,0.295
99,30.0,6,14,8.54,0.285
99,30.0,6,15,8.3,0.277
99,30.0,6,16,8.12,0.271
99,30.0,6,17,7.76,0.259
99,30.0,6,18,7.18,0.239
99,30.0,6,19,7.69,0.256
99,30.0,6,20,7.89,0.263
99,30.0,6,21,7.62,0.254
99,30.0,6,22,7.4,0.247
99,30.0,6,23,8.37,0.279
